# Derived from Denver Water Design Storm data; Denver Water's data terms apply (see TERMS.md in this folder). Readings are provisional.
DATE,lab_toc,lab_toc_diff1,lab_toc_roll3,lab_toc_roll7,lab_alk,lab_alk_diff1,lab_alk_roll3,lab_alk_roll7,usgs_turb,usgs_turb_diff1,usgs_turb_roll3,usgs_turb_roll7,usgs_cond,usgs_cond_diff1,usgs_cond_roll3,usgs_cond_roll7,usgs_ph,usgs_ph_diff1,usgs_ph_roll3,usgs_ph_roll7,usgs_wtemp,usgs_wtemp_diff1,usgs_wtemp_roll3,usgs_wtemp_roll7,usgs_do,usgs_do_diff1,usgs_do_roll3,usgs_do_roll7,usgs_turb_max,dwr_flow,dwr_flow_delta,dwr_flow_roll7,dwr_gageht,dwr_gageht_roll3,dwr_gageht_roll7,turb_flow,turb_cond,swe,swe_diff1,swe_roll7,noaa_prcp_lag2,noaa_prcp_roll3,noaa_prcp_roll7,noaa_tmax_lag2,noaa_snow_lag2,doy_sin,doy_cos,month_sin,month_cos
2022-04-01,2.64,,,,74.0,,,,1.1,,,,307.0,,,,8.2,,,,7.3,,,,9.9,,,,3.4,194,,,2.25927,,,,,,,,,,,,,0.9999855506507186,0.005375731557583884,1.0,6.123233995736766e-17
2022-04-02,2.65,0.009999999999999787,2.645,,80.0,6.0,77.0,,1.5,0.3999999999999999,1.3,,317.0,10.0,312.0,,8.3,0.10000000000000142,8.25,,7.4,0.10000000000000053,7.35,,9.9,0.0,9.9,,3.0,235,41.0,,2.403958,2.331614,,,412.1,12.7,,,,,,,,0.9999300657962057,-0.011826390691832589,1.0,6.123233995736766e-17
2022-04-03,2.62,-0.029999999999999805,2.6366666666666667,,74.5,-5.5,76.16666666666667,,1.2,-0.30000000000000004,1.2666666666666666,,316.0,-1.0,313.3333333333333,,8.3,0.0,8.266666666666667,,6.3,-1.1000000000000005,7.0,,10.2,0.29999999999999893,10.0,,2.3,240,5.0,,2.421562,2.361596666666667,,,400.26666666666665,12.8,0.10000000000000142,,0.0,,,60.0,0.0,0.9995786855478958,-0.029025013321975237,1.0,6.123233995736766e-17
2022-04-04,2.7,0.08000000000000007,2.6566666666666667,2.6525,74.0,-0.5,76.16666666666667,75.625,1.2,0.0,1.3,1.25,314.0,-2.0,315.6666666666667,313.5,8.3,0.0,8.3,8.275,7.2,0.9000000000000004,6.966666666666666,7.05,10.0,-0.1999999999999993,10.033333333333333,10.0,1.7,240,0.0,227.25,2.420416,2.415312,2.3763015,295.425,408.2,12.8,0.0,,0.0,0.0,,58.0,0.0,0.9989315138848577,-0.046215046983708354,1.0,6.123233995736766e-17
2022-04-05,2.72,0.020000000000000018,2.68,2.666,72.5,-1.5,73.66666666666667,75.0,1.1,-0.09999999999999987,1.1666666666666667,1.22,315.0,1.0,315.0,313.8,8.3,0.0,8.3,8.280000000000001,8.2,0.9999999999999991,7.233333333333333,7.279999999999999,9.7,-0.3000000000000007,9.966666666666667,9.940000000000001,1.8,238,-2.0,229.4,2.41375,2.4185760000000003,2.3837912,267.6333333333334,367.5,13.1,0.29999999999999893,12.85,0.0,0.0,,64.0,0.0,0.9979887423155984,-0.06339140486951038,1.0,6.123233995736766e-17
2022-04-06,2.61,-0.11000000000000032,2.676666666666667,2.6566666666666667,74.0,1.5,73.5,74.83333333333333,1.2,0.09999999999999987,1.1666666666666667,1.2166666666666666,315.0,0.0,314.6666666666667,314.0,8.3,0.0,8.3,8.283333333333333,5.9,-2.299999999999999,7.099999999999999,7.05,10.4,0.7000000000000011,10.033333333333333,10.016666666666667,1.8,233,-5.0,230.0,2.401041,2.4117356666666665,2.3866661666666666,268.33333333333337,367.5,13.1,0.0,12.9,0.0,0.0,0.0,54.0,0.0,0.9967506498213929,-0.08054900421874167,1.0,6.123233995736766e-17
2022-04-07,2.73,0.1200000000000001,2.686666666666667,2.6671428571428573,75.5,1.5,74.0,74.92857142857143,1.3,0.10000000000000009,1.2,1.2285714285714284,323.0,8.0,317.6666666666667,315.2857142857143,8.3,0.0,8.3,8.285714285714286,5.7,-0.20000000000000018,6.6000000000000005,6.857142857142857,10.6,0.1999999999999993,10.233333333333333,10.1,2.9,230,-3.0,230.0,2.395312,2.4033676666666666,2.387901285714286,276.0,387.59999999999997,13.1,0.0,12.933333333333332,0.0,0.0,0.0,67.0,0.0,0.9952176027737294,-0.09768276782171598,1.0,6.123233995736766e-17
2022-04-08,2.64,-0.08999999999999986,2.6599999999999997,2.6671428571428573,76.0,0.5,75.16666666666667,75.21428571428571,1.8,0.5,1.4333333333333333,1.3285714285714287,326.0,3.0,321.3333333333333,318.0,8.3,0.0,8.3,8.3,6.7,1.0,6.1000000000000005,6.771428571428572,10.3,-0.29999999999999893,10.433333333333334,10.157142857142857,2.8,269,39.0,240.71428571428572,2.521666,2.4393396666666667,2.4253864285714286,345.0238095238095,467.26666666666665,13.2,0.09999999999999964,12.971428571428572,0.0,0.0,0.0,62.0,0.0,0.9933900548258936,-0.11478762552212701,1.0,6.123233995736766e-17
2022-04-09,2.61,-0.03000000000000025,2.66,2.661428571428572,75.5,-0.5,75.66666666666667,74.57142857142857,1.6,-0.19999999999999996,1.5666666666666667,1.342857142857143,322.0,-4.0,323.6666666666667,318.7142857142857,8.3,0.0,8.3,8.3,7.4,0.7000000000000002,6.6000000000000005,6.771428571428571,10.0,-0.3000000000000007,10.299999999999999,10.171428571428569,2.2,276,7.0,246.57142857142858,2.542083,2.4863536666666666,2.4451185714285715,386.2952380952381,504.46666666666664,13.2,0.0,13.042857142857143,0.0,0.0,0.0,45.0,0.0,0.9912685467787256,-0.13185851571739118,1.0,6.123233995736766e-17
2022-04-10,2.69,0.08000000000000007,2.6466666666666665,2.6714285714285713,74.0,-1.5,75.16666666666667,74.5,1.5,-0.10000000000000009,1.6333333333333335,1.3857142857142857,319.0,-3.0,322.3333333333333,319.14285714285717,8.3,0.0,8.3,8.3,8.5,1.0999999999999996,7.533333333333334,7.085714285714286,9.7,-0.3000000000000007,10.0,10.1,2.1,278,2.0,252.0,2.550312,2.5380203333333333,2.4635114285714286,411.6,521.0333333333334,13.3,0.10000000000000142,13.114285714285714,0.0,0.0,0.0,50.0,0.0,0.9888537064205885,-0.1488903868564548,1.0,6.123233995736766e-17
2022-04-11,2.71,0.020000000000000018,2.67,2.672857142857143,74.5,0.5,74.66666666666667,74.57142857142857,1.2,-0.30000000000000004,1.4333333333333336,1.3857142857142857,320.0,1.0,320.3333333333333,320.0,8.3,0.0,8.3,8.3,7.8,-0.7000000000000002,7.8999999999999995,7.171428571428571,9.8,0.10000000000000142,9.833333333333334,10.071428571428571,1.7,274,-4.0,256.85714285714283,2.537083,2.543159333333333,2.4801781428571426,368.1619047619048,458.66666666666674,13.3,0.0,13.185714285714285,0.0,0.0,0.0,65.0,0.0,0.986146248341595,-0.16587819893463143,1.0,6.123233995736766e-17
2022-04-12,2.74,0.03000000000000025,2.7133333333333334,2.6757142857142857,77.0,2.5,75.16666666666667,75.21428571428571,1.2,0.0,1.2999999999999998,1.4000000000000001,321.0,1.0,320.0,320.85714285714283,8.3,0.0,8.3,8.3,7.6,-0.20000000000000018,7.966666666666666,7.085714285714286,9.8,0.0,9.766666666666667,10.085714285714285,1.7,270,-4.0,261.42857142857144,2.523125,2.5368399999999998,2.4958031428571426,339.85714285714283,417.29999999999995,13.4,0.09999999999999964,13.228571428571428,0.05,0.016666666666666666,0.0071428571428571435,74.0,0.0,0.9831469737221499,-0.1828169249850199,1.0,6.123233995736766e-17
2022-04-13,2.75,0.009999999999999787,2.733333333333333,2.6957142857142857,76.0,-1.0,75.83333333333333,75.5,1.1,-0.09999999999999987,1.1666666666666667,1.3857142857142857,324.0,3.0,321.6666666666667,322.14285714285717,8.3,0.0,8.3,8.3,4.7,-2.8999999999999995,6.7,6.9142857142857155,10.7,0.8999999999999986,10.1,10.12857142857143,1.4,267,-3.0,266.2857142857143,2.515208,2.5251386666666664,2.5121127142857143,310.6666666666667,378.0,13.4,0.0,13.271428571428572,0.0,0.016666666666666666,0.0071428571428571435,57.0,0.0,0.9798567700958665,-0.1997015525660636,1.0,6.123233995736766e-17
2022-04-14,2.75,0.0,2.7466666666666666,2.698571428571429,77.0,1.0,76.66666666666667,75.71428571428571,1.0,-0.10000000000000009,1.0999999999999999,1.342857142857143,331.0,7.0,325.3333333333333,323.2857142857143,8.3,0.0,8.3,8.3,5.5,0.7999999999999998,5.933333333333333,6.885714285714286,10.6,-0.09999999999999964,10.366666666666667,10.12857142857143,1.4,256,-11.0,270.0,2.480312,2.5062149999999996,2.5242555714285717,296.99999999999994,364.09999999999997,13.5,0.09999999999999964,13.328571428571431,0.0,0.016666666666666666,0.0071428571428571435,67.0,0.0,0.9762766110869321,-0.21652708524481437,1.0,6.123233995736766e-17
2022-04-15,2.76,0.009999999999999787,2.7533333333333334,2.7157142857142853,77.0,0.0,76.66666666666667,75.85714285714286,1.2,0.19999999999999996,1.0999999999999999,1.2571428571428573,326.0,-5.0,327.0,323.2857142857143,8.3,0.0,8.3,8.3,8.1,2.5999999999999996,6.1000000000000005,7.0857142857142845,9.9,-0.6999999999999993,10.4,10.071428571428571,1.6,263,7.0,269.14285714285717,2.504375,2.499965,2.521785428571429,296.0571428571428,358.59999999999997,13.6,0.09999999999999964,13.385714285714286,0.0,0.0,0.0071428571428571435,58.0,0.0,0.9724075561219968,-0.23328854407545518,1.0,6.123233995736766e-17
2022-04-16,2.8,0.040000000000000036,2.7699999999999996,2.742857142857143,78.5,1.5,77.5,76.28571428571429,1.2,0.0,1.1333333333333335,1.2,325.0,-1.0,327.3333333333333,323.7142857142857,8.3,0.0,8.3,8.3,7.9,-0.1999999999999993,7.166666666666667,7.157142857142857,10.0,0.09999999999999964,10.166666666666666,10.071428571428571,1.6,262,-1.0,267.14285714285717,2.501354,2.495347,2.515967,302.7619047619048,368.33333333333337,13.6,0.0,13.442857142857141,0.0,0.0,0.0071428571428571435,39.0,0.0,0.9682507501166718,-0.2499809690726521,1.0,6.123233995736766e-17
2022-04-17,2.82,0.020000000000000018,2.793333333333333,2.761428571428571,78.0,-0.5,77.83333333333333,76.85714285714286,1.1,-0.09999999999999987,1.1666666666666667,1.1428571428571428,327.0,2.0,326.0,324.85714285714283,8.3,0.0,8.3,8.3,9.1,1.1999999999999993,8.366666666666667,7.242857142857142,9.7,-0.3000000000000007,9.866666666666665,10.071428571428571,1.5,260,-2.0,264.57142857142856,2.492812,2.4995136666666666,2.5077527142857146,308.6666666666667,381.5,13.8,0.20000000000000107,13.514285714285716,0.0,0.0,0.0071428571428571435,57.0,0.0,0.9638074231367307,-0.26659942067929354,1.0,6.123233995736766e-17
2022-04-18,2.85,0.03000000000000025,2.823333333333333,2.781428571428571,79.5,1.5,78.66666666666667,77.57142857142857,1.2,0.09999999999999987,1.1666666666666667,1.1428571428571428,326.0,-1.0,326.0,325.7142857142857,8.3,0.0,8.3,8.3,9.3,0.20000000000000107,8.766666666666666,7.457142857142857,9.8,0.10000000000000142,9.833333333333334,10.071428571428571,3.4,273,13.0,264.42857142857144,2.531458,2.5085413333333335,2.5069491428571427,308.50000000000006,380.33333333333337,13.7,-0.10000000000000142,13.571428571428571,0.0,0.0,0.0071428571428571435,68.0,0.0,0.9590788900341131,-0.28313898122818354,1.0,6.123233995736766e-17
2022-04-19,2.84,-0.010000000000000231,2.8366666666666664,2.795714285714286,77.0,-2.5,78.16666666666667,77.57142857142857,2.7,1.5000000000000002,1.6666666666666667,1.3571428571428572,333.0,7.0,328.6666666666667,327.42857142857144,8.3,0.0,8.3,8.3,9.3,0.0,9.233333333333334,7.7,9.6,-0.20000000000000107,9.700000000000001,10.042857142857143,10.8,329,56.0,272.85714285714283,2.692083,2.5721176666666667,2.5310859999999997,454.76190476190476,555.0,13.7,0.0,13.614285714285714,0.0,0.0,0.0,55.0,0.0,0.9540665500578387,-0.2995947563972602,1.0,6.123233995736766e-17
2022-04-20,2.83,-0.009999999999999787,2.84,2.807142857142857,77.5,0.5,78.0,77.78571428571429,4.5,1.7999999999999998,2.8000000000000003,1.842857142857143,332.0,-1.0,330.3333333333333,328.57142857142856,8.3,0.0,8.3,8.3,9.6,0.29999999999999893,9.4,8.4,9.6,0.0,9.666666666666666,9.885714285714286,8.0,392,63.0,290.7142857142857,2.857291,2.693610666666667,2.5799550000000004,814.0000000000001,929.6000000000001,13.6,-0.09999999999999964,13.642857142857142,0.0,0.0,0.0,67.0,0.0,0.9487718864399473,-0.31596187665790293,1.0,6.123233995736766e-17
2022-04-21,2.88,0.04999999999999982,2.85,2.825714285714286,78.5,1.0,77.66666666666667,78.0,3.4,-1.1,3.533333333333333,2.185714285714286,328.0,-4.0,331.0,328.14285714285717,8.3,0.0,8.3,8.3,9.9,0.3000000000000007,9.6,9.028571428571428,9.5,-0.09999999999999964,9.566666666666666,9.728571428571428,4.6,400,8.0,311.2857142857143,2.877291,2.8088883333333334,2.6366662857142855,1099.8761904761905,1158.9333333333334,13.4,-0.1999999999999993,13.628571428571428,0.0,0.0,0.0,59.0,0.0,0.9431964659565866,-0.33223549871590435,1.0,6.123233995736766e-17
2022-04-22,2.95,0.07000000000000028,2.8866666666666667,2.852857142857143,80.0,1.5,78.66666666666667,78.42857142857143,2.8,-0.6000000000000001,3.5666666666666664,2.4142857142857146,319.0,-9.0,326.3333333333333,327.14285714285717,8.3,0.0,8.3,8.3,10.1,0.1999999999999993,9.866666666666667,9.314285714285715,9.4,-0.09999999999999964,9.5,9.657142857142857,3.7,388,-12.0,329.14285714285717,2.845312,2.8599646666666665,2.6853715714285715,1173.942857142857,1137.7666666666667,13.2,-0.20000000000000107,13.571428571428571,0.0,0.0,0.0,79.0,0.0,0.9373419384643772,-0.3484108069446808,1.0,6.123233995736766e-17
2022-04-23,2.96,0.009999999999999787,2.9299999999999997,2.875714285714286,81.5,1.5,80.0,78.85714285714286,10.6,7.8,5.599999999999999,3.7571428571428567,344.0,25.0,330.3333333333333,329.85714285714283,8.2,-0.10000000000000142,8.266666666666667,8.285714285714286,9.9,-0.1999999999999993,9.966666666666667,9.6,9.4,0.0,9.433333333333334,9.571428571428571,31.4,401,13.0,349.0,2.876145,2.8662493333333336,2.738913142857143,1954.3999999999996,1926.3999999999996,13.6,0.40000000000000036,13.571428571428571,0.0,0.0,0.0,70.0,0.0,0.9312100364121947,-0.3644830148102912,1.0,6.123233995736766e-17
2022-04-24,2.94,-0.020000000000000018,2.9499999999999997,2.892857142857143,80.5,-1.0,80.66666666666667,79.21428571428571,4.5,-6.1,5.966666666666666,4.242857142857142,371.0,27.0,344.6666666666667,336.14285714285717,8.3,0.10000000000000142,8.266666666666667,8.285714285714286,7.2,-2.7,9.066666666666668,9.328571428571427,10.2,0.7999999999999989,9.666666666666666,9.642857142857142,7.1,409,8.0,370.2857142857143,2.897916,2.873124333333333,2.796785142857143,2209.371428571428,2213.633333333333,14.1,0.5,13.614285714285714,0.0,0.0,0.0,81.0,0.0,0.9248025743285089,-0.38044736628785164,1.0,6.123233995736766e-17
2022-04-25,3.03,0.08999999999999986,2.9766666666666666,2.9185714285714286,82.0,1.5,81.33333333333333,79.57142857142857,3.0,-1.5,6.033333333333334,4.5,327.0,-44.0,347.3333333333333,336.2857142857143,8.2,-0.10000000000000142,8.233333333333333,8.271428571428572,7.3,0.09999999999999964,8.133333333333333,9.042857142857143,10.3,0.10000000000000142,9.966666666666667,9.714285714285714,4.0,408,-1.0,389.57142857142856,2.895729,2.88993,2.848823857142857,2350.414285714286,1972.9000000000003,14.3,0.20000000000000107,13.700000000000001,0.0,0.0,0.0,83.0,0.0,0.9181214482844365,-0.39629913726891813,1.0,6.123233995736766e-17
2022-04-26,2.96,-0.06999999999999984,2.9766666666666666,2.9357142857142855,83.5,1.5,82.0,80.5,2.8,-0.20000000000000018,3.4333333333333336,4.514285714285714,330.0,3.0,342.6666666666667,335.85714285714283,8.3,0.10000000000000142,8.266666666666667,8.271428571428572,8.3,1.0000000000000009,7.6000000000000005,8.9,10.0,-0.3000000000000007,10.166666666666666,9.771428571428572,3.3,408,0.0,400.85714285714283,2.896041,2.896562,2.877960714285714,1376.2761904761905,1133.0,14.3,0.0,13.785714285714286,0.0,0.0,0.0,60.0,0.0,0.9111686353326631,-0.41203363695942635,1.0,6.123233995736766e-17
2022-04-27,2.92,-0.040000000000000036,2.97,2.948571428571429,80.0,-3.5,81.83333333333333,80.85714285714286,2.9,0.10000000000000009,2.9,4.285714285714286,328.0,-2.0,328.3333333333333,335.2857142857143,8.2,-0.10000000000000142,8.233333333333333,8.257142857142856,8.5,0.1999999999999993,8.033333333333333,8.742857142857144,9.9,-0.09999999999999964,10.066666666666668,9.814285714285715,4.4,420,12.0,404.85714285714283,2.923437,2.9050689999999997,2.8874101428571426,1174.0857142857142,951.1999999999999,14.3,0.0,13.885714285714286,0.1,0.03333333333333333,0.014285714285714287,50.0,0.0,0.9039461929224011,-0.42764620926777464,1.0,6.123233995736766e-17
2022-04-28,3.02,0.10000000000000009,2.966666666666667,2.9685714285714284,78.5,-1.5,80.66666666666667,80.85714285714286,7.3,4.4,4.333333333333333,4.8428571428571425,327.0,-1.0,328.3333333333333,335.14285714285717,8.2,0.0,8.233333333333333,8.242857142857144,8.7,0.1999999999999993,8.5,8.571428571428571,9.8,-0.09999999999999964,9.9,9.857142857142858,11.7,478,58.0,416.0,3.054583,2.9580203333333333,2.9127375714285715,1802.6666666666665,1417.0,14.3,0.0,14.014285714285716,0.0,0.03333333333333333,0.014285714285714287,52.0,0.0,0.8964562582905575,-0.44313223418263453,1.0,6.123233995736766e-17
2022-04-29,2.78,-0.2400000000000002,2.9066666666666663,2.9442857142857144,75.0,-3.5,77.83333333333333,80.14285714285714,3.9,-3.4,4.7,5.0,331.0,4.0,328.6666666666667,336.85714285714283,8.2,0.0,8.2,8.228571428571428,8.8,0.10000000000000142,8.666666666666666,8.385714285714286,9.8,0.0,9.833333333333334,9.914285714285715,8.7,481,3.0,429.2857142857143,3.060416,3.012812,2.9434667142857145,2017.642857142857,1555.7,14.3,0.0,14.171428571428573,0.0,0.03333333333333333,0.014285714285714287,73.0,0.0,0.8887010478292915,-0.45848712914008766,1.0,6.123233995736766e-17
2022-04-30,2.78,0.0,2.86,2.918571428571428,73.0,-2.0,75.5,78.92857142857143,6.2,2.3000000000000003,5.8,4.371428571428571,337.0,6.0,331.6666666666667,335.85714285714283,8.2,0.0,8.2,8.228571428571428,8.4,-0.40000000000000036,8.633333333333333,8.171428571428573,9.9,0.09999999999999964,9.833333333333334,9.985714285714286,10.9,521,40.0,446.42857142857144,3.139375,3.084791333333333,2.981071,2589.285714285714,1954.6,14.3,0.0,14.271428571428572,0.0,0.0,0.014285714285714287,71.0,0.0,0.8806828564301475,-0.47370635037968,1.0,6.123233995736766e-17
2022-05-01,2.6,-0.17999999999999972,2.72,2.87,71.5,-1.5,73.16666666666667,77.64285714285714,4.6,-1.6000000000000005,4.8999999999999995,4.385714285714286,339.0,2.0,335.6666666666667,331.2857142857143,8.2,0.0,8.2,8.214285714285714,8.4,0.0,8.533333333333333,8.342857142857143,9.9,0.0,9.866666666666667,9.942857142857141,5.3,530,9.0,463.7142857142857,3.154479,3.11809,3.017722857142857,2272.2,1661.1,14.2,-0.10000000000000142,14.285714285714286,0.0,0.0,0.014285714285714287,72.0,0.0,0.8724040568049612,-0.48878539428899265,0.8660254037844387,-0.4999999999999998
2022-05-02,2.53,-0.07000000000000028,2.6366666666666667,2.7985714285714285,68.0,-3.5,70.83333333333333,75.64285714285714,4.0,-0.5999999999999996,4.933333333333333,4.528571428571429,336.0,-3.0,337.3333333333333,332.57142857142856,8.2,0.0,8.2,8.214285714285714,7.2,-1.2000000000000002,8.0,8.32857142857143,10.2,0.29999999999999893,10.0,9.928571428571429,4.6,544,14.0,483.14285714285717,3.1825,3.158784666666667,3.0586901428571425,2383.504761904762,1657.5999999999997,14.2,0.0,14.271428571428572,0.0,0.0,0.014285714285714287,64.0,0.0,0.8638670987837349,-0.503719798736334,0.8660254037844387,-0.4999999999999998
2022-05-03,2.5,-0.029999999999999805,2.5433333333333334,2.732857142857143,65.0,-3.0,68.16666666666667,73.0,3.1,-0.8999999999999999,3.9,4.571428571428571,336.0,0.0,337.0,333.42857142857144,8.2,0.0,8.2,8.2,8.2,0.9999999999999991,7.933333333333333,8.314285714285715,10.0,-0.1999999999999993,10.033333333333333,9.928571428571429,4.0,533,-11.0,501.0,3.16052,3.1658329999999997,3.096472857142857,1953.8999999999999,1310.3999999999999,14.0,-0.1999999999999993,14.22857142857143,0.0,0.0,0.014285714285714287,64.0,0.0,0.8550745085896932,-0.518505144391157,0.8660254037844387,-0.4999999999999998
2022-05-04,2.49,-0.009999999999999787,2.5066666666666664,2.6714285714285713,65.0,0.0,66.0,70.85714285714286,3.8,0.6999999999999997,3.6333333333333333,4.7,329.0,-7.0,333.6666666666667,333.57142857142856,8.1,-0.09999999999999964,8.166666666666666,8.185714285714285,8.2,0.0,7.866666666666666,8.27142857142857,10.0,0.0,10.066666666666668,9.942857142857145,4.8,460,-73.0,506.7142857142857,3.006979,3.1166663333333333,3.1084074285714287,1841.0619047619048,1195.3666666666666,14.0,0.0,14.185714285714287,0.24,0.08,0.03428571428571429,61.0,0.0,0.8460288880917339,-0.533137056031809,0.8660254037844387,-0.4999999999999998
2022-05-05,2.42,-0.07000000000000028,2.47,2.585714285714286,66.0,1.0,65.33333333333333,69.07142857142857,3.2,-0.5999999999999996,3.3666666666666667,4.114285714285715,329.0,0.0,331.3333333333333,333.85714285714283,8.1,0.0,8.133333333333333,8.17142857142857,8.7,0.5,8.366666666666665,8.271428571428572,9.9,-0.09999999999999964,9.966666666666667,9.957142857142857,5.8,417,-43.0,498.0,2.907083,3.0248606666666666,3.087336,1676.6,1107.6333333333334,14.0,0.0,14.142857142857142,0.04,0.09333333333333332,0.039999999999999994,39.0,0.0,0.8367329140344921,-0.5476112038402312,0.8660254037844387,-0.4999999999999998
2022-05-06,2.44,0.020000000000000018,2.45,2.537142857142857,71.0,5.0,67.33333333333333,68.5,3.0,-0.20000000000000018,3.3333333333333335,3.9857142857142853,330.0,1.0,329.3333333333333,333.7142857142857,8.1,0.0,8.1,8.157142857142857,10.4,1.700000000000001,9.1,8.5,9.4,-0.5,9.766666666666666,9.9,3.7,419,2.0,489.14285714285717,2.911145,2.9417356666666667,3.0660115714285716,1630.4761904761906,1100.0,13.3,-0.6999999999999993,14.0,0.11,0.13,0.055714285714285716,57.0,0.0,0.8271893372462497,-0.5619233046832195,0.8660254037844387,-0.4999999999999998
2022-05-07,2.36,-0.08000000000000007,2.4066666666666663,2.4771428571428573,61.0,-10.0,66.0,66.78571428571429,4.4,1.4000000000000004,3.533333333333333,3.7285714285714286,323.0,-7.0,327.3333333333333,331.7142857142857,8.1,0.0,8.1,8.142857142857142,11.3,0.9000000000000004,10.133333333333333,8.914285714285715,9.2,-0.20000000000000107,9.5,9.799999999999999,5.6,448,29.0,478.7142857142857,2.979895,2.932707666666667,3.043228714285714,1691.4571428571428,1141.2666666666667,12.6,-0.7000000000000011,13.757142857142856,0.16,0.10333333333333333,0.07857142857142858,46.0,0.0,0.8174009818249189,-0.5760691233798758,0.8660254037844387,-0.4999999999999998
2022-05-08,2.1,-0.2599999999999998,2.3,2.4057142857142857,60.5,-0.5,64.16666666666667,65.21428571428571,10.3,5.9,5.900000000000001,4.542857142857143,308.0,-15.0,320.3333333333333,327.2857142857143,8.1,0.0,8.1,8.128571428571428,10.8,-0.5,10.833333333333334,9.257142857142856,9.2,0.0,9.266666666666666,9.7,14.2,488,40.0,472.7142857142857,3.067083,2.986041,3.0307435714285718,2789.0142857142864,1817.2000000000003,12.3,-0.29999999999999893,13.485714285714286,0.0,0.09000000000000001,0.07857142857142858,68.0,0.0,0.8073707443023492,-0.5900444739548627,0.8660254037844387,-0.4999999999999998
2022-05-09,2.44,0.33999999999999986,2.3000000000000003,2.392857142857143,58.0,-2.5,59.833333333333336,63.785714285714285,5.9,-4.4,6.866666666666667,4.814285714285715,305.0,-3.0,312.0,322.85714285714283,8.1,0.0,8.1,8.114285714285714,11.0,0.1999999999999993,11.033333333333333,9.799999999999999,9.2,0.0,9.2,9.557142857142859,7.3,493,5.0,465.42857142857144,3.076354,3.0411106666666665,3.015579857142857,3195.9428571428575,2094.3333333333335,11.7,-0.6000000000000014,13.128571428571428,0.0,0.05333333333333334,0.07857142857142858,81.0,0.0,0.7971015927871943,-0.6038452208771035,0.8660254037844387,-0.4999999999999998
2022-05-10,2.57,0.1299999999999999,2.37,2.402857142857143,54.0,-4.0,57.5,62.214285714285715,8.7,2.799999999999999,8.3,5.614285714285714,309.0,4.0,307.3333333333333,319.0,8.1,0.0,8.1,8.1,10.7,-0.3000000000000007,10.833333333333334,10.157142857142857,9.4,0.20000000000000107,9.266666666666666,9.471428571428572,13.2,545,52.0,467.14285714285717,3.184479,3.109305333333333,3.0190025714285715,3877.2857142857147,2564.7000000000003,10.9,-0.7999999999999989,12.685714285714285,0.0,0.0,0.07857142857142858,86.0,0.0,0.7865965660866021,-0.6174672802835514,0.8660254037844387,-0.4999999999999998
2022-05-11,2.59,0.020000000000000018,2.533333333333333,2.4171428571428573,52.0,-2.0,54.666666666666664,60.357142857142854,8.9,0.20000000000000107,7.833333333333333,6.342857142857143,296.0,-13.0,303.3333333333333,314.2857142857143,8.1,0.0,8.1,8.1,10.9,0.20000000000000107,10.866666666666667,10.542857142857143,9.3,-0.09999999999999964,9.3,9.37142857142857,12.4,561,16.0,481.57142857142856,3.21552,3.158784333333333,3.048794142857143,3772.3095238095234,2318.6666666666665,10.0,-0.9000000000000004,12.114285714285714,0.0,0.0,0.04428571428571428,76.0,0.0,0.7758587728069828,-0.6309066211876704,0.8660254037844387,-0.4999999999999998
2022-05-12,2.6,0.010000000000000231,2.5866666666666664,2.442857142857143,50.0,-2.0,52.0,58.07142857142857,10.5,1.5999999999999996,9.366666666666667,7.385714285714286,294.0,-2.0,299.6666666666667,309.2857142857143,8.1,0.0,8.1,8.1,10.6,-0.3000000000000007,10.733333333333334,10.814285714285715,9.4,0.09999999999999964,9.366666666666667,9.299999999999999,13.7,579,18.0,504.7142857142857,3.251354,3.2171176666666668,3.097975714285714,4727.490476190476,2753.8,9.4,-0.5999999999999996,11.457142857142856,0.0,0.0,0.038571428571428576,71.0,0.0,0.7648913904341226,-0.6441592666722685,0.8660254037844387,-0.4999999999999998
2022-05-13,2.69,0.08999999999999986,2.6266666666666665,2.478571428571428,49.0,-1.0,50.333333333333336,54.92857142857143,4.6,-5.9,8.0,7.614285714285714,302.0,8.0,297.3333333333333,305.2857142857143,8.1,0.0,8.1,8.1,10.1,-0.5,10.533333333333333,10.771428571428572,9.6,0.1999999999999993,9.433333333333334,9.328571428571427,6.9,542,-37.0,522.2857142857143,3.179166,3.2153466666666666,3.1362644285714287,4178.285714285715,2416.0,8.8,-0.5999999999999996,10.814285714285715,0.0,0.0,0.022857142857142857,68.0,0.0,0.753697664392914,-0.6572212950663319,0.8660254037844387,-0.4999999999999998
2022-05-14,2.68,-0.009999999999999787,2.6566666666666667,2.524285714285714,46.0,-3.0,48.333333333333336,52.785714285714285,4.0,-0.5999999999999996,6.366666666666667,7.557142857142858,308.0,6.0,301.3333333333333,303.14285714285717,8.1,0.0,8.1,8.1,10.4,0.3000000000000007,10.366666666666667,10.642857142857142,9.5,-0.09999999999999964,9.5,9.37142857142857,4.6,579,37.0,541.0,3.25052,3.2270133333333333,3.1749251428571426,3444.366666666667,1960.9333333333334,8.0,-0.8000000000000007,10.157142857142858,0.0,0.0,0.0,85.0,0.0,0.742280907086982,-0.6700888411055113,0.8660254037844387,-0.4999999999999998
2022-05-15,2.69,0.009999999999999787,2.686666666666667,2.608571428571428,47.5,1.5,47.5,50.92857142857143,4.5,0.5,4.366666666666666,6.728571428571428,302.0,-6.0,304.0,302.2857142857143,8.1,0.0,8.1,8.1,11.4,1.0,10.633333333333333,10.728571428571428,9.3,-0.1999999999999993,9.466666666666667,9.385714285714286,5.9,601,22.0,557.1428571428571,3.292812,3.2408326666666665,3.207172142857143,2432.8571428571427,1318.7333333333331,7.0,-1.0,9.4,0.0,0.0,0.0,71.0,0.0,0.7306444969184916,-0.6827580970759147,0.8660254037844387,-0.4999999999999998
2022-05-16,2.65,-0.040000000000000036,2.6733333333333333,2.6385714285714283,50.5,3.0,48.0,49.857142857142854,6.4,1.9000000000000004,4.966666666666667,6.8,295.0,-7.0,301.6666666666667,300.85714285714283,8.1,0.0,8.1,8.1,10.4,-1.0,10.733333333333334,10.642857142857142,9.5,0.1999999999999993,9.433333333333334,9.428571428571429,11.8,615,14.0,574.5714285714286,3.31875,3.287360666666667,3.241800142857143,2853.704761904762,1465.1666666666667,6.7,-0.2999999999999998,8.685714285714285,0.0,0.0,0.0,75.0,0.0,0.7187918772884232,-0.6952253139408722,0.8660254037844387,-0.4999999999999998
2022-05-17,2.6,-0.04999999999999982,2.646666666666667,2.642857142857143,48.5,-2.0,48.833333333333336,49.07142857142857,4.1,-2.3000000000000007,5.0,6.142857142857143,295.0,0.0,297.3333333333333,298.85714285714283,8.1,0.0,8.1,8.1,10.0,-0.40000000000000036,10.600000000000001,10.542857142857143,9.5,0.0,9.433333333333334,9.442857142857141,5.7,544,-71.0,574.4285714285714,3.18375,3.2651039999999996,3.241696,2872.1428571428573,1475.0,5.6,-1.1000000000000005,7.928571428571429,0.0,0.0,0.0,79.0,0.0,0.7067265555776158,-0.7074868024503348,0.8660254037844387,-0.4999999999999998
2022-05-18,2.53,-0.07000000000000028,2.5933333333333333,2.6342857142857143,51.0,2.5,50.0,48.92857142857143,3.9,-0.19999999999999973,4.8,5.428571428571429,296.0,1.0,295.3333333333333,298.85714285714283,8.1,0.0,8.1,8.1,10.5,0.5,10.299999999999999,10.485714285714284,9.4,-0.09999999999999964,9.466666666666667,9.457142857142857,4.9,547,3.0,572.4285714285714,3.189166,3.2305553333333337,3.2379311428571427,2747.657142857143,1420.8,4.6,-1.0,7.1571428571428575,0.0,0.0,0.0,77.0,0.0,0.6944521021088763,-0.719538934232584,0.8660254037844387,-0.4999999999999998
2022-05-19,2.56,0.03000000000000025,2.563333333333333,2.6285714285714286,49.0,-2.0,49.5,48.785714285714285,4.8,0.8999999999999999,4.266666666666667,4.614285714285714,286.0,-10.0,292.3333333333333,297.7142857142857,8.1,0.0,8.1,8.1,11.1,0.5999999999999996,10.533333333333333,10.557142857142859,9.2,-0.20000000000000107,9.366666666666667,9.428571428571429,11.0,560,13.0,569.7142857142857,3.214479,3.1957983333333337,3.2326632857142856,2430.780952380952,1220.2666666666667,3.7,-0.8999999999999995,6.3428571428571425,0.0,0.0,0.0,84.0,0.0,0.6819721490904629,-0.7313781428679254,0.8660254037844387,-0.4999999999999998
2022-05-20,2.52,-0.040000000000000036,2.5366666666666666,2.6042857142857145,49.7,0.7000000000000028,49.9,48.885714285714286,4.4,-0.39999999999999947,4.366666666666666,4.585714285714286,287.0,1.0,289.6666666666667,295.57142857142856,8.1,0.0,8.1,8.1,7.7,-3.3999999999999995,9.766666666666667,10.214285714285714,10.0,0.8000000000000007,9.533333333333333,9.485714285714286,5.7,539,-21.0,569.2857142857143,3.171458,3.191701,3.2315621428571433,2485.8809523809523,1253.2333333333331,4.9,1.2000000000000002,5.785714285714286,0.0,0.0,0.0,84.0,0.0,0.6692903895412567,-0.7430009249440493,0.8660254037844387,-0.4999999999999998
2022-05-21,2.32,-0.20000000000000018,2.466666666666667,2.5528571428571425,50.5,0.7999999999999972,49.73333333333333,49.528571428571425,4.7,0.2999999999999998,4.633333333333333,4.685714285714285,273.0,-14.0,282.0,290.57142857142856,8.1,0.0,8.1,8.1,4.9,-2.8,7.8999999999999995,9.428571428571429,10.9,0.9000000000000004,10.033333333333333,9.685714285714285,7.3,436,-103.0,548.8571428571429,2.948229,3.1113886666666666,3.188377714285714,2543.038095238095,1264.8999999999999,5.2,0.2999999999999998,5.385714285714285,0.0,0.0,0.0,79.0,0.0,0.6564105761979381,-0.7544038410927472,0.8660254037844387,-0.4999999999999998
2022-05-22,2.45,0.13000000000000034,2.43,2.5185714285714282,49.5,-1.0,49.9,49.81428571428571,6.1,1.3999999999999995,5.066666666666666,4.914285714285714,259.0,-14.0,273.0,284.42857142857144,8.0,-0.09999999999999964,8.066666666666666,8.085714285714285,8.4,3.5,7.0,9.0,9.9,-1.0,10.266666666666666,9.771428571428572,7.4,327,-109.0,509.7142857142857,2.677708,2.932465,3.1005057142857138,2582.552380952381,1312.2666666666667,5.3,0.09999999999999964,5.142857142857143,0.03,0.01,0.004285714285714286,87.0,0.3,0.6433365204044917,-0.765583517007675,0.8660254037844387,-0.4999999999999998
2022-05-23,2.42,-0.03000000000000025,2.3966666666666665,2.4857142857142853,48.5,-1.0,49.5,49.528571428571425,4.2,-1.8999999999999995,5.0,4.6000000000000005,279.0,20.0,270.3333333333333,282.14285714285717,8.1,0.09999999999999964,8.066666666666668,8.085714285714285,9.2,0.7999999999999989,7.5,8.828571428571427,9.7,-0.20000000000000107,10.166666666666666,9.8,7.0,437,110.0,484.2857142857143,2.952916,2.859617666666667,3.0482437142857144,2421.4285714285716,1395.0,5.6,0.2999999999999998,4.985714285714286,1.07,0.3666666666666667,0.15714285714285717,39.0,8.0,0.6300720909843687,-0.7765366444428655,0.8660254037844387,-0.4999999999999998
2022-05-24,2.37,-0.04999999999999982,2.4133333333333336,2.4528571428571433,48.0,-0.5,48.666666666666664,49.457142857142856,5.0,0.7999999999999998,5.1000000000000005,4.728571428571429,286.0,7.0,274.6666666666667,280.85714285714283,8.1,0.0,8.066666666666666,8.085714285714285,8.8,-0.3999999999999986,8.799999999999999,8.657142857142857,9.8,0.10000000000000142,9.799999999999999,9.842857142857143,7.1,574,137.0,488.57142857142856,3.241145,2.9572563333333335,3.0564430000000002,2491.714285714286,1458.6000000000001,6.0,0.40000000000000036,5.042857142857143,0.04,0.38000000000000006,0.16285714285714287,42.0,1.0,0.6166212130956382,-0.7872599821916922,0.8660254037844387,-0.4999999999999998
2022-05-25,2.31,-0.06000000000000005,2.3666666666666667,2.4214285714285713,49.1,1.1000000000000014,48.53333333333333,49.18571428571429,4.0,-1.0,4.3999999999999995,4.742857142857143,295.0,9.0,286.6666666666667,280.7142857142857,8.1,0.0,8.1,8.085714285714285,9.5,0.6999999999999993,9.166666666666666,8.514285714285714,9.7,-0.10000000000000142,9.733333333333334,9.885714285714286,8.3,552,-22.0,489.2857142857143,3.19677,3.130277,3.0575292857142857,2152.8571428571427,1297.9999999999998,6.0,0.0,5.242857142857143,0.0,0.37000000000000005,0.16285714285714287,56.0,0.0,0.6029878670694714,-0.7977503570459932,0.8660254037844387,-0.4999999999999998
2022-05-26,2.3,-0.010000000000000231,2.3266666666666667,2.3842857142857143,48.8,-0.30000000000000426,48.63333333333333,49.15714285714286,3.6,-0.3999999999999999,4.2,4.571428571428571,275.0,-20.0,285.3333333333333,279.14285714285717,8.1,0.0,8.1,8.085714285714285,12.3,2.8000000000000007,10.200000000000001,8.685714285714287,9.1,-0.5999999999999996,9.533333333333333,9.87142857142857,5.2,438,-114.0,471.85714285714283,2.95625,3.131388333333333,3.0206394285714286,1981.8,1155.0,5.6,-0.40000000000000036,5.514285714285713,0.15,0.06333333333333334,0.1842857142857143,57.0,0.0,0.5891760872322963,-0.8080046647350754,0.8660254037844387,-0.4999999999999998
2022-05-27,2.3,0.0,2.3033333333333332,2.3528571428571428,48.5,-0.29999999999999716,48.800000000000004,48.98571428571429,6.4,2.8000000000000003,4.666666666666667,4.857142857142857,254.0,-21.0,274.6666666666667,274.42857142857144,8.1,0.0,8.1,8.085714285714285,12.3,0.0,11.366666666666667,9.342857142857143,9.0,-0.09999999999999964,9.266666666666666,9.728571428571428,9.3,582,144.0,478.0,3.25125,3.1347566666666666,3.0320382857142856,2230.666666666667,1185.3333333333335,5.1,-0.5,5.542857142857143,0.04,0.06333333333333334,0.19,54.0,0.0,0.5751899607119775,-0.8180198708443175,0.8660254037844387,-0.4999999999999998
2022-05-28,2.3,0.0,2.3,2.35,49.5,1.0,48.93333333333334,48.84285714285715,6.3,-0.10000000000000053,5.433333333333334,5.085714285714286,245.0,-9.0,258.0,270.42857142857144,8.1,0.0,8.1,8.085714285714285,11.4,-0.9000000000000004,12.0,10.271428571428572,9.1,0.09999999999999964,9.066666666666668,9.471428571428572,9.4,616,34.0,503.7142857142857,3.310416,3.1726386666666664,3.083779285714286,2736.847619047619,1331.1666666666667,4.7,-0.39999999999999947,5.471428571428571,0.0,0.06333333333333334,0.19,66.0,0.0,0.5610336262283677,-0.8277930117131022,0.8660254037844387,-0.4999999999999998
2022-05-29,2.62,0.3200000000000003,2.4066666666666667,2.3742857142857146,49.5,0.0,49.166666666666664,48.84285714285715,4.8,-1.5,5.833333333333333,4.8999999999999995,249.0,4.0,249.33333333333334,269.0,8.1,0.0,8.1,8.1,11.1,-0.3000000000000007,11.6,10.657142857142857,9.1,0.0,9.066666666666666,9.357142857142858,5.6,554,-62.0,536.1428571428571,3.188333,3.249999666666667,3.156725714285714,3127.4999999999995,1452.5,4.6,-0.10000000000000053,5.371428571428572,0.0,0.013333333333333334,0.18571428571428572,80.0,0.0,0.5467112728685939,-0.8373211953118121,0.8660254037844387,-0.4999999999999998
2022-05-30,2.94,0.31999999999999984,2.6199999999999997,2.448571428571429,48.5,-1.0,49.166666666666664,48.84285714285715,4.2,-0.5999999999999996,5.1000000000000005,4.8999999999999995,236.0,-13.0,243.33333333333334,262.85714285714283,8.1,0.0,8.1,8.1,11.6,0.5,11.366666666666667,11.000000000000002,9.0,-0.09999999999999964,9.066666666666666,9.257142857142856,5.2,421,-133.0,533.8571428571429,2.906666,3.1351383333333334,3.1501185714285715,2722.671428571429,1203.6000000000001,4.7,0.10000000000000053,5.242857142857142,0.0,0.0,0.032857142857142856,87.0,0.0,0.5322271388474397,-0.8466016020976267,0.8660254037844387,-0.4999999999999998
2022-05-31,3.07,0.1299999999999999,2.876666666666667,2.5485714285714285,47.5,-1.0,48.5,48.77142857142858,4.0,-0.20000000000000018,4.333333333333333,4.757142857142857,236.0,0.0,240.33333333333334,255.71428571428572,8.0,-0.09999999999999964,8.066666666666666,8.085714285714285,9.9,-1.6999999999999993,10.866666666666667,11.157142857142857,9.5,0.5,9.200000000000001,9.214285714285714,5.0,407,-14.0,510.0,2.874166,2.9897216666666666,3.097693,2210.0,1022.6666666666666,4.5,-0.20000000000000018,5.028571428571428,0.0,0.0,0.027142857142857142,84.0,0.0,0.5175855102531889,-0.8556314858488706,0.8660254037844387,-0.4999999999999998
2022-06-01,3.08,0.010000000000000231,3.03,2.6585714285714284,47.0,-0.5,47.666666666666664,48.471428571428575,4.4,0.40000000000000036,4.2,4.814285714285714,231.0,-5.0,234.33333333333334,246.57142857142858,8.1,0.09999999999999964,8.066666666666668,8.085714285714285,9.7,-0.20000000000000107,10.4,11.185714285714285,9.6,0.09999999999999964,9.366666666666667,9.200000000000001,6.4,441,34.0,494.14285714285717,2.953125,2.911319,3.0628865714285713,2075.4,970.2,4.3,-0.20000000000000018,4.785714285714286,0.04,0.013333333333333334,0.032857142857142856,78.0,0.0,0.5027907197793043,-0.8644081744776648,0.49999999999999994,-0.8660254037844387
2022-06-02,2.98,-0.10000000000000009,3.043333333333333,2.755714285714286,46.0,-1.0,46.833333333333336,48.07142857142857,7.6,3.1999999999999993,5.333333333333333,5.385714285714286,219.0,-12.0,228.66666666666666,238.57142857142858,8.0,-0.09999999999999964,8.033333333333333,8.071428571428571,13.0,3.3000000000000007,10.866666666666667,11.285714285714286,8.9,-0.6999999999999993,9.333333333333334,9.171428571428573,11.9,508,67.0,504.14285714285717,3.097083,2.9747913333333336,3.0830055714285716,2688.7619047619046,1168.0,2.9,-1.4,4.4,0.0,0.013333333333333334,0.011428571428571429,78.0,0.0,0.4878471454423119,-0.8729290708206411,0.49999999999999994,-0.8660254037844387
2022-06-03,2.97,-0.009999999999999787,3.01,2.8514285714285714,47.0,1.0,46.666666666666664,47.857142857142854,6.8,-0.7999999999999998,6.266666666666667,5.442857142857143,204.0,-15.0,218.0,231.42857142857142,8.0,0.0,8.033333333333333,8.057142857142857,12.7,-0.3000000000000007,11.799999999999999,11.342857142857143,8.9,0.0,9.133333333333333,9.157142857142857,9.7,530,22.0,496.7142857142857,3.14375,3.064652666666667,3.0676484285714283,3112.7428571428572,1278.4,1.8,-1.0999999999999999,3.9285714285714284,0.63,0.22333333333333336,0.09571428571428572,59.0,0.0,0.47275920928627757,-0.881191653407483,0.49999999999999994,-0.8660254037844387
2022-06-04,2.94,-0.03000000000000025,2.9633333333333334,2.942857142857143,42.0,-5.0,45.0,46.785714285714285,5.4,-1.3999999999999995,6.599999999999999,5.314285714285715,210.0,6.0,211.0,226.42857142857142,8.0,0.0,8.0,8.042857142857143,12.4,-0.29999999999999893,12.700000000000001,11.485714285714284,8.9,0.0,8.9,9.128571428571428,6.1,502,-28.0,480.42857142857144,3.08677,3.109201,3.035699,3170.8285714285707,1385.9999999999998,1.0,-0.8,3.3999999999999995,0.03,0.22,0.1,55.0,0.0,0.4575313760742512,-0.8891934772070711,0.49999999999999994,-0.8660254037844387
2022-06-05,3.27,0.33000000000000007,3.06,3.0357142857142856,40.5,-1.5,43.166666666666664,45.5,5.4,0.0,5.866666666666667,5.4,207.0,-3.0,207.0,220.42857142857142,8.0,0.0,8.0,8.028571428571428,12.7,0.29999999999999893,12.6,11.714285714285714,8.9,0.0,8.9,9.1,6.5,506,4.0,473.57142857142856,3.095104,3.1085413333333336,3.022380571428571,2778.285714285714,1214.4,0.4,-0.6,2.8000000000000003,0.0,0.22,0.1,69.0,0.0,0.44216815196707204,-0.8969321743510065,0.49999999999999994,-0.8660254037844387
2022-06-06,3.36,0.08999999999999986,3.19,3.095714285714286,39.5,-1.0,40.666666666666664,44.214285714285715,5.9,0.5,5.566666666666667,5.642857142857143,201.0,-6.0,206.0,215.42857142857142,8.0,0.0,8.0,8.014285714285714,12.8,0.10000000000000142,12.633333333333333,11.885714285714284,8.9,0.0,8.9,9.085714285714287,8.7,526,20.0,488.57142857142856,3.135416,3.1057633333333334,3.0550591428571425,2719.714285714286,1118.9,0.2,-0.2,2.157142857142857,0.04,0.023333333333333334,0.10571428571428572,70.0,0.0,0.42667408318992467,-0.9044054548343001,0.49999999999999994,-0.8660254037844387
2022-06-07,3.39,0.03000000000000025,3.34,3.141428571428572,39.0,-0.5,39.666666666666664,43.0,12.3,6.4,7.866666666666667,6.828571428571429,203.0,2.0,203.66666666666666,210.71428571428572,7.9,-0.09999999999999964,7.966666666666666,8.0,12.7,-0.10000000000000142,12.733333333333334,12.285714285714286,8.9,0.0,8.9,9.000000000000002,17.4,599,73.0,516.0,3.278229,3.169583,3.1127824285714287,4059.2000000000003,1596.9333333333334,0.1,-0.1,1.5285714285714285,0.0,0.013333333333333334,0.10571428571428572,81.0,0.0,0.4110537546870351,-0.9116111071930239,0.49999999999999994,-0.8660254037844387
2022-06-08,3.33,-0.06000000000000005,3.36,3.177142857142857,38.5,-0.5,39.0,41.785714285714285,10.0,-2.3000000000000007,9.4,7.628571428571429,197.0,-6.0,200.33333333333334,205.85714285714286,7.9,0.0,7.933333333333334,7.971428571428571,14.1,1.4000000000000004,13.199999999999998,12.914285714285715,8.7,-0.20000000000000107,8.833333333333334,8.871428571428572,12.2,588,-11.0,537.0,3.257395,3.22368,3.1562495714285714,5047.8,1851.8000000000002,0.0,-0.1,0.9142857142857144,0.0,0.013333333333333334,0.09999999999999999,80.0,0.0,0.3953117887649151,-0.9185469991587165,0.49999999999999994,-0.8660254037844387
2022-06-09,3.23,-0.10000000000000009,3.3166666666666664,3.2128571428571426,33.1,-5.399999999999999,36.86666666666667,39.94285714285714,8.0,-2.0,10.1,7.685714285714286,202.0,5.0,200.66666666666666,203.42857142857142,7.9,0.0,7.9,7.957142857142857,13.5,-0.5999999999999996,13.433333333333332,12.985714285714286,8.7,0.0,8.766666666666666,8.842857142857143,10.3,597,9.0,549.7142857142857,3.276354,3.270659333333333,3.1818597142857143,5552.114285714285,2040.1999999999998,0.0,0.0,0.5,0.11,0.03666666666666667,0.11571428571428573,74.0,0.0,0.37945284372454435,-0.925211078289358,0.49999999999999994,-0.8660254037844387
2022-06-10,3.14,-0.08999999999999986,3.233333333333333,3.237142857142857,35.5,2.3999999999999986,35.699999999999996,38.300000000000004,7.4,-0.5999999999999996,8.466666666666667,7.771428571428571,204.0,2.0,201.0,203.42857142857142,7.9,0.0,7.9,7.942857142857143,13.9,0.40000000000000036,13.833333333333334,13.157142857142857,8.7,0.0,8.7,8.814285714285713,10.1,591,-6.0,558.4285714285714,3.264583,3.2661106666666666,3.1991215714285715,4728.028571428572,1727.2,0.0,0.0,0.24285714285714285,0.0,0.03666666666666667,0.025714285714285714,77.0,0.0,0.36348161248290634,-0.9316013725767187,0.49999999999999994,-0.8660254037844387
2022-06-11,3.08,-0.06000000000000005,3.15,3.257142857142857,34.0,-1.5,34.199999999999996,37.15714285714286,6.8,-0.6000000000000005,7.3999999999999995,7.971428571428571,204.0,0.0,203.33333333333334,202.57142857142858,7.9,0.0,7.9,7.928571428571429,14.3,0.40000000000000036,13.9,13.428571428571429,8.6,-0.09999999999999964,8.666666666666666,8.77142857142857,8.7,592,1.0,571.2857142857143,3.266145,3.2690273333333333,3.2247465714285712,4227.5142857142855,1509.6,0.0,0.0,0.1,0.0,0.03666666666666667,0.02142857142857143,78.0,0.0,0.3474028211842774,-0.9377159910299093,0.49999999999999994,-0.8660254037844387
2022-06-12,2.92,-0.16000000000000014,3.046666666666667,3.207142857142857,33.5,-0.5,34.333333333333336,36.15714285714286,6.5,-0.2999999999999998,6.8999999999999995,8.128571428571428,201.0,-3.0,203.0,201.71428571428572,7.9,0.0,7.9,7.914285714285714,14.3,0.0,14.166666666666666,13.657142857142858,8.5,-0.09999999999999964,8.6,8.714285714285714,8.7,591,-1.0,583.4285714285714,3.264062,3.2649299999999997,3.2488834285714288,4025.657142857143,1386.8999999999999,0.0,0.0,0.042857142857142864,0.0,0.0,0.02142857142857143,85.0,0.0,0.3312212278016865,-0.9435531242349544,0.49999999999999994,-0.8660254037844387
2022-06-13,2.86,-0.06000000000000005,2.953333333333333,3.1357142857142857,34.0,0.5,33.833333333333336,35.371428571428574,5.8,-0.7000000000000002,6.366666666666667,8.114285714285716,204.0,3.0,203.0,202.14285714285714,7.9,0.0,7.9,7.9,14.0,-0.3000000000000007,14.200000000000001,13.828571428571431,8.5,0.0,8.533333333333333,8.657142857142857,7.1,564,-27.0,588.8571428571429,3.213229,3.2478119999999997,3.2599995714285717,3749.0571428571434,1298.8000000000002,0.0,0.0,0.014285714285714287,0.0,0.0,0.015714285714285712,88.0,0.0,0.31494162072895193,-0.9491110448902284,0.49999999999999994,-0.8660254037844387
2022-06-14,2.71,-0.1499999999999999,2.8299999999999996,3.0385714285714287,33.5,-0.5,33.666666666666664,34.58571428571429,5.2,-0.5999999999999996,5.833333333333333,7.1,207.0,3.0,204.0,202.71428571428572,7.9,0.0,7.9,7.9,14.1,0.09999999999999964,14.133333333333333,14.028571428571428,8.6,0.09999999999999964,8.533333333333333,8.614285714285714,6.3,550,-14.0,581.8571428571429,3.184583,3.220624666666667,3.246621571428571,3394.1666666666665,1207.5,0.0,0.0,0.0,0.0,0.0,0.015714285714285712,92.0,0.0,0.2985688173637202,-0.9543881083175908,0.49999999999999994,-0.8660254037844387
2022-06-15,2.6,-0.10999999999999988,2.723333333333333,2.9342857142857146,34.0,0.5,33.833333333333336,33.94285714285714,4.6,-0.6000000000000005,5.199999999999999,6.328571428571428,211.0,4.0,207.33333333333334,204.71428571428572,7.9,0.0,7.9,7.9,13.7,-0.40000000000000036,13.933333333333332,13.971428571428572,8.7,0.09999999999999964,8.6,8.614285714285714,8.6,551,1.0,576.5714285714286,3.185625,3.194479,3.2363687142857143,2998.171428571428,1097.1999999999998,0.0,0.0,0.0,0.0,0.0,0.015714285714285712,91.0,0.0,0.2821076626819194,-0.9593827529490743,0.49999999999999994,-0.8660254037844387
2022-06-16,2.52,-0.08000000000000007,2.61,2.832857142857143,33.5,-0.5,33.666666666666664,34.0,6.5,1.9000000000000004,5.433333333333334,6.114285714285714,229.0,18.0,215.66666666666666,208.57142857142858,7.9,0.0,7.9,7.9,13.5,-0.1999999999999993,13.766666666666666,13.971428571428573,8.8,0.10000000000000142,8.700000000000001,8.628571428571428,8.6,619,68.0,579.7142857142857,3.31802,3.2294093333333334,3.2423210000000005,3149.7809523809524,1244.2333333333333,0.0,0.0,0.0,0.0,0.0,0.0,93.0,0.0,0.26556302780405594,-0.9640935007889755,0.49999999999999994,-0.8660254037844387
2022-06-17,2.5,-0.020000000000000018,2.54,2.7414285714285715,33.5,0.0,33.666666666666664,33.714285714285715,8.6,2.0999999999999996,6.566666666666666,6.285714285714286,240.0,11.0,226.66666666666666,213.71428571428572,7.9,0.0,7.9,7.9,13.8,0.3000000000000007,13.666666666666666,13.957142857142857,8.7,-0.10000000000000142,8.733333333333333,8.628571428571428,13.3,672,53.0,591.2857142857143,3.413645,3.305763333333333,3.2636155714285713,3882.7761904761905,1576.0,0.0,0.0,0.0,0.0,0.0,0.0,85.0,0.0,0.24893980855376657,-0.9685189578512204,0.49999999999999994,-0.8660254037844387
2022-06-18,2.45,-0.04999999999999982,2.4899999999999998,2.6514285714285712,35.0,1.5,34.0,33.857142857142854,11.1,2.5,8.733333333333333,6.9,246.0,6.0,238.33333333333334,219.71428571428572,7.9,0.0,7.9,7.9,12.5,-1.3000000000000007,13.266666666666666,13.700000000000001,8.9,0.20000000000000107,8.8,8.671428571428573,13.3,735,63.0,611.7142857142857,3.522916,3.418193666666667,3.3002971428571426,5342.304761904761,2148.3999999999996,0.0,0.0,0.0,0.0,0.0,0.0,85.0,0.0,0.23224292400907015,-0.9726578145718654,0.49999999999999994,-0.8660254037844387
2022-06-19,2.36,-0.0900000000000003,2.436666666666667,2.5714285714285716,34.0,-1.0,34.166666666666664,33.92857142857143,8.6,-2.5,9.433333333333332,7.200000000000001,246.0,0.0,244.0,226.14285714285714,8.0,0.09999999999999964,7.933333333333334,7.9142857142857155,12.5,0.0,12.933333333333332,13.442857142857141,8.9,0.0,8.833333333333334,8.72857142857143,10.0,741,6.0,633.1428571428571,3.533958,3.490173,3.3388537142857144,5972.647619047618,2320.5999999999995,0.0,0.0,0.0,0.0,0.0,0.0,88.0,0.0,0.21547731504673012,-0.976508846196619,0.49999999999999994,-0.8660254037844387
2022-06-20,2.37,0.010000000000000231,2.393333333333333,2.501428571428572,37.0,3.0,35.333333333333336,34.357142857142854,7.2,-1.3999999999999995,8.966666666666667,7.3999999999999995,245.0,-1.0,245.66666666666666,232.0,8.0,0.0,7.966666666666666,7.928571428571429,12.9,0.40000000000000036,12.633333333333333,13.285714285714286,8.8,-0.09999999999999964,8.866666666666667,8.77142857142857,9.0,721,-20.0,655.5714285714286,3.499062,3.5186453333333336,3.379687,5878.2904761904765,2196.8333333333335,0.0,0.0,0.0,0.0,0.0,0.0,92.0,0.0,0.19864794288017112,-0.9800709131432666,0.49999999999999994,-0.8660254037844387
2022-06-21,2.25,-0.1200000000000001,2.3266666666666667,2.435714285714286,34.0,-3.0,35.0,34.42857142857143,5.0,-2.2,6.933333333333334,7.371428571428572,248.0,3.0,246.33333333333334,237.85714285714286,8.0,0.0,8.0,7.942857142857143,12.0,-0.9000000000000004,12.466666666666667,12.985714285714286,9.1,0.29999999999999893,8.933333333333334,8.842857142857143,6.4,657,-64.0,670.8571428571429,3.38625,3.4730900000000005,3.4084965714285715,4651.276190476191,1719.4666666666667,0.0,0.0,0.0,0.0,0.0,0.0,92.0,0.0,0.18175978759137534,-0.9833429613388902,0.49999999999999994,-0.8660254037844387
2022-06-22,2.23,-0.020000000000000018,2.2833333333333337,2.382857142857143,37.0,3.0,36.0,34.857142857142854,4.6,-0.40000000000000036,5.6000000000000005,7.371428571428572,250.0,2.0,247.66666666666666,243.42857142857142,8.0,0.0,8.0,7.957142857142857,11.7,-0.3000000000000007,12.200000000000001,12.7,9.1,0.0,9.0,8.9,5.9,642,-15.0,683.8571428571429,3.360104,3.415138666666667,3.4334221428571428,3829.6000000000004,1400.0000000000002,0.0,0.0,0.0,0.0,0.0,0.0,83.0,0.0,0.16481784665719793,-0.9863240225317866,0.49999999999999994,-0.8660254037844387
2022-06-23,2.16,-0.06999999999999984,2.2133333333333334,2.3314285714285714,37.5,0.5,36.166666666666664,35.42857142857143,4.1,-0.5,4.566666666666666,7.028571428571429,253.0,3.0,250.33333333333334,246.85714285714286,8.0,0.0,8.0,7.971428571428572,12.5,0.8000000000000007,12.066666666666668,12.557142857142855,8.9,-0.1999999999999993,9.033333333333333,8.914285714285715,5.7,628,-14.0,685.1428571428571,3.335312,3.3605553333333336,3.4358924285714285,3128.8190476190475,1155.3666666666666,0.0,0.0,0.0,0.0,0.0,0.0,86.0,0.0,0.14782713347053048,-0.9890132145779883,0.49999999999999994,-0.8660254037844387
2022-06-24,2.1,-0.06000000000000005,2.1633333333333336,2.2742857142857145,39.0,1.5,37.833333333333336,36.214285714285715,4.0,-0.09999999999999964,4.233333333333333,6.371428571428572,254.0,1.0,252.33333333333334,248.85714285714286,8.0,0.0,8.0,7.985714285714287,12.0,-0.5,12.066666666666668,12.299999999999999,9.0,0.09999999999999964,9.0,8.957142857142857,4.8,621,-7.0,677.8571428571429,3.322187,3.3392010000000005,3.4228270000000003,2869.595238095238,1075.2666666666667,0.0,0.0,0.0,0.0,0.0,0.0,76.0,0.0,0.13079267585675922,-0.9914097417023038,0.49999999999999994,-0.8660254037844387
2022-06-25,2.1,0.0,2.12,2.224285714285714,38.0,-1.0,38.166666666666664,36.642857142857146,3.8,-0.20000000000000018,3.9666666666666663,5.328571428571428,254.0,0.0,253.66666666666666,250.0,8.0,0.0,8.0,8.0,11.3,-0.6999999999999993,11.933333333333332,12.12857142857143,9.2,0.1999999999999993,9.033333333333333,9.0,5.1,632,11.0,663.1428571428571,3.340833,3.332777333333334,3.396815142857143,2630.4666666666662,1007.5333333333333,0.0,0.0,0.0,0.0,0.0,0.0,80.0,0.0,0.11371951458594969,-0.9935128947338007,0.49999999999999994,-0.8660254037844387
2022-06-26,2.04,-0.06000000000000005,2.08,2.1785714285714284,37.5,-0.5,38.166666666666664,37.142857142857146,4.8,1.0,4.2,4.785714285714286,247.0,-7.0,251.66666666666666,250.14285714285714,8.0,0.0,8.0,8.0,11.5,0.1999999999999993,11.6,11.985714285714286,9.2,0.0,9.133333333333333,9.042857142857143,12.8,679,47.0,654.2857142857143,3.425384,3.3628013333333335,3.381304571428571,2748.0000000000005,1037.4,0.0,0.0,0.0,0.0,0.0,0.0,88.0,0.0,0.0966127018812031,-0.9953220513156602,0.49999999999999994,-0.8660254037844387
2022-06-27,2.02,-0.020000000000000018,2.0533333333333332,2.1285714285714286,38.0,0.5,37.833333333333336,37.285714285714285,5.1,0.2999999999999998,4.566666666666666,4.485714285714286,241.0,-6.0,247.33333333333334,249.57142857142858,8.0,0.0,8.0,8.0,12.6,1.0999999999999996,11.799999999999999,11.942857142857141,9.0,-0.1999999999999993,9.133333333333333,9.071428571428571,7.6,677,-2.0,648.0,3.423283,3.3965,3.370479,2959.2,1100.5666666666666,0.0,0.0,0.0,0.02,0.006666666666666667,0.002857142857142857,85.0,0.0,0.07947729992362097,-0.9968366760893436,0.49999999999999994,-0.8660254037844387
2022-06-28,2.03,0.009999999999999787,2.03,2.097142857142857,33.5,-4.5,36.333333333333336,37.214285714285715,4.2,-0.8999999999999995,4.699999999999999,4.371428571428572,252.0,11.0,246.66666666666666,250.14285714285714,8.0,0.0,8.0,8.0,13.0,0.40000000000000036,12.366666666666667,12.085714285714285,8.9,-0.09999999999999964,9.033333333333333,9.042857142857143,5.8,646,-31.0,646.4285714285714,3.366875,3.4051806666666664,3.367711142857143,3038.2142857142853,1184.3999999999999,0.0,0.0,0.0,0.04,0.02,0.008571428571428572,63.0,0.0,0.062318379354325076,-0.998056320853012,0.49999999999999994,-0.8660254037844387
2022-06-29,2.04,0.010000000000000231,2.03,2.07,37.0,3.5,36.166666666666664,37.214285714285715,5.4,1.2000000000000002,4.8999999999999995,4.485714285714286,256.0,4.0,249.66666666666666,251.0,8.0,0.0,8.0,8.0,12.4,-0.5999999999999996,12.666666666666666,12.185714285714287,9.0,0.09999999999999964,8.966666666666667,9.028571428571428,6.7,705,59.0,655.4285714285714,3.472395,3.4208510000000003,3.383752714285714,3211.6,1254.3999999999999,0.0,0.0,0.0,0.0,0.02,0.008571428571428572,65.0,0.0,0.04514101777397193,-0.9989806246941579,0.49999999999999994,-0.8660254037844387
2022-06-30,2.08,0.040000000000000036,2.0500000000000003,2.0585714285714287,39.5,2.5,36.666666666666664,37.5,4.9,-0.5,4.833333333333333,4.6000000000000005,256.0,0.0,254.66666666666666,251.42857142857142,8.0,0.0,8.0,8.0,11.8,-0.5999999999999996,12.4,12.085714285714287,9.1,0.09999999999999964,9.0,9.057142857142857,6.7,718,13.0,668.2857142857143,3.494062,3.4444440000000003,3.406431285714286,3230.0476190476193,1237.3333333333333,0.0,0.0,0.0,0.0,0.013333333333333336,0.008571428571428572,83.0,0.0,0.02795029824021032,-0.999609314096404,0.49999999999999994,-0.8660254037844387
2022-07-01,2.13,0.04999999999999982,2.0833333333333335,2.0628571428571427,39.0,-0.5,38.5,37.5,5.3,0.39999999999999947,5.2,4.785714285714286,252.0,-4.0,254.66666666666666,251.14285714285714,8.0,0.0,8.0,8.0,12.6,0.7999999999999989,12.266666666666666,12.171428571428573,8.9,-0.1999999999999993,9.0,9.042857142857143,8.4,733,15.0,684.2857142857143,3.519791,3.495416,3.4346604285714286,3558.2857142857147,1310.4,0.0,0.0,0.0,0.0,0.0,0.008571428571428572,89.0,0.0,0.01075130776352193,-0.9999422030204416,1.2246467991473532e-16,-1.0
2022-07-02,2.06,-0.06999999999999984,2.09,2.0571428571428574,40.0,1.0,39.5,37.785714285714285,4.6,-0.7000000000000002,4.933333333333333,4.8999999999999995,254.0,2.0,254.0,251.14285714285714,8.0,0.0,8.0,8.0,13.1,0.5,12.5,12.428571428571429,8.8,-0.09999999999999964,8.933333333333335,8.985714285714286,7.4,718,-15.0,696.5714285714286,3.49427,3.5027076666666663,3.4565799999999998,3436.419047619047,1253.0666666666666,0.0,0.0,0.0,0.02,0.006666666666666667,0.011428571428571429,88.0,0.0,-0.00645086419810515,-0.9999791929590823,1.2246467991473532e-16,-1.0
2022-07-03,2.07,0.009999999999999787,2.0866666666666664,2.0614285714285714,40.5,0.5,39.833333333333336,38.214285714285715,4.4,-0.1999999999999993,4.766666666666667,4.8428571428571425,253.0,-1.0,253.0,252.0,8.0,0.0,8.0,8.0,13.0,-0.09999999999999964,12.899999999999999,12.642857142857142,8.8,0.0,8.833333333333334,8.928571428571429,5.6,714,-4.0,701.5714285714286,3.487083,3.5003813333333333,3.4653941428571433,3344.157142857143,1205.9666666666667,0.0,0.0,0.0,0.3,0.10666666666666667,0.054285714285714284,76.0,0.0,-0.023651127245231586,-0.9997202729664083,1.2246467991473532e-16,-1.0
2022-07-04,2.09,0.020000000000000018,2.0733333333333333,2.0714285714285716,39.5,-1.0,40.0,38.42857142857143,4.4,0.0,4.466666666666667,4.742857142857143,255.0,2.0,254.0,254.0,8.0,0.0,8.0,8.0,13.2,0.1999999999999993,13.1,12.728571428571428,8.7,-0.10000000000000142,8.766666666666667,8.885714285714286,6.9,706,-8.0,705.7142857142857,3.473854,3.4850690000000006,3.4726185714285718,3152.190476190476,1139.0,0.0,0.0,0.0,0.0,0.10666666666666667,0.05142857142857143,80.0,0.0,-0.04084439154329611,-0.9991655196610109,1.2246467991473532e-16,-1.0
2022-07-05,2.18,0.0900000000000003,2.1133333333333333,2.092857142857143,39.0,-0.5,39.666666666666664,39.214285714285715,3.4,-1.0000000000000004,4.066666666666667,4.628571428571428,259.0,4.0,255.66666666666666,255.0,8.0,0.0,8.0,8.0,13.3,0.10000000000000142,13.166666666666666,12.771428571428572,8.7,0.0,8.733333333333333,8.857142857142858,5.4,690,-16.0,712.0,3.446145,3.4690273333333335,3.483942857142857,2895.466666666667,1053.2666666666669,0.1,0.1,0.014285714285714287,0.63,0.31,0.1357142857142857,84.0,0.0,-0.05802556932878035,-0.9983150972033183,1.2246467991473532e-16,-1.0
2022-07-06,2.08,-0.10000000000000009,2.1166666666666667,2.0985714285714283,40.3,1.2999999999999972,39.6,39.685714285714276,4.8,1.4,4.2,4.542857142857143,260.0,1.0,258.0,255.57142857142858,8.0,0.0,8.0,8.0,13.2,-0.10000000000000142,13.233333333333333,12.885714285714284,8.7,0.0,8.7,8.814285714285715,7.3,788,98.0,723.8571428571429,3.612708,3.5109023333333336,3.5039875714285715,3040.2000000000003,1092.0,0.1,0.0,0.028571428571428574,0.03,0.22,0.14,86.0,0.0,-0.07518957641475855,-0.9971692572470178,1.2246467991473532e-16,-1.0
2022-07-07,2.1,0.020000000000000018,2.12,2.1014285714285714,39.5,-0.7999999999999972,39.6,39.685714285714276,5.7,0.9000000000000004,4.633333333333333,4.6571428571428575,268.0,8.0,262.3333333333333,257.2857142857143,8.1,0.09999999999999964,8.033333333333333,8.014285714285714,13.1,-0.09999999999999964,13.200000000000001,13.071428571428571,8.8,0.10000000000000142,8.733333333333333,8.77142857142857,7.7,850,62.0,742.7142857142857,3.708645,3.589166,3.5346422857142854,3441.242857142857,1241.7333333333331,0.0,-0.1,0.028571428571428574,0.04,0.23333333333333336,0.1457142857142857,88.0,0.0,-0.09233133369539122,-0.9957283388645872,1.2246467991473532e-16,-1.0
2022-07-08,2.1,0.0,2.0933333333333333,2.097142857142857,40.5,1.0,40.1,39.89999999999999,4.3,-1.4000000000000004,4.933333333333333,4.514285714285714,273.0,5.0,267.0,260.2857142857143,8.1,0.0,8.066666666666666,8.028571428571428,13.5,0.40000000000000036,13.266666666666666,13.200000000000001,8.7,-0.10000000000000142,8.733333333333334,8.742857142857144,5.6,812,-38.0,754.0,3.661041,3.6607979999999998,3.5548208571428574,3719.7333333333327,1346.7999999999997,0.0,0.0,0.028571428571428574,0.12,0.06333333333333334,0.16285714285714287,87.0,0.0,-0.10944576864891556,-0.993992768446958,1.2246467991473532e-16,-1.0
2022-07-09,2.19,0.08999999999999986,2.13,2.1157142857142857,42.5,2.0,40.833333333333336,40.25714285714285,4.2,-0.09999999999999964,4.733333333333333,4.457142857142857,273.0,0.0,271.3333333333333,263.0,8.1,0.0,8.1,8.042857142857143,13.9,0.40000000000000036,13.5,13.314285714285713,8.7,0.0,8.733333333333333,8.728571428571428,5.8,806,-6.0,766.5714285714286,3.652916,3.674200666666667,3.5774845714285712,3628.4380952380952,1292.2,0.0,0.0,0.028571428571428574,0.16,0.10666666666666667,0.18285714285714286,80.0,0.0,-0.12652781683868314,-0.9919630595773397,1.2246467991473532e-16,-1.0
2022-07-10,2.1,-0.08999999999999986,2.1300000000000003,2.12,41.5,-1.0,41.5,40.39999999999999,4.2,0.0,4.233333333333333,4.428571428571429,272.0,-1.0,272.6666666666667,265.7142857142857,8.1,0.0,8.1,8.057142857142857,13.3,-0.5999999999999996,13.566666666666668,13.357142857142858,8.7,0.0,8.7,8.714285714285714,5.3,807,1.0,779.8571428571429,3.655208,3.6563883333333336,3.6015024285714285,3301.3952380952383,1151.4666666666667,0.0,0.0,0.028571428571428574,0.02,0.10000000000000002,0.14285714285714285,85.0,0.0,-0.1435724234118113,-0.9896398128792412,1.2246467991473532e-16,-1.0
2022-07-11,2.1,0.0,2.1300000000000003,2.1214285714285714,44.5,3.0,42.833333333333336,41.11428571428571,4.0,-0.20000000000000018,4.133333333333334,4.371428571428572,273.0,1.0,272.6666666666667,268.2857142857143,8.1,0.0,8.1,8.071428571428571,12.5,-0.8000000000000007,13.233333333333334,13.257142857142858,8.9,0.20000000000000107,8.766666666666666,8.742857142857142,4.9,822,15.0,796.4285714285714,3.674062,3.660728666666667,3.630103571428571,3291.9047619047624,1128.4,0.0,0.0,0.028571428571428574,0.0,0.06,0.14285714285714285,90.0,0.0,-0.16057454459499376,-0.9870237158387383,1.2246467991473532e-16,-1.0
2022-07-12,2.0,-0.10000000000000009,2.066666666666667,2.0957142857142856,45.0,0.5,43.666666666666664,41.97142857142857,4.0,0.0,4.066666666666666,4.457142857142857,267.0,-6.0,270.6666666666667,269.42857142857144,8.1,0.0,8.1,8.085714285714285,13.0,0.5,12.933333333333335,13.214285714285714,8.8,-0.09999999999999964,8.8,8.757142857142856,5.0,763,-59.0,806.8571428571429,3.589687,3.6396523333333337,3.6506095714285713,3281.2190476190476,1085.8,0.0,0.0,0.014285714285714287,0.0,0.006666666666666667,0.05285714285714287,96.0,0.0,-0.17752914918703497,-0.984115542601034,1.2246467991473532e-16,-1.0
2022-07-13,2.1,0.10000000000000009,2.0666666666666664,2.0985714285714283,42.5,-2.5,44.0,42.285714285714285,4.0,0.0,4.0,4.3428571428571425,265.0,-2.0,268.3333333333333,270.14285714285717,8.0,-0.09999999999999964,8.066666666666666,8.085714285714285,13.0,0.0,12.833333333333334,13.185714285714287,8.8,0.0,8.833333333333334,8.77142857142857,5.2,754,-9.0,802.0,3.574375,3.612708,3.645133428571429,3208.0,1060.0,0.0,0.0,0.0,0.0,0.0,0.048571428571428585,93.0,0.0,-0.19443122004766195,-0.9809161537413774,1.2246467991473532e-16,-1.0
2022-07-14,2.0,-0.10000000000000009,2.033333333333333,2.084285714285714,45.0,2.5,44.166666666666664,43.07142857142857,3.8,-0.20000000000000018,3.9333333333333336,4.071428571428571,267.0,2.0,266.3333333333333,270.0,8.0,0.0,8.033333333333333,8.071428571428571,13.1,0.09999999999999964,13.033333333333331,13.185714285714285,8.7,-0.10000000000000142,8.766666666666667,8.757142857142856,5.3,745,-9.0,787.0,3.560208,3.574756666666666,3.623928142857143,3095.5333333333333,1050.2,0.0,0.0,0.0,0.0,0.0,0.04285714285714287,74.0,0.0,-0.2112757555821793,-0.9774264960104055,1.2246467991473532e-16,-1.0
2022-07-15,2.0,0.0,2.033333333333333,2.07,44.5,-0.5,44.0,43.642857142857146,4.6,0.7999999999999998,4.133333333333333,4.114285714285715,267.0,0.0,266.3333333333333,269.14285714285717,8.1,0.09999999999999964,8.033333333333333,8.071428571428571,14.6,1.5,13.566666666666665,13.342857142857142,8.4,-0.29999999999999893,8.633333333333333,8.714285714285714,11.3,606,-139.0,757.5714285714286,3.291875,3.475486,3.571190142857143,3131.295238095238,1103.6,0.0,0.0,0.0,0.0,0.0,0.025714285714285728,87.0,0.0,-0.2280577712215198,-0.9736476020539838,1.2246467991473532e-16,-1.0
2022-07-16,2.0,0.0,2.0,2.042857142857143,45.5,1.0,45.0,44.07142857142857,5.3,0.7000000000000002,4.566666666666666,4.271428571428571,260.0,-7.0,264.6666666666667,267.2857142857143,8.0,-0.09999999999999964,8.033333333333333,8.057142857142857,14.9,0.3000000000000007,14.199999999999998,13.485714285714286,8.4,0.0,8.5,8.671428571428573,12.1,745,139.0,748.8571428571429,3.558645,3.470242666666666,3.557722857142857,3419.7809523809524,1187.3333333333333,0.0,0.0,0.0,0.18,0.06,0.028571428571428584,92.0,0.0,-0.24477230089725957,-0.9695805901076308,1.2246467991473532e-16,-1.0
2022-07-17,2.1,0.10000000000000009,2.033333333333333,2.042857142857143,48.0,2.5,46.0,45.0,3.7,-1.5999999999999996,4.533333333333332,4.2,277.0,17.0,268.0,268.0,8.1,0.09999999999999964,8.066666666666666,8.057142857142857,14.8,-0.09999999999999964,14.766666666666666,13.7,8.4,0.0,8.4,8.628571428571428,4.8,789,44.0,746.2857142857143,3.629895,3.4934716666666668,3.5541067142857146,3383.161904761904,1255.7333333333331,0.0,0.0,0.0,0.0,0.06,0.025714285714285728,89.0,0.0,-0.2614143985111562,-0.965226663665613,1.2246467991473532e-16,-1.0
2022-07-18,2.1,0.0,2.066666666666667,2.042857142857143,45.0,-3.0,46.166666666666664,45.07142857142857,3.0,-0.7000000000000002,4.0,4.057142857142857,282.0,5.0,273.0,269.2857142857143,8.1,0.0,8.066666666666668,8.057142857142855,14.1,-0.7000000000000011,14.6,13.928571428571429,8.5,0.09999999999999964,8.433333333333335,8.571428571428571,3.8,778,-11.0,740.0,3.612291,3.6002769999999997,3.545282285714286,2960.0,1128.0,0.0,0.0,0.0,0.06,0.08,0.0342857142857143,91.0,0.0,-0.2779791393987801,-0.9605871111248129,1.2246467991473532e-16,-1.0
2022-07-19,2.15,0.04999999999999982,2.1166666666666667,2.064285714285714,45.5,0.5,46.166666666666664,45.142857142857146,2.2,-0.7999999999999998,2.966666666666667,3.8,283.0,1.0,280.6666666666667,271.57142857142856,8.1,0.0,8.1,8.057142857142857,14.1,0.0,14.333333333333334,14.085714285714285,8.5,0.0,8.466666666666667,8.528571428571428,3.6,772,-6.0,741.2857142857143,3.603229,3.615138333333333,3.547216857142857,2199.147619047619,839.5666666666667,0.0,0.0,0.0,0.0,0.02,0.0342857142857143,88.0,0.0,-0.2944616217868012,-0.9556633054034704,1.2246467991473532e-16,-1.0
2022-07-20,2.1,-0.04999999999999982,2.1166666666666667,2.0642857142857145,49.0,3.5,46.5,46.07142857142857,1.9,-0.30000000000000027,2.3666666666666667,3.5,285.0,2.0,283.3333333333333,274.42857142857144,8.0,-0.09999999999999964,8.066666666666666,8.057142857142857,14.1,0.0,14.1,14.242857142857142,8.5,0.0,8.5,8.485714285714286,2.7,775,3.0,744.2857142857143,3.608541,3.6080203333333336,3.552097714285714,1761.4761904761906,674.5,0.0,0.0,0.0,0.0,0.02,0.0342857142857143,94.0,0.0,-0.3108569682435036,-0.9504567035349151,1.2246467991473532e-16,-1.0
2022-07-21,2.0,-0.10000000000000009,2.0833333333333335,2.0642857142857145,50.0,1.0,48.166666666666664,46.785714285714285,2.0,0.10000000000000009,2.033333333333333,3.242857142857143,285.0,0.0,284.3333333333333,277.0,8.0,0.0,8.033333333333333,8.057142857142857,13.3,-0.7999999999999989,13.833333333333334,14.271428571428572,8.7,0.1999999999999993,8.566666666666668,8.485714285714286,3.7,766,-9.0,747.2857142857143,3.593645,3.601805,3.5568744285714287,1519.4809523809524,579.5,0.0,0.0,0.0,0.0,0.0,0.0342857142857143,94.0,0.0,-0.3271603271220951,-0.9449688462364056,1.2246467991473532e-16,-1.0
2022-07-22,2.0,0.0,2.033333333333333,2.0642857142857145,50.5,0.5,49.833333333333336,47.642857142857146,2.0,0.0,1.9666666666666668,2.871428571428571,285.0,0.0,285.0,279.57142857142856,8.1,0.09999999999999964,8.033333333333333,8.057142857142857,13.0,-0.3000000000000007,13.466666666666667,14.042857142857144,8.7,0.0,8.633333333333333,8.528571428571428,2.7,760,-6.0,769.2857142857143,3.584583,3.5955896666666667,3.598689857142857,1512.9285714285716,560.5,0.0,0.0,0.0,0.06,0.02,0.04285714285714287,92.0,0.0,-0.34336687399638804,-0.939201357453208,1.2246467991473532e-16,-1.0
2022-07-23,2.03,0.029999999999999805,2.01,2.0685714285714285,50.0,-0.5,50.166666666666664,48.285714285714285,2.1,0.10000000000000009,2.033333333333333,2.414285714285714,285.0,0.0,285.0,283.14285714285717,8.0,-0.09999999999999964,8.033333333333333,8.057142857142857,12.7,-0.3000000000000007,13.0,13.728571428571428,8.8,0.10000000000000142,8.733333333333334,8.585714285714285,2.6,763,3.0,771.8571428571429,3.588854,3.5890273333333336,3.6030054285714286,1569.442857142857,579.5,0.0,0.0,0.0,0.05,0.03666666666666667,0.0242857142857143,85.0,0.0,-0.3594718130884232,-0.9331559438780432,1.2246467991473532e-16,-1.0
2022-07-24,2.05,0.020000000000000018,2.026666666666667,2.0614285714285714,49.5,-0.5,50.0,48.5,2.2,0.10000000000000009,2.1,2.2,283.0,-2.0,284.3333333333333,284.0,8.0,0.0,8.033333333333333,8.042857142857143,12.7,0.0,12.799999999999999,13.428571428571429,8.8,0.0,8.766666666666666,8.642857142857142,17.8,796,33.0,772.8571428571429,3.635833,3.60309,3.6038537142857137,1623.0000000000002,594.3000000000001,0.0,0.0,0.0,0.0,0.03666666666666667,0.0242857142857143,90.0,0.0,-0.3754703786876202,-0.9268343944460494,1.2246467991473532e-16,-1.0
2022-07-25,2.01,-0.040000000000000036,2.03,2.0485714285714285,48.5,-1.0,49.333333333333336,49.0,5.8,3.5999999999999996,3.366666666666667,2.6000000000000005,272.0,-11.0,280.0,282.57142857142856,8.1,0.09999999999999964,8.033333333333333,8.042857142857143,13.4,0.7000000000000011,12.933333333333332,13.328571428571427,8.7,-0.10000000000000142,8.766666666666667,8.671428571428573,16.7,813,17.0,777.8571428571429,3.648437,3.6243746666666667,3.6090174285714283,2618.7857142857147,915.7333333333335,0.0,0.0,0.0,0.0,0.016666666666666666,0.01571428571428573,91.0,0.0,-0.3913578365610259,-0.9202385798054075,1.2246467991473532e-16,-1.0
2022-07-26,2.06,0.050000000000000266,2.04,2.0357142857142856,48.5,0.0,48.833333333333336,49.42857142857143,3.1,-2.6999999999999997,3.6999999999999997,2.728571428571428,277.0,5.0,277.3333333333333,281.7142857142857,8.1,0.0,8.066666666666668,8.042857142857143,14.8,1.4000000000000004,13.633333333333333,13.428571428571429,8.4,-0.29999999999999893,8.633333333333333,8.657142857142857,4.8,642,-171.0,759.2857142857143,3.379479,3.5545829999999996,3.577053142857143,2809.3571428571427,1024.8999999999999,0.0,0.0,0.0,0.04,0.013333333333333334,0.021428571428571443,92.0,0.0,-0.4071294853542516,-0.9133704517637858,1.2246467991473532e-16,-1.0
2022-07-27,2.05,-0.010000000000000231,2.04,2.0285714285714285,48.5,0.0,48.5,49.357142857142854,5.3,2.1999999999999997,4.733333333333333,3.2142857142857144,276.0,-1.0,275.0,280.42857142857144,8.2,0.09999999999999964,8.133333333333333,8.071428571428571,16.1,1.3000000000000007,14.766666666666667,13.714285714285714,8.2,-0.20000000000000107,8.433333333333334,8.614285714285714,13.5,596,-46.0,733.7142857142857,3.294166,3.440694,3.5321424285714285,3472.9142857142856,1306.4,0.0,0.0,0.0,0.18,0.07333333333333333,0.04714285714285715,78.0,0.0,-0.4227806579826773,-0.9062320427107697,1.2246467991473532e-16,-1.0
2022-07-28,2.13,0.08000000000000007,2.0799999999999996,2.0471428571428567,48.0,-0.5,48.333333333333336,49.07142857142857,5.8,0.5,4.733333333333333,3.757142857142857,279.0,3.0,277.3333333333333,279.57142857142856,8.1,-0.09999999999999964,8.133333333333333,8.085714285714285,15.0,-1.1000000000000014,15.300000000000002,13.957142857142856,8.4,0.20000000000000107,8.333333333333334,8.571428571428571,72.5,590,-6.0,708.5714285714286,3.283125,3.3189233333333337,3.4877824285714283,3353.904761904762,1320.6,0.0,0.0,0.0,0.0,0.07333333333333333,0.04714285714285715,84.0,0.0,-0.4383067230125192,-0.898825465016444,1.2246467991473532e-16,-1.0
2022-07-29,2.21,0.08000000000000007,2.13,2.077142857142857,50.0,2.0,48.833333333333336,49.0,3.3,-2.5,4.8,3.942857142857143,284.0,5.0,279.6666666666667,279.42857142857144,8.2,0.09999999999999964,8.166666666666666,8.1,14.2,-0.8000000000000007,15.1,14.128571428571428,8.5,0.09999999999999964,8.366666666666667,8.542857142857143,4.9,569,-21.0,681.2857142857143,3.2425,3.273263666666667,3.438913428571429,3270.171428571429,1363.2,0.0,0.0,0.0,0.27,0.15,0.07714285714285715,83.0,0.0,-0.45370308603134424,-0.8911529104063088,1.2246467991473532e-16,-1.0
2022-07-30,2.32,0.10999999999999988,2.22,2.1185714285714283,51.5,1.5,49.833333333333336,49.214285714285715,2.9,-0.3999999999999999,4.0,4.057142857142857,282.0,-2.0,281.6666666666667,279.0,8.1,-0.09999999999999964,8.133333333333333,8.114285714285714,14.5,0.3000000000000007,14.566666666666668,14.385714285714286,8.5,0.0,8.466666666666667,8.5,4.7,590,21.0,656.5714285714286,3.280729,3.2687846666666664,3.394895571428571,2626.285714285714,1128.0,0.0,0.0,0.0,0.14,0.1366666666666667,0.09000000000000001,84.0,0.0,-0.46896519100763184,-0.8832166493127127,1.2246467991473532e-16,-1.0
2022-07-31,2.28,-0.040000000000000036,2.27,2.1514285714285712,52.0,0.5,51.166666666666664,49.57142857142857,3.5,0.6000000000000001,3.233333333333333,4.242857142857143,288.0,6.0,284.6666666666667,279.7142857142857,8.1,0.0,8.133333333333333,8.128571428571428,14.2,-0.3000000000000007,14.299999999999999,14.6,8.5,0.0,8.5,8.457142857142857,4.5,666,76.0,638.0,3.423437,3.3155553333333336,3.364553285714286,2062.8666666666663,931.1999999999999,0.0,0.0,0.0,0.0,0.1366666666666667,0.09000000000000001,75.0,0.0,-0.48408852163897587,-0.8750190302029955,1.2246467991473532e-16,-1.0
2022-08-01,2.22,-0.05999999999999961,2.2733333333333334,2.1814285714285715,53.0,1.0,52.166666666666664,50.214285714285715,3.2,-0.2999999999999998,3.1999999999999997,3.871428571428571,288.0,0.0,286.0,282.0,8.1,0.0,8.1,8.128571428571428,13.1,-1.0999999999999996,13.933333333333332,14.557142857142855,8.7,0.1999999999999993,8.566666666666668,8.457142857142857,4.6,702,36.0,622.1428571428571,3.487083,3.397083,3.3415027142857143,1990.8571428571427,921.5999999999999,0.0,0.0,0.0,0.0,0.04666666666666667,0.09000000000000001,80.0,0.0,-0.4990686026885319,-0.8665624788845385,-0.4999999999999997,-0.8660254037844388
2022-08-02,2.2,-0.020000000000000018,2.233333333333333,2.2014285714285715,50.5,-2.5,51.833333333333336,50.5,3.0,-0.20000000000000018,3.233333333333333,3.857142857142857,287.0,-1.0,287.6666666666667,283.42857142857144,8.0,-0.09999999999999964,8.066666666666665,8.114285714285714,13.6,0.5,13.633333333333333,14.385714285714286,8.6,-0.09999999999999964,8.6,8.485714285714286,4.0,711,9.0,632.0,3.501979,3.4708330000000003,3.3590027142857144,2043.4666666666665,927.9666666666666,0.0,0.0,0.0,0.0,0.0,0.0842857142857143,88.0,0.0,-0.5139010013093103,-0.8578494977869301,-0.4999999999999997,-0.8660254037844388
2022-08-03,2.16,-0.040000000000000036,2.1933333333333334,2.217142857142857,48.8,-1.7000000000000028,50.76666666666667,50.542857142857144,2.7,-0.2999999999999998,2.966666666666667,3.4857142857142853,289.0,2.0,288.0,285.2857142857143,8.1,0.09999999999999964,8.066666666666666,8.1,14.1,0.5,13.6,14.099999999999998,8.5,-0.09999999999999964,8.6,8.528571428571428,3.9,699,-12.0,646.7142857142857,3.481145,3.490069,3.385714,1918.5857142857142,857.3666666666667,0.0,0.0,0.0,0.0,0.0,0.058571428571428594,88.0,0.0,-0.5285813283559292,-0.8488826652214553,-0.4999999999999997,-0.8660254037844388
2022-08-04,2.1,-0.06000000000000005,2.1533333333333333,2.212857142857143,50.2,1.4000000000000057,49.833333333333336,50.857142857142854,2.6,-0.10000000000000009,2.766666666666667,3.0285714285714285,286.0,-3.0,287.3333333333333,286.2857142857143,8.1,0.0,8.066666666666668,8.1,14.0,-0.09999999999999964,13.899999999999999,13.957142857142856,8.6,0.09999999999999964,8.566666666666668,8.557142857142857,3.7,705,6.0,663.1428571428571,3.491875,3.4916663333333333,3.4155354285714288,1834.6952380952382,791.2666666666668,0.0,0.0,0.0,0.0,0.0,0.058571428571428594,89.0,0.0,-0.5431052396834317,-0.8396646346181327,-0.4999999999999997,-0.8660254037844388
2022-08-05,2.15,0.04999999999999982,2.1366666666666667,2.204285714285714,50.5,0.29999999999999716,49.833333333333336,50.92857142857143,2.8,0.19999999999999973,2.7000000000000006,2.957142857142857,287.0,1.0,287.3333333333333,286.7142857142857,8.0,-0.09999999999999964,8.066666666666668,8.071428571428571,14.1,0.09999999999999964,14.066666666666668,13.942857142857141,8.5,-0.09999999999999964,8.533333333333333,8.557142857142857,4.5,701,-4.0,682.0,3.484895,3.4859716666666665,3.450163285714286,1841.4000000000003,774.9000000000002,0.0,0.0,0.0,0.0,0.0,0.020000000000000018,90.0,0.0,-0.5574684374327892,-0.8301981337405212,-0.4999999999999997,-0.8660254037844388
2022-08-06,1.9,-0.25,2.05,2.144285714285714,48.0,-2.5,49.56666666666666,50.42857142857143,3.9,1.1,3.0999999999999996,3.1,286.0,-1.0,286.3333333333333,287.2857142857143,8.1,0.09999999999999964,8.066666666666666,8.071428571428571,14.4,0.3000000000000007,14.166666666666666,13.928571428571429,8.5,0.0,8.533333333333333,8.557142857142857,5.9,715,14.0,699.8571428571429,3.50875,3.4951733333333332,3.4827377142857143,2169.557142857143,886.5999999999999,0.0,0.0,0.0,0.04,0.013333333333333334,0.00571428571428573,85.0,0.0,-0.5716666713027052,-0.8204859638785327,-0.4999999999999997,-0.8660254037844388
2022-08-07,2.06,0.16000000000000014,2.0366666666666666,2.1128571428571425,49.5,1.5,49.333333333333336,50.07142857142857,7.5,3.6,4.733333333333333,3.6714285714285713,289.0,3.0,287.3333333333333,287.42857142857144,8.1,0.0,8.066666666666668,8.071428571428571,15.0,0.5999999999999996,14.5,14.042857142857143,8.4,-0.09999999999999964,8.466666666666667,8.542857142857143,158.0,705,-10.0,705.4285714285714,3.488541,3.4940619999999996,3.492038285714286,3339.0285714285715,1367.9333333333334,0.0,0.0,0.0,0.0,0.013333333333333334,0.00571428571428573,93.0,0.0,-0.5856957398073508,-0.8105309990194823,-0.4999999999999997,-0.8660254037844388
2022-08-08,2.19,0.1299999999999999,2.0500000000000003,2.108571428571429,47.0,-2.5,48.166666666666664,49.214285714285715,11.6,4.1,7.666666666666667,4.871428571428572,284.0,-5.0,286.3333333333333,286.85714285714283,8.1,0.0,8.1,8.071428571428571,15.7,0.6999999999999993,15.033333333333333,14.414285714285715,8.2,-0.20000000000000107,8.366666666666665,8.471428571428572,68.3,656,-49.0,698.8571428571429,3.403958,3.467083,3.4801632857142857,5357.904761904762,2177.3333333333335,0.0,0.0,0.0,0.0,0.013333333333333334,0.00571428571428573,94.0,0.0,-0.5995514915196489,-0.8003361849976323,-0.4999999999999997,-0.8660254037844388
2022-08-09,2.24,0.050000000000000266,2.1633333333333336,2.1142857142857143,49.5,2.5,48.666666666666664,49.07142857142857,7.0,-4.6,8.700000000000001,5.442857142857143,290.0,6.0,287.6666666666667,287.2857142857143,8.2,0.09999999999999964,8.133333333333333,8.1,15.9,0.20000000000000107,15.533333333333333,14.742857142857142,8.2,0.0,8.266666666666667,8.414285714285715,10.9,564,-92.0,677.8571428571429,3.2325,3.374999666666667,3.441666285714286,5897.357142857144,2523.0000000000005,0.0,0.0,0.0,0.12,0.04,0.022857142857142874,90.0,0.0,-0.6132298262997502,-0.7899045386224707,-0.4999999999999997,-0.8660254037844388
2022-08-10,2.41,0.16999999999999993,2.28,2.15,54.5,5.0,50.333333333333336,49.885714285714286,5.9,-1.0999999999999996,8.166666666666666,5.8999999999999995,290.0,0.0,288.0,287.42857142857144,8.2,0.0,8.166666666666666,8.114285714285714,16.1,0.20000000000000107,15.9,15.028571428571428,8.2,0.0,8.2,8.37142857142857,7.7,591,27.0,662.4285714285714,3.283437,3.3066316666666666,3.4134222857142857,5409.833333333333,2368.333333333333,0.0,0.0,0.0,0.11,0.07666666666666666,0.03857142857142859,83.0,0.0,-0.6267266965083301,-0.7792391467859886,-0.4999999999999997,-0.8660254037844388
2022-08-11,2.56,0.1499999999999999,2.4033333333333338,2.2157142857142857,58.5,4.0,54.166666666666664,51.07142857142857,5.8,-0.10000000000000053,6.233333333333333,6.357142857142857,294.0,4.0,291.3333333333333,288.57142857142856,8.2,0.0,8.2,8.128571428571428,15.6,-0.5000000000000018,15.866666666666667,15.257142857142856,8.3,0.10000000000000142,8.233333333333333,8.328571428571427,8.6,696,105.0,661.1428571428571,3.47552,3.3304856666666667,3.411085857142857,4121.1238095238095,1832.6,0.0,0.0,0.0,0.0,0.07666666666666666,0.03857142857142859,86.0,0.0,-0.6400381082043503,-0.7683431655492202,-0.4999999999999997,-0.8660254037844388
2022-08-12,2.59,0.029999999999999805,2.52,2.2785714285714285,58.5,0.0,57.166666666666664,52.214285714285715,6.1,0.2999999999999998,5.933333333333334,6.828571428571428,298.0,4.0,294.0,290.14285714285717,8.2,0.0,8.2,8.157142857142857,14.6,-1.0,15.433333333333332,15.328571428571427,8.5,0.1999999999999993,8.333333333333334,8.328571428571427,8.2,770,74.0,671.0,3.600937,3.453298,3.4276632857142855,3981.266666666667,1768.1333333333334,0.0,0.0,0.0,0.0,0.03666666666666667,0.03857142857142859,91.0,0.0,-0.65316012232693,-0.7572198192083127,-0.4999999999999997,-0.8660254037844388
2022-08-13,2.56,-0.029999999999999805,2.5700000000000003,2.3728571428571428,57.5,-1.0,58.166666666666664,53.57142857142857,5.5,-0.5999999999999996,5.8,7.057142857142857,298.0,0.0,296.6666666666667,291.85714285714283,8.3,0.10000000000000142,8.233333333333333,8.185714285714285,14.5,-0.09999999999999964,14.9,15.342857142857143,8.5,0.0,8.433333333333334,8.328571428571427,6.7,731,-39.0,673.2857142857143,3.53375,3.5367356666666665,3.4312347142857145,3905.057142857143,1728.3999999999999,0.0,0.0,0.0,0.0,0.0,0.03285714285714287,90.0,0.0,-0.666088855860977,-0.7458723993404063,-0.4999999999999997,-0.8660254037844388
2022-08-14,2.59,0.029999999999999805,2.58,2.448571428571429,58.0,0.5,58.0,54.785714285714285,4.7,-0.7999999999999998,5.433333333333333,6.6571428571428575,291.0,-7.0,295.6666666666667,292.14285714285717,8.3,0.0,8.266666666666667,8.214285714285714,15.0,0.5,14.699999999999998,15.342857142857143,8.4,-0.09999999999999964,8.466666666666667,8.328571428571427,5.9,628,-103.0,662.2857142857143,3.353125,3.4959373333333335,3.411889571428571,3598.4190476190474,1581.1,0.0,0.0,0.0,0.0,0.0,0.03285714285714287,93.0,0.0,-0.6788204829862355,-0.734304263829602,-0.4999999999999997,-0.8660254037844388
2022-08-15,2.44,-0.1499999999999999,2.53,2.4842857142857144,58.0,0.0,57.833333333333336,56.357142857142854,4.6,-0.10000000000000053,4.933333333333334,5.657142857142857,282.0,-9.0,290.3333333333333,291.85714285714283,8.2,-0.10000000000000142,8.266666666666667,8.22857142857143,14.7,-0.3000000000000007,14.733333333333334,15.200000000000001,8.4,0.0,8.433333333333334,8.357142857142858,285.0,569,-59.0,649.8571428571429,3.241562,3.3761456666666665,3.388690142857143,3205.961904761905,1391.2,0.0,0.0,0.0,0.0,0.0,0.03285714285714287,90.0,0.0,-0.6913512362094071,-0.722518835873311,-0.4999999999999997,-0.8660254037844388
2022-08-16,2.5,0.06000000000000005,2.51,2.5214285714285714,57.0,-1.0,57.666666666666664,57.42857142857143,9.6,5.0,6.3,6.028571428571428,273.0,-9.0,282.0,289.42857142857144,8.1,-0.09999999999999964,8.200000000000001,8.214285714285714,13.3,-1.3999999999999986,14.333333333333334,14.828571428571427,8.7,0.29999999999999893,8.5,8.428571428571429,29.0,630,61.0,659.2857142857143,3.35663,3.3171056666666665,3.4064229999999998,4153.5,1719.8999999999999,0.0,0.0,0.0,0.04,0.013333333333333334,0.021428571428571443,91.0,0.0,-0.7036774074790128,-0.7105196029692745,-0.4999999999999997,-0.8660254037844388
2022-08-17,2.47,-0.029999999999999805,2.47,2.5300000000000002,57.5,0.5,57.5,57.857142857142854,8.4,-1.1999999999999993,7.533333333333334,6.385714285714286,263.0,-10.0,272.6666666666667,285.57142857142856,8.2,0.09999999999999964,8.166666666666666,8.214285714285714,14.5,1.1999999999999993,14.166666666666666,14.6,8.5,-0.1999999999999993,8.533333333333333,8.471428571428572,9.9,599,-31.0,660.4285714285714,3.299479,3.2992236666666663,3.4087147142857144,4975.228571428572,1981.2666666666669,0.0,0.0,0.0,0.04,0.02666666666666667,0.011428571428571444,90.0,0.0,-0.7157953492826642,-0.6983101158835584,-0.4999999999999997,-0.8660254037844388
2022-08-18,2.39,-0.08000000000000007,2.4533333333333336,2.505714285714286,58.5,1.0,57.666666666666664,57.857142857142854,5.8,-2.6000000000000005,7.933333333333333,6.385714285714286,276.0,13.0,270.6666666666667,283.0,8.4,0.20000000000000107,8.233333333333333,8.242857142857142,15.1,0.5999999999999996,14.299999999999999,14.528571428571428,8.4,-0.09999999999999964,8.533333333333333,8.485714285714286,8.3,509,-90.0,633.7142857142857,3.122083,3.2593973333333337,3.3582237142857143,5027.466666666666,2189.6,0.0,0.0,0.0,0.86,0.3133333333333333,0.13428571428571429,83.0,0.0,-0.7277014757264236,-0.6858939875998223,-0.4999999999999997,-0.8660254037844388
2022-08-19,2.46,0.06999999999999984,2.44,2.487142857142857,57.5,-1.0,57.833333333333336,57.714285714285715,5.2,-0.5999999999999996,6.466666666666666,6.257142857142857,286.0,10.0,275.0,281.2857142857143,8.4,0.0,8.333333333333334,8.271428571428572,14.7,-0.40000000000000036,14.766666666666666,14.542857142857143,8.4,0.0,8.433333333333334,8.471428571428572,6.6,486,-23.0,593.1428571428571,3.072083,3.1645483333333337,3.282673142857143,3835.6571428571424,1849.4666666666665,0.0,0.0,0.0,0.43,0.4433333333333333,0.19571428571428573,66.0,0.0,-0.7393922635959241,-0.673274892250183,-0.4999999999999997,-0.8660254037844388
2022-08-20,2.59,0.1299999999999999,2.48,2.4914285714285715,63.0,5.5,59.666666666666664,58.5,5.3,0.09999999999999964,5.433333333333334,6.228571428571429,288.0,2.0,283.3333333333333,279.85714285714283,8.3,-0.09999999999999964,8.366666666666667,8.27142857142857,13.5,-1.1999999999999993,14.433333333333332,14.4,8.6,0.1999999999999993,8.466666666666667,8.485714285714286,7.7,533,47.0,564.8571428571429,3.169479,3.121215,3.2306344285714284,3069.0571428571434,1564.8000000000002,0.0,0.0,0.0,0.0,0.42999999999999994,0.19571428571428573,79.0,0.0,-0.7508642533989489,-0.6604565640279754,-0.4999999999999997,-0.8660254037844388
2022-08-21,2.66,0.07000000000000028,2.57,2.501428571428572,62.0,-1.0,60.833333333333336,59.07142857142857,6.9,1.6000000000000005,5.8,6.542857142857143,284.0,-4.0,286.0,278.85714285714283,8.3,0.0,8.333333333333334,8.271428571428572,13.6,0.09999999999999964,13.933333333333332,14.2,8.6,0.0,8.533333333333333,8.514285714285714,9.3,624,91.0,564.2857142857143,3.347083,3.196215,3.229771285714286,3272.857142857143,1647.2,0.0,0.0,0.0,0.0,0.14333333333333334,0.19571428571428573,83.0,0.0,-0.7621140503891487,-0.6474427960827475,-0.4999999999999997,-0.8660254037844388
2022-08-22,2.67,0.009999999999999787,2.64,2.5342857142857143,63.5,1.5,62.833333333333336,59.857142857142854,8.6,1.6999999999999993,6.933333333333334,7.114285714285715,274.0,-10.0,282.0,277.7142857142857,8.2,-0.10000000000000142,8.266666666666667,8.27142857142857,13.6,0.0,13.566666666666668,14.042857142857143,8.6,0.0,8.6,8.542857142857143,11.2,675,51.0,579.4285714285714,3.43875,3.3184373333333332,3.2579409999999998,4017.3714285714286,1899.7333333333333,0.0,0.0,0.0,0.0,0.0,0.19571428571428573,77.0,0.0,-0.7731383255706026,-0.6342374393978054,-0.4999999999999997,-0.8660254037844388
2022-08-23,2.72,0.050000000000000266,2.6833333333333336,2.565714285714286,65.0,1.5,63.5,61.0,5.9,-2.6999999999999993,7.133333333333333,6.585714285714286,282.0,8.0,280.0,279.0,8.3,0.10000000000000142,8.266666666666666,8.299999999999999,13.9,0.3000000000000007,13.700000000000001,14.128571428571428,8.6,0.0,8.6,8.528571428571428,7.6,647,-28.0,581.8571428571429,3.387812,3.3912150000000003,3.2623955714285713,4150.580952380952,2011.6,0.0,0.0,0.0,0.02,0.006666666666666667,0.19285714285714287,79.0,0.0,-0.7839338166829201,-0.620844401650647,-0.4999999999999997,-0.8660254037844388
2022-08-24,2.69,-0.03000000000000025,2.6933333333333334,2.597142857142857,64.0,-1.0,64.16666666666667,61.92857142857143,6.0,0.09999999999999964,6.833333333333333,6.242857142857143,289.0,7.0,281.6666666666667,282.7142857142857,8.3,0.0,8.266666666666667,8.314285714285715,14.0,0.09999999999999964,13.833333333333334,14.057142857142855,8.6,0.0,8.6,8.542857142857143,8.4,686,39.0,594.2857142857143,3.458854,3.4284720000000006,3.285163428571429,4060.952380952381,1974.8333333333333,0.0,0.0,0.0,0.16,0.06,0.21,79.0,0.0,-0.7944973291665992,-0.6072676460566135,-0.4999999999999997,-0.8660254037844388
2022-08-25,2.68,-0.009999999999999787,2.6966666666666668,2.6385714285714283,64.5,0.5,64.5,62.785714285714285,5.4,-0.5999999999999996,5.766666666666667,6.185714285714285,285.0,-4.0,285.3333333333333,284.0,8.2,-0.10000000000000142,8.266666666666666,8.285714285714286,13.1,-0.9000000000000004,13.666666666666666,13.771428571428572,8.8,0.20000000000000107,8.666666666666666,8.6,8.2,757,71.0,629.7142857142857,3.57927,3.475312,3.350475857142857,3631.352380952381,1643.5,0.0,0.0,0.0,0.13,0.10333333333333333,0.10571428571428573,79.0,0.0,-0.8048257371083452,-0.593511190196115,-0.4999999999999997,-0.8660254037844388
2022-08-26,2.66,-0.020000000000000018,2.6766666666666663,2.667142857142857,61.8,-2.700000000000003,63.43333333333334,63.4,5.4,0.0,5.6000000000000005,6.214285714285714,283.0,-2.0,285.6666666666667,283.57142857142856,8.2,0.0,8.233333333333334,8.257142857142856,12.9,-0.1999999999999993,13.333333333333334,13.514285714285714,8.8,0.0,8.733333333333334,8.657142857142857,8.5,835,78.0,679.5714285714286,3.690729,3.5762843333333336,3.438853857142857,3805.6000000000004,1584.8000000000002,0.0,0.0,0.0,0.0,0.09666666666666666,0.0442857142857143,82.0,0.0,-0.8149159841660791,-0.5795791048257612,-0.4999999999999997,-0.8660254037844388
2022-08-27,2.73,0.06999999999999984,2.69,2.687142857142857,62.2,0.4000000000000057,62.833333333333336,63.285714285714285,7.3,1.8999999999999995,6.033333333333334,6.5,284.0,1.0,284.0,283.0,8.2,0.0,8.2,8.242857142857144,13.0,0.09999999999999964,13.0,13.442857142857141,8.7,-0.10000000000000142,8.766666666666666,8.671428571428573,8.3,951,116.0,739.2857142857143,3.853645,3.7078813333333334,3.536591857142857,4460.357142857144,1713.466666666667,0.0,0.0,0.0,0.0,0.043333333333333335,0.0442857142857143,83.0,0.0,-0.8247650844733614,-0.5654755126737576,-0.4999999999999997,-0.8660254037844388
2022-08-28,2.74,0.010000000000000231,2.7100000000000004,2.698571428571429,64.1,1.8999999999999915,62.699999999999996,63.58571428571429,5.1,-2.2,5.933333333333334,6.242857142857143,290.0,6.0,285.6666666666667,283.85714285714283,8.1,-0.09999999999999964,8.166666666666666,8.214285714285714,12.3,-0.6999999999999993,12.733333333333334,13.257142857142858,8.9,0.20000000000000107,8.8,8.714285714285714,6.2,928,-23.0,782.7142857142857,3.815937,3.786770333333333,3.603571,4644.104761904762,1720.6666666666667,0.0,0.0,0.0,0.0,0.0,0.0442857142857143,83.0,0.0,-0.8343701235229537,-0.5512045872199277,-0.4999999999999997,-0.8660254037844388
2022-08-29,2.71,-0.03000000000000025,2.7266666666666666,2.704285714285714,64.0,-0.09999999999999432,63.43333333333334,63.65714285714286,4.9,-0.1999999999999993,5.766666666666667,5.714285714285714,295.0,5.0,289.6666666666667,286.85714285714283,8.2,0.09999999999999964,8.166666666666666,8.214285714285714,13.0,0.6999999999999993,12.766666666666666,13.171428571428569,8.8,-0.09999999999999964,8.8,8.742857142857144,6.5,960,32.0,823.4285714285714,3.867395,3.845659,3.664806,4748.438095238095,1701.1666666666667,0.0,0.0,0.0,0.0,0.0,0.0442857142857143,80.0,0.0,-0.8437282590292712,-0.5367705514607103,-0.4999999999999997,-0.8660254037844388
2022-08-30,2.79,0.08000000000000007,2.7466666666666666,2.7142857142857144,64.0,0.0,64.03333333333335,63.51428571428572,4.1,-0.8000000000000007,4.699999999999999,5.457142857142857,296.0,1.0,293.6666666666667,288.85714285714283,8.2,0.0,8.166666666666666,8.2,13.6,0.5999999999999996,12.966666666666667,13.12857142857143,8.7,-0.10000000000000142,8.8,8.757142857142858,5.4,929,-31.0,863.7142857142857,3.819062,3.8341313333333336,3.726413142857143,4059.457142857142,1391.1999999999998,0.0,0.0,0.0,0.0,0.0,0.04142857142857144,84.0,0.0,-0.8528367217694595,-0.522177676659508,-0.4999999999999997,-0.8660254037844388
2022-08-31,2.67,-0.1200000000000001,2.723333333333333,2.7114285714285713,64.0,0.0,64.0,63.51428571428572,3.7,-0.39999999999999947,4.233333333333333,5.128571428571429,297.0,1.0,296.0,290.0,8.2,0.0,8.2,8.185714285714285,13.4,-0.1999999999999993,13.333333333333334,13.042857142857144,8.7,0.0,8.733333333333333,8.771428571428572,4.5,915,-14.0,896.4285714285714,3.795729,3.8273953333333335,3.774538142857143,3794.8809523809523,1257.3,0.0,0.0,0.0,0.09,0.03,0.031428571428571445,82.0,0.0,-0.8616928164028521,-0.5074302810827518,-0.4999999999999997,-0.8660254037844388
2022-09-01,2.65,-0.020000000000000018,2.703333333333333,2.7071428571428577,65.5,1.5,64.5,63.65714285714286,3.6,-0.10000000000000009,3.8000000000000003,4.871428571428572,297.0,0.0,296.6666666666667,291.7142857142857,8.2,0.0,8.2,8.185714285714285,12.5,-0.9000000000000004,13.166666666666666,12.957142857142856,8.9,0.20000000000000107,8.766666666666666,8.785714285714286,4.7,922,7.0,920.0,3.806458,3.807083,3.8069935714285714,3496.0000000000005,1128.6000000000001,0.0,0.0,0.0,0.0,0.03,0.012857142857142873,83.0,0.0,-0.8702939222685674,-0.49253272872205434,-0.8660254037844384,-0.5000000000000004
2022-09-02,2.57,-0.08000000000000007,2.63,2.6942857142857144,68.0,2.5,65.83333333333333,64.54285714285713,4.3,0.6999999999999997,3.8666666666666667,4.714285714285714,296.0,-1.0,296.6666666666667,293.57142857142856,8.2,0.0,8.2,8.185714285714285,12.7,0.1999999999999993,12.866666666666665,12.928571428571429,8.9,0.0,8.833333333333334,8.8,5.7,970,48.0,939.2857142857143,3.884583,3.8289233333333335,3.834687,3631.904761904762,1144.5333333333333,0.0,0.0,0.0,0.0,0.03,0.012857142857142873,87.0,0.0,-0.8786374941610001,-0.4774894280028391,-0.8660254037844384,-0.5000000000000004
2022-09-03,2.51,-0.06000000000000005,2.5766666666666667,2.662857142857143,67.0,-1.0,66.83333333333333,65.22857142857143,3.7,-0.5999999999999996,3.8666666666666667,4.2,297.0,1.0,296.6666666666667,295.42857142857144,8.1,-0.09999999999999964,8.166666666666666,8.171428571428569,13.3,0.6000000000000014,12.833333333333334,12.971428571428573,8.8,-0.09999999999999964,8.866666666666667,8.814285714285715,4.6,965,-5.0,941.2857142857143,3.876875,3.855972,3.8380055714285715,3639.6380952380955,1148.4,0.0,0.0,0.0,0.0,0.0,0.012857142857142873,87.0,0.0,-0.886721063082993,-0.46230483047981086,-0.8660254037844384,-0.5000000000000004
2022-09-04,2.45,-0.05999999999999961,2.5100000000000002,2.621428571428571,64.5,-2.5,66.5,65.28571428571429,3.7,0.0,3.9,4.0,296.0,-1.0,296.3333333333333,296.2857142857143,8.2,0.09999999999999964,8.166666666666666,8.185714285714285,12.9,-0.40000000000000036,12.966666666666667,13.057142857142855,8.8,0.0,8.833333333333334,8.8,4.4,970,5.0,947.2857142857143,3.884583,3.882013666666667,3.8478121428571432,3694.4142857142856,1154.3999999999999,0.0,0.0,0.0,0.0,0.0,0.012857142857142873,87.0,0.0,-0.8945422369764496,-0.4469834295196741,-0.8660254037844384,-0.5000000000000004
2022-09-05,2.41,-0.040000000000000036,2.4566666666666666,2.5785714285714287,61.7,-2.799999999999997,64.39999999999999,64.95714285714286,3.3,-0.40000000000000036,3.5666666666666664,3.771428571428572,297.0,1.0,296.6666666666667,296.57142857142856,8.1,-0.09999999999999964,8.133333333333333,8.17142857142857,12.9,0.0,13.033333333333333,13.042857142857144,8.8,0.0,8.8,8.799999999999999,4.2,957,-13.0,946.8571428571429,3.863645,3.8750343333333332,3.847276428571429,3377.1238095238095,1059.3,0.0,0.0,0.0,0.0,0.0,0.012857142857142873,88.0,0.0,-0.9020987014301837,-0.43152975897147144,-0.8660254037844384,-0.5000000000000004
2022-09-06,2.4,-0.010000000000000231,2.42,2.5228571428571427,62.0,0.29999999999999716,62.73333333333333,64.67142857142858,3.4,0.10000000000000009,3.4666666666666663,3.6714285714285713,299.0,2.0,297.3333333333333,297.0,8.2,0.09999999999999964,8.166666666666666,8.17142857142857,13.0,0.09999999999999964,12.933333333333332,12.957142857142857,8.8,0.0,8.8,8.814285714285715,4.2,937,-20.0,948.0,3.833229,3.860485666666667,3.849300285714286,3286.3999999999996,1036.5333333333333,0.0,0.0,0.0,0.0,0.0,0.012857142857142873,87.0,0.0,-0.9093882203647925,-0.4159483918249421,-0.8660254037844384,-0.5000000000000004
2022-09-07,2.34,-0.06000000000000005,2.3833333333333333,2.4757142857142855,63.0,1.0,62.23333333333333,64.52857142857144,3.0,-0.3999999999999999,3.233333333333333,3.5714285714285716,299.0,0.0,298.3333333333333,297.2857142857143,8.2,0.0,8.166666666666666,8.17142857142857,13.1,0.09999999999999964,13.0,12.914285714285715,8.8,0.0,8.8,8.828571428571427,4.0,841,-96.0,937.4285714285714,3.6975,3.7981246666666664,3.8352675714285716,3031.0190476190473,966.7666666666665,0.0,0.0,0.0,0.0,0.0,0.0,90.0,0.0,-0.9164086366943458,-0.4002439388573056,-0.8660254037844384,-0.5000000000000004
2022-09-08,2.26,-0.08000000000000007,2.3333333333333335,2.4200000000000004,62.0,-1.0,62.333333333333336,64.02857142857144,3.1,0.10000000000000009,3.1666666666666665,3.5,301.0,2.0,299.6666666666667,297.85714285714283,8.2,0.0,8.2,8.17142857142857,12.8,-0.29999999999999893,12.966666666666667,12.957142857142857,8.8,0.0,8.8,8.814285714285715,5.3,801,-40.0,920.1428571428571,3.6425,3.7244096666666664,3.8118450000000004,2913.785714285714,953.1666666666666,0.0,0.0,0.0,0.0,0.0,0.0,91.0,0.0,-0.9231578729647039,-0.38442104726885545,-0.8660254037844384,-0.5000000000000004
2022-09-09,2.27,0.010000000000000231,2.2899999999999996,2.3771428571428572,64.5,2.5,63.166666666666664,63.52857142857143,3.2,0.10000000000000009,3.0999999999999996,3.342857142857143,300.0,-1.0,300.0,298.42857142857144,8.3,0.10000000000000142,8.233333333333333,8.185714285714285,13.0,0.1999999999999993,12.966666666666667,13.0,8.7,-0.10000000000000142,8.766666666666667,8.785714285714286,4.9,712,-89.0,883.2857142857143,3.503541,3.614513666666667,3.7574104285714287,2738.1857142857143,929.9999999999999,0.0,0.0,0.0,0.0,0.0,0.0,93.0,0.0,-0.9296339319682695,-0.3684843993077793,-0.8660254037844384,-0.5000000000000004
2022-09-10,2.33,0.06000000000000005,2.2866666666666666,2.3514285714285714,66.0,1.5,64.16666666666667,63.38571428571429,2.9,-0.30000000000000027,3.0666666666666664,3.228571428571428,293.0,-7.0,298.0,297.85714285714283,8.1,-0.20000000000000107,8.200000000000001,8.185714285714285,11.5,-1.5,12.433333333333332,12.742857142857142,9.1,0.40000000000000036,8.866666666666667,8.82857142857143,3.7,640,-72.0,836.8571428571429,3.375104,3.5070483333333335,3.685728857142857,2566.3619047619045,898.5333333333333,0.0,0.0,0.0,0.0,0.0,0.0,94.0,0.0,-0.9358348973349941,-0.35243871088460327,-0.8660254037844384,-0.5000000000000004
2022-09-11,2.29,-0.040000000000000036,2.2966666666666664,2.3285714285714287,66.0,0.0,65.5,63.60000000000001,2.6,-0.2999999999999998,2.9,3.0714285714285716,287.0,-6.0,293.3333333333333,296.57142857142856,8.3,0.20000000000000107,8.233333333333334,8.2,11.5,0.0,12.0,12.542857142857143,9.1,0.0,8.966666666666667,8.871428571428572,3.4,566,-74.0,779.1428571428571,3.237187,3.3719439999999996,3.5932437142857148,2259.5142857142855,832.3,0.0,0.0,0.0,0.0,0.0,0.0,94.0,0.0,-0.9417589340994617,-0.33628873017668287,-0.8660254037844384,-0.5000000000000004
2022-09-12,2.27,-0.020000000000000018,2.296666666666667,2.3085714285714287,64.0,-2.0,65.33333333333333,63.92857142857143,2.7,0.10000000000000009,2.733333333333333,2.9857142857142853,288.0,1.0,289.3333333333333,295.2857142857143,8.3,0.0,8.233333333333334,8.228571428571428,11.8,0.3000000000000007,11.600000000000001,12.385714285714286,9.0,-0.09999999999999964,9.066666666666666,8.9,3.6,555,-11.0,721.7142857142857,3.215833,3.276041333333333,3.500699142857143,1972.6857142857139,787.1999999999999,0.0,0.0,0.0,0.08,0.02666666666666667,0.011428571428571444,63.0,0.0,-0.9474042892438845,-0.32003923622313857,-0.8660254037844384,-0.5000000000000004
2022-09-13,2.28,0.009999999999999787,2.28,2.2914285714285714,67.5,3.5,65.83333333333333,64.71428571428571,2.6,-0.10000000000000009,2.633333333333333,2.8714285714285714,289.0,1.0,288.0,293.85714285714283,8.2,-0.10000000000000142,8.266666666666666,8.22857142857143,11.6,-0.20000000000000107,11.633333333333335,12.185714285714285,9.0,0.0,9.033333333333333,8.928571428571429,3.6,550,-5.0,666.4285714285714,3.205729,3.219583,3.4110562857142854,1754.928571428571,761.0333333333332,0.0,0.0,0.0,0.04,0.04,0.017142857142857158,62.0,0.0,-0.9527692922168511,-0.30369503751065885,-0.8660254037844384,-0.5000000000000004
2022-09-14,2.26,-0.020000000000000018,2.27,2.2800000000000002,59.1,-8.399999999999999,63.53333333333333,64.15714285714286,2.7,0.10000000000000009,2.6666666666666665,2.8285714285714287,291.0,2.0,289.3333333333333,292.7142857142857,8.2,0.0,8.233333333333334,8.228571428571428,12.2,0.5999999999999996,11.866666666666667,12.057142857142859,8.8,-0.1999999999999993,8.933333333333334,8.928571428571429,4.0,564,14.0,626.8571428571429,3.232083,3.2178816666666665,3.3445681428571423,1671.6190476190477,776.0,0.1,0.1,0.014285714285714287,0.0,0.04,0.017142857142857158,75.0,0.0,-0.9578523554276669,-0.28726097055059635,-0.8660254037844384,-0.5000000000000004
2022-09-15,2.2,-0.05999999999999961,2.2466666666666666,2.2714285714285714,59.0,-0.10000000000000142,61.86666666666667,63.72857142857142,3.4,0.6999999999999997,2.9,2.8714285714285714,290.0,-1.0,290.0,291.14285714285717,8.2,0.0,8.2,8.22857142857143,12.4,0.20000000000000107,12.066666666666665,12.0,8.8,0.0,8.866666666666667,8.928571428571429,4.3,612,48.0,599.8571428571429,3.324687,3.2541663333333326,3.2991662857142856,1739.5857142857144,841.0,0.0,-0.1,0.014285714285714287,0.0,0.013333333333333334,0.017142857142857158,84.0,0.0,-0.9626519747161487,-0.2707418984477642,-0.8660254037844384,-0.5000000000000004
2022-09-16,2.2,0.0,2.22,2.261428571428571,61.5,2.5,59.86666666666667,63.3,2.6,-0.7999999999999998,2.9,2.7857142857142856,286.0,-4.0,289.0,289.14285714285717,8.2,0.0,8.2,8.214285714285714,12.0,-0.40000000000000036,12.200000000000001,11.857142857142858,8.9,0.09999999999999964,8.833333333333334,8.957142857142857,3.2,558,-54.0,577.8571428571429,3.220937,3.2592356666666666,3.2587942857142855,1675.7857142857142,829.4,0.0,0.0,0.014285714285714287,0.0,0.0,0.017142857142857158,86.0,0.0,-0.9671667297977312,-0.2541427094613622,-0.8660254037844384,-0.5000000000000004
2022-09-17,2.21,0.009999999999999787,2.2033333333333336,2.244285714285714,63.5,2.0,61.333333333333336,62.942857142857136,2.6,0.0,2.866666666666666,2.7428571428571433,284.0,-2.0,286.6666666666667,287.85714285714283,8.2,0.0,8.2,8.22857142857143,12.0,0.0,12.133333333333333,11.928571428571429,8.9,0.0,8.866666666666667,8.928571428571429,3.3,519,-39.0,560.5714285714286,3.141979,3.2292009999999998,3.2254907142857143,1606.971428571428,814.1333333333331,0.0,0.0,0.014285714285714287,0.14,0.04666666666666667,0.03714285714285716,78.0,0.0,-0.97139528468375,-0.23746831555846842,-0.8660254037844384,-0.5000000000000004
2022-09-18,2.22,0.010000000000000231,2.2100000000000004,2.2342857142857144,62.5,-1.0,62.5,62.442857142857136,2.6,0.0,2.6,2.742857142857143,285.0,1.0,285.0,287.57142857142856,8.3,0.10000000000000142,8.233333333333334,8.228571428571428,12.1,0.09999999999999964,12.033333333333333,12.014285714285716,8.9,0.0,8.9,8.9,3.6,514,-5.0,553.1428571428571,3.131875,3.164930333333333,3.2104461428571427,1438.1714285714286,741.0,0.0,0.0,0.014285714285714287,0.0,0.04666666666666667,0.03714285714285716,74.0,0.0,-0.9753363880767837,-0.2207236509605022,-0.8660254037844384,-0.5000000000000004
2022-09-19,2.19,-0.03000000000000025,2.2066666666666666,2.222857142857143,60.5,-2.0,62.166666666666664,61.942857142857136,2.3,-0.30000000000000027,2.5,2.685714285714286,286.0,1.0,285.0,287.2857142857143,8.3,0.0,8.266666666666666,8.22857142857143,12.4,0.3000000000000007,12.166666666666666,12.099999999999998,8.8,-0.09999999999999964,8.866666666666667,8.871428571428572,3.1,506,-8.0,546.1428571428571,3.115625,3.1298263333333334,3.1961307142857143,1365.3571428571427,715.0,0.0,0.0,0.014285714285714287,0.0,0.04666666666666667,0.025714285714285728,80.0,0.0,-0.9789888737409319,-0.20391367068311472,-0.8660254037844384,-0.5000000000000004
2022-09-20,2.2,0.010000000000000231,2.2033333333333336,2.2114285714285713,59.5,-1.0,60.833333333333336,60.8,2.2,-0.09999999999999964,2.3666666666666667,2.6285714285714286,286.0,0.0,285.6666666666667,286.85714285714283,8.3,0.0,8.3,8.242857142857144,12.5,0.09999999999999964,12.333333333333334,12.228571428571428,8.8,0.0,8.833333333333334,8.842857142857143,3.4,503,-3.0,539.4285714285714,3.1075,3.1183333333333336,3.182098,1276.6476190476192,676.8666666666667,0.1,0.1,0.028571428571428574,0.0,0.0,0.020000000000000018,84.0,0.0,-0.9823516608469237,-0.18704334906991657,-0.8660254037844384,-0.5000000000000004
2022-09-21,2.14,-0.06000000000000005,2.176666666666667,2.1942857142857144,59.5,0.0,59.833333333333336,60.857142857142854,1.9,-0.30000000000000027,2.1333333333333333,2.5142857142857147,286.0,0.0,286.0,286.14285714285717,8.3,0.0,8.3,8.257142857142856,12.4,-0.09999999999999964,12.433333333333332,12.257142857142856,8.9,0.09999999999999964,8.833333333333334,8.857142857142858,2.5,509,6.0,531.5714285714286,3.12177,3.114965,3.1663390000000002,1134.0190476190476,610.1333333333333,0.1,0.0,0.028571428571428574,0.0,0.0,0.020000000000000018,81.0,0.0,-0.9854237542919524,-0.17011767832049052,-0.8660254037844384,-0.5000000000000004
2022-09-22,2.16,0.020000000000000018,2.1666666666666665,2.1885714285714286,58.0,-1.5,59.0,60.714285714285715,2.4,0.5,2.1666666666666665,2.3714285714285714,280.0,-6.0,284.0,284.7142857142857,8.2,-0.10000000000000142,8.266666666666667,8.257142857142856,11.8,-0.5999999999999996,12.233333333333334,12.171428571428573,9.0,0.09999999999999964,8.9,8.885714285714286,3.6,539,30.0,521.1428571428571,3.181979,3.1370830000000005,3.145952142857143,1129.1428571428569,606.6666666666666,0.1,0.0,0.042857142857142864,0.0,0.0,0.020000000000000018,88.0,0.0,-0.9882042449941422,-0.15314166701312007,-0.8660254037844384,-0.5000000000000004
2022-09-23,2.12,-0.040000000000000036,2.14,2.1771428571428575,61.0,3.0,59.5,60.642857142857146,2.9,0.5,2.3999999999999995,2.414285714285714,274.0,-6.0,280.0,283.0,8.2,0.0,8.233333333333333,8.257142857142856,11.8,0.0,12.0,12.142857142857142,9.0,0.0,8.966666666666667,8.9,3.6,477,-62.0,509.57142857142856,3.05375,3.1191663333333337,3.1220682857142856,1222.9714285714283,657.5999999999999,0.0,-0.1,0.042857142857142864,0.0,0.0,0.020000000000000018,89.0,0.0,-0.9906923101615609,-0.13612033862266704,-0.8660254037844384,-0.5000000000000004
2022-09-24,2.14,0.020000000000000018,2.14,2.1671428571428573,62.5,1.5,60.5,60.5,2.6,-0.2999999999999998,2.633333333333333,2.414285714285714,278.0,4.0,277.3333333333333,282.14285714285717,8.2,0.0,8.2,8.257142857142856,11.2,-0.6000000000000014,11.6,12.028571428571428,9.1,0.09999999999999964,9.033333333333333,8.928571428571429,3.3,462,-15.0,501.42857142857144,3.021145,3.0856246666666665,3.104806285714286,1320.4285714285713,732.0666666666665,0.0,0.0,0.042857142857142864,0.2,0.06666666666666667,0.028571428571428588,61.0,0.0,-0.9928872135356962,-0.11905873003404988,-0.8660254037844384,-0.5000000000000004
2022-09-25,2.1,-0.040000000000000036,2.1199999999999997,2.15,61.0,-1.5,61.5,60.285714285714285,2.3,-0.30000000000000027,2.5999999999999996,2.371428571428571,280.0,2.0,277.3333333333333,281.42857142857144,8.2,0.0,8.2,8.242857142857144,10.9,-0.29999999999999893,11.299999999999999,11.857142857142858,9.2,0.09999999999999964,9.1,8.971428571428572,2.9,454,-8.0,492.85714285714283,3.002708,3.0258676666666666,3.0863538571428575,1281.428571428571,727.9999999999999,0.0,0.0,0.042857142857142864,0.01,0.07,0.03000000000000002,62.0,0.0,-0.994788305609327,-0.10196189005174576,-0.8660254037844384,-0.5000000000000004
2022-09-26,2.11,0.009999999999999787,2.1166666666666667,2.138571428571429,53.5,-7.5,59.0,59.285714285714285,2.2,-0.09999999999999964,2.3666666666666667,2.357142857142857,280.0,0.0,279.3333333333333,280.57142857142856,8.2,0.0,8.2,8.228571428571428,11.2,0.29999999999999893,11.1,11.685714285714287,9.2,0.0,9.166666666666666,9.028571428571428,2.9,454,0.0,485.42857142857144,3.002291,3.0087146666666666,3.070163285714286,1148.847619047619,662.6666666666666,0.1,0.1,0.05714285714285715,0.0,0.07,0.03000000000000002,81.0,0.0,-0.9963950238187231,-0.08483487790576538,-0.8660254037844384,-0.5000000000000004
2022-09-27,2.1,-0.009999999999999787,2.1033333333333335,2.124285714285714,57.5,4.0,57.333333333333336,59.0,2.5,0.2999999999999998,2.3333333333333335,2.4,285.0,5.0,281.6666666666667,280.42857142857144,8.2,0.0,8.2,8.214285714285714,10.9,-0.29999999999999893,11.0,11.457142857142857,9.2,0.0,9.2,9.085714285714285,3.1,497,43.0,484.57142857142856,3.09625,3.0337496666666666,3.068556142857143,1130.6666666666667,665.0,0.0,-0.1,0.042857142857142864,0.0,0.0033333333333333335,0.03000000000000002,79.0,0.0,-0.9977068927101168,-0.06768276175455162,-0.8660254037844384,-0.5000000000000004
2022-09-28,2.09,-0.010000000000000231,2.1,2.117142857142857,53.7,-3.799999999999997,54.900000000000006,58.17142857142858,2.4,-0.10000000000000009,2.3666666666666663,2.4714285714285715,282.0,-3.0,282.3333333333333,279.85714285714283,8.2,0.0,8.2,8.2,11.1,0.1999999999999993,11.066666666666668,11.271428571428572,9.2,0.0,9.2,9.128571428571428,3.3,508,11.0,484.42857142857144,3.118229,3.0722566666666666,3.0680502857142855,1146.4809523809522,667.3999999999999,0.1,0.1,0.042857142857142864,0.0,0.0,0.03000000000000002,71.0,0.0,-0.9987235240803972,-0.050510617185222886,-0.8660254037844384,-0.5000000000000004
2022-09-29,2.07,-0.020000000000000018,2.0866666666666664,2.1042857142857145,53.8,0.09999999999999432,55.0,57.57142857142857,2.7,0.30000000000000027,2.5333333333333328,2.5142857142857147,279.0,-3.0,282.0,279.7142857142857,8.2,0.0,8.2,8.2,11.7,0.5999999999999996,11.233333333333333,11.257142857142856,9.0,-0.1999999999999993,9.133333333333333,9.128571428571428,4.2,521,13.0,481.85714285714283,3.145104,3.119861,3.062782428571429,1220.7047619047617,706.7999999999998,0.1,0.0,0.042857142857142864,0.0,0.0,0.03000000000000002,78.0,0.0,-0.9994446170919858,-0.033323525711631344,-0.8660254037844384,-0.5000000000000004
2022-09-30,2.06,-0.009999999999999787,2.0733333333333337,2.0957142857142856,55.5,1.7000000000000028,54.333333333333336,56.785714285714285,3.9,1.1999999999999997,3.0,2.6571428571428575,283.0,4.0,281.3333333333333,281.0,8.2,0.0,8.2,8.2,12.0,0.3000000000000007,11.6,11.285714285714286,8.9,-0.09999999999999964,9.033333333333333,9.114285714285714,6.2,536,15.0,490.2857142857143,3.176458,3.146597,3.0803121428571427,1470.857142857143,849.0,0.3,0.19999999999999998,0.08571428571428572,0.0,0.0,0.03000000000000002,71.0,0.0,-0.9998699583618592,-0.016126573270657762,-0.8660254037844384,-0.5000000000000004
2022-10-01,2.09,0.029999999999999805,2.0733333333333337,2.0885714285714285,53.5,-2.0,54.26666666666666,55.5,5.2,1.3000000000000003,3.933333333333333,3.0285714285714285,287.0,4.0,283.0,282.2857142857143,8.2,0.0,8.2,8.2,12.8,0.8000000000000007,12.166666666666666,11.514285714285716,8.8,-0.09999999999999964,8.9,9.071428571428571,6.5,533,-3.0,500.42857142857144,3.17052,3.1640273333333333,3.1016514285714285,1968.3523809523808,1128.8666666666666,0.2,-0.09999999999999998,0.1142857142857143,0.0,0.0,0.0014285714285714444,80.0,0.0,-0.9999994220246925,0.001075151282798226,-1.0,-1.8369701987210297e-16
2022-10-02,2.05,-0.040000000000000036,2.0666666666666664,2.0814285714285714,56.0,2.5,55.0,54.785714285714285,5.4,0.20000000000000018,4.833333333333333,3.471428571428572,295.0,8.0,288.3333333333333,284.42857142857144,8.2,0.0,8.2,8.2,12.3,-0.5,12.366666666666667,11.714285714285714,8.9,0.09999999999999964,8.866666666666667,9.028571428571428,6.7,437,-96.0,498.0,2.964062,3.10368,3.096130571428571,2407.0,1425.8333333333333,0.1,-0.1,0.1285714285714286,0.11,0.03666666666666667,0.01571428571428573,81.0,0.0,-0.999832969770105,0.018276557681691223,-1.0,-1.8369701987210297e-16
2022-10-03,2.19,0.14000000000000012,2.11,2.0928571428571425,57.5,1.5,55.666666666666664,55.357142857142854,4.8,-0.6000000000000005,5.133333333333333,3.8428571428571425,296.0,1.0,292.6666666666667,286.7142857142857,8.3,0.10000000000000142,8.233333333333333,8.214285714285714,12.7,0.3999999999999986,12.600000000000001,11.928571428571429,8.8,-0.09999999999999964,8.833333333333334,8.971428571428572,6.2,440,3.0,496.0,2.969791,3.034791,3.0914877142857144,2546.133333333333,1519.4666666666665,0.0,-0.1,0.1142857142857143,0.37,0.16,0.06857142857142859,79.0,0.0,-0.9993706508539969,0.03547255575312556,-1.0,-1.8369701987210297e-16
2022-10-04,2.4,0.20999999999999996,2.2133333333333334,2.1357142857142857,61.0,3.5,58.166666666666664,55.857142857142854,5.1,0.2999999999999998,5.099999999999999,4.214285714285714,323.0,27.0,304.6666666666667,292.14285714285717,8.3,0.0,8.266666666666667,8.228571428571428,13.5,0.8000000000000007,12.833333333333334,12.3,8.6,-0.20000000000000107,8.766666666666667,8.885714285714286,6.9,390,-50.0,480.7142857142857,2.852083,2.9286453333333333,3.0566067142857145,2451.6428571428564,1647.2999999999995,0.0,0.0,0.1142857142857143,0.02,0.16666666666666666,0.07142857142857144,72.0,0.0,-0.9986126020839734,0.052658056924614005,-1.0,-1.8369701987210297e-16
2022-10-05,2.39,-0.009999999999999787,2.3266666666666667,2.1785714285714284,62.5,1.5,60.333333333333336,57.11428571428571,5.3,0.20000000000000018,5.0666666666666655,4.628571428571428,322.0,-1.0,313.6666666666667,297.85714285714283,8.3,0.0,8.3,8.242857142857142,13.8,0.3000000000000007,13.333333333333334,12.685714285714285,8.6,0.0,8.666666666666666,8.8,6.9,407,17.0,466.2857142857143,2.895625,2.905833,3.0248061428571433,2362.514285714285,1631.4666666666662,0.0,0.0,0.09999999999999999,0.0,0.13,0.07142857142857144,74.0,0.0,-0.9975590477788613,0.06982797572987089,-1.0,-1.8369701987210297e-16
2022-10-06,2.37,-0.020000000000000018,2.3866666666666667,2.2214285714285715,63.5,1.0,62.333333333333336,58.5,4.6,-0.7000000000000002,4.999999999999999,4.8999999999999995,321.0,-1.0,322.0,303.85714285714283,8.3,0.0,8.3,8.257142857142856,13.4,-0.40000000000000036,13.566666666666668,12.928571428571429,8.7,0.09999999999999964,8.633333333333333,8.757142857142856,5.3,400,-7.0,449.0,2.886979,2.8782289999999997,2.987931142857143,2244.9999999999995,1604.9999999999998,0.0,0.0,0.08571428571428572,0.02,0.013333333333333334,0.0742857142857143,72.0,0.0,-0.9962102997023297,0.0869772313136861,-1.0,-1.8369701987210297e-16
2022-10-07,2.56,0.18999999999999995,2.44,2.292857142857143,71.5,8.0,65.83333333333333,60.785714285714285,4.3,-0.2999999999999998,4.733333333333333,4.957142857142856,322.0,1.0,321.6666666666667,309.42857142857144,8.3,0.0,8.3,8.27142857142857,13.2,-0.20000000000000107,13.466666666666667,13.1,8.7,0.0,8.666666666666666,8.72857142857143,5.6,408,8.0,430.7142857142857,2.90677,2.8964580000000004,2.949404285714286,2038.7142857142858,1524.1333333333334,0.0,0.0,0.042857142857142864,0.12,0.04666666666666666,0.09142857142857144,67.0,0.0,-0.9945667569706337,0.1041007489354256,-1.0,-1.8369701987210297e-16
2022-10-08,2.73,0.16999999999999993,2.5533333333333332,2.384285714285714,72.5,1.0,69.16666666666667,63.5,4.7,0.40000000000000036,4.533333333333332,4.885714285714286,322.0,0.0,321.6666666666667,314.42857142857144,8.3,0.0,8.3,8.285714285714286,12.7,-0.5,13.1,13.085714285714285,8.8,0.10000000000000142,8.733333333333333,8.728571428571428,5.4,430,22.0,416.0,2.957708,2.9171523333333336,2.9190025714285714,1885.8666666666663,1459.7333333333331,0.0,0.0,0.014285714285714287,0.0,0.04666666666666667,0.09142857142857144,65.0,0.0,-0.9926289059345095,0.121193461470736,-1.0,-1.8369701987210297e-16
2022-10-09,2.75,0.020000000000000018,2.6799999999999997,2.4842857142857144,64.5,-8.0,69.5,64.71428571428571,4.5,-0.20000000000000018,4.499999999999999,4.757142857142857,323.0,1.0,322.3333333333333,318.42857142857144,8.3,0.0,8.3,8.3,12.4,-0.29999999999999893,12.766666666666666,13.1,8.9,0.09999999999999964,8.8,8.728571428571428,7.8,428,-2.0,414.7142857142857,2.952395,2.9389576666666666,2.9173358571428567,1866.2142857142853,1453.4999999999998,0.0,0.0,0.0,0.0,0.04,0.07571428571428573,71.0,0.0,-0.9903973200352558,0.1382503109109819,-1.0,-1.8369701987210297e-16
2022-10-10,2.64,-0.10999999999999988,2.7066666666666666,2.5485714285714285,73.5,9.0,70.16666666666667,67.0,4.1,-0.40000000000000036,4.433333333333333,4.6571428571428575,323.0,0.0,322.6666666666667,322.2857142857143,8.3,0.0,8.3,8.3,12.4,0.0,12.5,13.057142857142855,8.8,-0.09999999999999964,8.833333333333334,8.72857142857143,4.7,426,-2.0,412.7142857142857,2.948645,2.952916,2.9143149999999998,1829.6999999999998,1431.9666666666665,0.0,0.0,0.0,0.0,0.0,0.022857142857142874,45.0,0.0,-0.9878726596350429,0.15526624985999563,-1.0,-1.8369701987210297e-16
2022-10-11,2.63,-0.010000000000000231,2.6733333333333333,2.5814285714285714,75.5,2.0,71.16666666666667,69.07142857142857,4.1,0.0,4.2333333333333325,4.514285714285714,325.0,2.0,323.6666666666667,322.57142857142856,8.3,0.0,8.3,8.3,12.4,0.0,12.4,12.9,8.8,0.0,8.833333333333334,8.757142857142856,7.0,440,14.0,419.85714285714283,2.979687,2.9602423333333334,2.9325441428571426,1777.3952380952376,1375.833333333333,0.0,0.0,0.0,0.0,0.0,0.020000000000000018,62.0,0.0,-0.9850556718215013,0.172236243027682,-1.0,-1.8369701987210297e-16
2022-10-12,2.64,0.010000000000000231,2.6366666666666667,2.617142857142857,77.5,2.0,75.5,71.21428571428571,5.1,1.0,4.433333333333333,4.485714285714286,334.0,9.0,327.3333333333333,324.2857142857143,8.3,0.0,8.3,8.3,13.0,0.5999999999999996,12.600000000000001,12.785714285714286,8.7,-0.10000000000000142,8.766666666666667,8.77142857142857,6.8,490,50.0,431.7142857142857,3.091562,3.0066313333333334,2.9605351428571427,1913.9333333333332,1480.7333333333331,0.0,0.0,0.0,0.0,0.0,0.020000000000000018,69.0,0.0,-0.981947190186646,0.18915526872004093,-1.0,-1.8369701987210297e-16
2022-10-13,2.7,0.06000000000000005,2.6566666666666667,2.664285714285714,78.5,1.0,77.16666666666667,73.35714285714286,4.4,-0.6999999999999993,4.533333333333332,4.457142857142857,339.0,5.0,332.6666666666667,326.85714285714283,8.3,0.0,8.3,8.3,12.6,-0.40000000000000036,12.666666666666666,12.671428571428569,8.8,0.10000000000000142,8.766666666666667,8.785714285714286,4.9,490,0.0,444.57142857142856,3.090729,3.0539926666666664,2.9896422857142855,2015.3904761904757,1536.7999999999997,0.0,0.0,0.0,0.0,0.0,0.017142857142857158,72.0,0.0,-0.9785481345802031,0.20601832032517084,-1.0,-1.8369701987210297e-16
2022-10-14,2.73,0.029999999999999805,2.69,2.6885714285714286,80.5,2.0,78.83333333333333,74.64285714285714,4.3,-0.10000000000000053,4.599999999999999,4.457142857142857,341.0,2.0,338.0,329.57142857142856,8.4,0.09999999999999964,8.333333333333334,8.314285714285715,12.6,0.0,12.733333333333334,12.585714285714287,8.8,0.0,8.766666666666667,8.8,5.2,490,0.0,456.2857142857143,3.091041,3.091110666666667,3.0159667142857143,2098.914285714285,1568.5999999999997,0.0,0.0,0.0,0.0,0.0,0.0,77.0,0.0,-0.9748595108374125,0.22282040779479959,-1.0,-1.8369701987210297e-16
2022-10-15,2.83,0.10000000000000009,2.7533333333333334,2.7028571428571433,83.5,3.0,80.83333333333333,76.21428571428571,4.0,-0.2999999999999998,4.233333333333333,4.357142857142857,343.0,2.0,341.0,332.57142857142856,8.4,0.0,8.366666666666667,8.328571428571431,12.4,-0.1999999999999993,12.533333333333333,12.542857142857143,8.9,0.09999999999999964,8.833333333333334,8.814285714285715,4.6,487,-3.0,464.42857142857144,3.085416,3.089062,3.0342107142857144,1966.0809523809526,1452.0333333333333,0.0,0.0,0.0,0.0,0.0,0.0,72.0,0.0,-0.9708824104813836,0.23955655912092708,-1.0,-1.8369701987210297e-16
2022-10-16,2.8,-0.03000000000000025,2.7866666666666666,2.71,85.0,1.5,83.0,79.14285714285714,3.6,-0.3999999999999999,3.9666666666666663,4.228571428571429,344.0,1.0,342.6666666666667,335.57142857142856,8.3,-0.09999999999999964,8.366666666666667,8.32857142857143,12.5,0.09999999999999964,12.5,12.557142857142855,8.9,0.0,8.866666666666667,8.814285714285715,4.7,488,1.0,473.0,3.086145,3.0875340000000002,3.0533178571428574,1876.2333333333331,1364.5333333333333,0.0,0.0,0.0,0.0,0.0,0.0,61.0,0.0,-0.9666180104000972,0.2562218218071163,-1.0,-1.8369701987210297e-16
2022-10-17,2.82,0.020000000000000018,2.8166666666666664,2.7357142857142853,83.7,-1.2999999999999972,84.06666666666666,80.60000000000001,3.6,0.0,3.733333333333333,4.1571428571428575,343.0,-1.0,343.3333333333333,338.42857142857144,8.4,0.09999999999999964,8.366666666666667,8.342857142857143,12.1,-0.40000000000000036,12.333333333333334,12.514285714285716,8.9,0.0,8.9,8.82857142857143,4.2,477,-11.0,480.2857142857143,3.062708,3.078089666666667,3.0696125714285714,1793.0666666666664,1280.5333333333333,0.0,0.0,0.0,0.0,0.0,0.0,75.0,0.0,-0.9620675724981452,0.27281126433401914,-1.0,-1.8369701987210297e-16
2022-10-18,2.86,0.040000000000000036,2.826666666666666,2.7685714285714282,85.0,1.2999999999999972,84.56666666666666,81.95714285714287,3.1,-0.5,3.433333333333333,4.014285714285714,341.0,-2.0,342.6666666666667,340.7142857142857,8.4,0.0,8.366666666666667,8.357142857142858,11.6,-0.5,12.066666666666668,12.4,9.0,0.09999999999999964,8.933333333333335,8.857142857142858,3.6,427,-50.0,478.42857142857144,2.949583,3.032812,3.065312,1642.604761904762,1170.7666666666667,0.0,0.0,0.0,0.0,0.0,0.0,61.0,0.0,-0.957232443323312,0.28931997761869527,-1.0,-1.8369701987210297e-16
2022-10-19,2.87,0.010000000000000231,2.85,2.801428571428571,82.0,-3.0,83.56666666666666,82.60000000000001,2.8,-0.30000000000000027,3.166666666666666,3.6857142857142855,340.0,-1.0,341.3333333333333,341.57142857142856,8.4,0.0,8.4,8.371428571428572,11.0,-0.5999999999999996,11.566666666666668,12.114285714285714,9.1,0.09999999999999964,9.0,8.914285714285715,3.6,387,-40.0,463.7142857142857,2.854479,2.9555899999999995,3.031443,1468.428571428571,1076.6666666666665,0.0,0.0,0.0,0.0,0.0,0.0,54.0,0.0,-0.9521140536681102,0.3057430764672831,-1.0,-1.8369701987210297e-16
2022-10-20,2.88,0.009999999999999787,2.8699999999999997,2.827142857142857,88.5,6.5,85.16666666666667,84.02857142857144,2.7,-0.09999999999999964,2.866666666666666,3.442857142857143,340.0,0.0,340.3333333333333,341.7142857142857,8.4,0.0,8.4,8.385714285714286,11.1,0.09999999999999964,11.233333333333333,11.9,9.1,0.0,9.066666666666668,8.957142857142857,3.7,384,-3.0,448.57142857142856,2.84625,2.883437333333333,2.996517428571429,1285.9047619047615,974.6666666666664,0.1,0.1,0.014285714285714287,0.0,0.0,0.0,60.0,0.0,-0.9467139181463862,0.3220757010206104,-1.0,-1.8369701987210297e-16
2022-10-21,2.74,-0.13999999999999968,2.83,2.8285714285714287,84.0,-4.5,84.83333333333333,84.52857142857144,2.6,-0.10000000000000009,2.6999999999999993,3.1999999999999997,340.0,0.0,340.0,341.57142857142856,8.4,0.0,8.4,8.385714285714286,11.1,0.0,11.066666666666668,11.685714285714285,9.0,-0.09999999999999964,9.066666666666668,8.985714285714286,3.4,380,-4.0,432.85714285714283,2.836562,2.8457636666666666,2.960163285714286,1168.7142857142853,917.9999999999998,0.1,0.0,0.028571428571428574,0.0,0.0,0.0,64.0,0.0,-0.9410336347451197,0.3383130181923076,-1.0,-1.8369701987210297e-16
2022-10-22,2.83,0.08999999999999986,2.8166666666666664,2.8285714285714283,92.5,8.5,88.33333333333333,85.81428571428572,2.5,-0.10000000000000009,2.599999999999999,2.9857142857142853,341.0,1.0,340.3333333333333,341.2857142857143,8.4,0.0,8.4,8.385714285714286,11.2,0.09999999999999964,11.133333333333333,11.514285714285714,8.9,-0.09999999999999964,9.0,8.985714285714286,3.3,379,-1.0,417.42857142857144,2.834791,2.8392009999999996,2.924359714285714,1085.3142857142855,886.5999999999997,0.1,0.0,0.042857142857142864,0.0,0.0,0.0,71.0,0.0,-0.9350748843515574,0.3544502230989869,-1.0,-1.8369701987210297e-16
2022-10-23,2.85,0.020000000000000018,2.806666666666667,2.835714285714286,89.5,-3.0,88.66666666666667,86.45714285714287,2.3,-0.20000000000000018,2.466666666666666,2.8000000000000003,343.0,2.0,341.3333333333333,341.14285714285717,8.4,0.0,8.4,8.4,10.9,-0.29999999999999893,11.066666666666665,11.285714285714286,8.9,0.0,8.933333333333332,8.985714285714286,2.9,375,-4.0,401.2857142857143,2.82375,2.8317010000000002,2.8868747142857143,989.8380952380949,846.0666666666664,0.2,0.1,0.07142857142857142,0.0,0.0,0.0,77.0,0.0,-0.9288394302558068,0.3704825404820963,-1.0,-1.8369701987210297e-16
2022-10-24,2.79,-0.06000000000000005,2.8233333333333337,2.8314285714285714,85.0,-4.5,89.0,86.64285714285714,2.1,-0.19999999999999973,2.2999999999999994,2.585714285714286,338.0,-5.0,340.6666666666667,340.42857142857144,8.4,0.0,8.4,8.4,9.5,-1.4000000000000004,10.533333333333333,10.914285714285713,9.3,0.40000000000000036,9.033333333333333,9.042857142857143,2.6,358,-17.0,384.2857142857143,2.779895,2.8128119999999996,2.846472857142857,883.8571428571425,777.3999999999997,0.2,0.0,0.1,0.0,0.0,0.0,76.0,0.0,-0.9223291176290545,0.3864052261209853,-1.0,-1.8369701987210297e-16
2022-10-25,2.81,0.020000000000000018,2.816666666666667,2.8242857142857147,87.0,2.0,87.16666666666667,86.92857142857143,1.9,-0.20000000000000018,2.099999999999999,2.414285714285714,334.0,-4.0,338.3333333333333,339.42857142857144,8.4,0.0,8.4,8.4,8.2,-1.3000000000000007,9.533333333333333,10.428571428571429,9.7,0.3999999999999986,9.299999999999999,9.142857142857142,2.7,271,-87.0,362.0,2.538437,2.7140273333333336,2.7877377142857145,760.1999999999997,701.3999999999997,0.3,0.09999999999999998,0.14285714285714285,0.0,0.0,0.0,75.0,0.0,-0.9155458729775467,0.40221356823680365,-1.0,-1.8369701987210297e-16
2022-10-26,,,2.8000000000000003,2.816666666666667,,,86.0,87.75,8.7,6.799999999999999,4.2333333333333325,3.2571428571428567,309.0,-25.0,327.0,335.0,8.2,-0.20000000000000107,8.333333333333334,8.371428571428572,8.3,0.10000000000000142,8.666666666666666,10.042857142857143,9.6,-0.09999999999999964,9.533333333333333,9.214285714285714,15.0,361,90.0,358.2857142857143,2.785625,2.701319,2.777901428571429,1516.7428571428568,1308.0999999999997,0.6,0.3,0.2285714285714286,0.0,0.0,0.0,62.0,0.0,-0.9084917035725082,0.41790288888678667,-1.0,-1.8369701987210297e-16
2022-10-27,,,,2.8040000000000003,,,,87.6,6.5,-2.1999999999999993,5.699999999999999,3.8000000000000003,288.0,-21.0,310.3333333333333,327.57142857142856,8.1,-0.09999999999999964,8.233333333333334,8.328571428571427,6.1,-2.200000000000001,7.533333333333334,9.328571428571427,10.2,0.5999999999999996,9.833333333333332,9.37142857142857,10.3,398,37.0,360.2857142857143,2.881458,2.7351733333333335,2.782931142857143,2053.628571428571,1641.6,0.7,0.09999999999999998,0.3142857142857142,0.0,0.0,0.0,49.0,0.0,-0.9011686968561569,0.4334685453485363,-1.0,-1.8369701987210297e-16
2022-10-28,,,,2.8200000000000003,,,,88.5,3.2,-3.3,6.133333333333333,3.8857142857142857,292.0,4.0,296.3333333333333,320.7142857142857,8.1,0.0,8.133333333333333,8.285714285714286,5.4,-0.6999999999999993,6.6000000000000005,8.514285714285714,10.5,0.3000000000000007,10.1,9.585714285714285,4.5,330,-68.0,353.14285714285717,2.707604,2.7915623333333333,2.7645085714285713,2165.942857142857,1790.9333333333332,0.7,0.0,0.39999999999999997,0.0,0.0,0.0,63.0,0.0,-0.8935790198239952,0.4489059314938798,-1.0,-1.8369701987210297e-16
2022-10-29,,,,,,,,,3.3,0.09999999999999964,4.333333333333333,4.0,293.0,1.0,291.0,313.85714285714283,8.1,0.0,8.1,8.242857142857142,5.2,-0.20000000000000018,5.566666666666666,7.6571428571428575,10.6,0.09999999999999964,10.433333333333332,9.828571428571427,3.9,333,3.0,346.57142857142856,2.713958,2.767673333333333,2.7472467142857147,1501.8095238095236,1269.6666666666665,0.7,0.0,0.4857142857142857,0.0,0.0,0.0,56.0,0.0,-0.8857249183835637,0.4642104791518923,-1.0,-1.8369701987210297e-16
2022-10-30,,,,,,,,,2.7,-0.5999999999999996,3.0666666666666664,4.057142857142858,291.0,-2.0,292.0,306.42857142857144,8.1,0.0,8.1,8.2,5.3,0.09999999999999964,5.3,6.857142857142857,10.5,-0.09999999999999964,10.533333333333333,10.057142857142855,3.4,334,1.0,340.7142857142857,2.718437,2.713333,2.732202,1044.857142857143,892.4,0.7,0.0,0.5571428571428572,0.48,0.16,0.06857142857142859,36.0,2.0,-0.8776087166898392,0.4793776594606945,-1.0,-1.8369701987210297e-16
2022-10-31,,,,,,,,,2.5,-0.20000000000000018,2.8333333333333326,4.114285714285715,293.0,2.0,292.3333333333333,300.0,8.1,0.0,8.1,8.157142857142857,5.3,0.0,5.266666666666667,6.257142857142858,10.4,-0.09999999999999964,10.5,10.214285714285714,3.1,327,-7.0,336.2857142857143,2.69875,2.7103816666666667,2.720609857142857,952.8095238095235,830.1666666666664,0.8,0.10000000000000009,0.6428571428571429,0.0,0.16,0.06857142857142859,50.0,0.0,-0.8692328164574792,0.49440298420761813,-1.0,-1.8369701987210297e-16
2022-11-01,,,,,,,,,,,2.599999999999999,4.483333333333333,,,292.0,294.3333333333333,,,8.1,8.116666666666665,,,5.3,5.933333333333334,,,10.45,10.299999999999999,,289,-38.0,338.85714285714283,2.59125,2.6694790000000004,2.728154571428571,881.0285714285711,,0.8,0.0,0.7142857142857143,0.0,0.16,0.06857142857142859,57.0,0.0,-0.8605996962501181,0.5092820071573356,-0.8660254037844386,0.5000000000000001
2022-11-02,,,,,,,,,,,,3.6400000000000006,,,,291.4,,,,8.1,,,,5.460000000000001,,,,10.440000000000001,,287,-2.0,328.2857142857143,2.586458,2.625486,2.6997021428571424,,,0.8,0.0,0.7428571428571429,0.0,0.0,0.06857142857142859,57.0,0.0,-0.8517119107469189,0.5240103253675756,-0.8660254037844386,0.5000000000000001
2022-11-03,,,,,,,,,,,,2.9250000000000003,,,,292.25,,,,8.1,,,,5.300000000000001,,,,10.5,,285,-2.0,312.14285714285717,2.578645,2.585451,2.656443142857143,,,1.0,0.19999999999999996,0.7857142857142857,0.0,0.0,0.06857142857142859,65.0,0.0,-0.8425720899866032,0.5385835804920232,-0.8660254037844386,0.5000000000000001
2022-11-04,,,,,,,,,,,,,,,,,,,,,,,,,,,,,,282,-3.0,305.2857142857143,2.570625,2.578576,2.6368747142857143,,,1.1,0.10000000000000009,0.8428571428571429,0.0,0.0,0.06857142857142859,71.0,0.0,-0.8331829385891785,0.5529974600700271,-0.8660254037844386,0.5000000000000001
2022-11-05,,,,,,,,,,,,,,,,,,,,,,,,,,,,,,280,-2.0,297.7142857142857,2.564583,2.5712843333333333,2.615535428571429,,,1.3,0.19999999999999996,0.9285714285714286,0.0,0.0,0.06857142857142859,71.0,0.0,-0.8235472349556007,0.5672476988027229,-0.8660254037844386,0.5000000000000001
2022-11-06,,,,,,,,,,,,,,,,,,,,,,,,,,,,,,289,9.0,291.2857142857143,2.590833,2.5753470000000003,2.5973062857142857,,,1.3,0.0,1.0142857142857145,0.33,0.11,0.04714285714285716,42.0,3.0,-0.8136678304455991,0.5813300798152042,-0.8660254037844386,0.5000000000000001
2022-11-07,,,,,,,,,,,,,,,,,,,,,,,,,,,,,,283,-6.0,285.0,2.573229,2.576215,2.579374714285714,,,1.4,0.09999999999999987,1.0999999999999999,0.0,0.11,0.04714285714285716,40.0,0.0,-0.8035476485339116,0.5952404359043674,-0.8660254037844386,0.5000000000000001
2022-11-08,,,,,,,,,,,,,,,,,,,,,,,,,,,,,,286,3.0,284.57142857142856,2.580625,2.581562333333333,2.5778568571428573,,,1.4,0.0,1.1857142857142857,0.0,0.11,0.04714285714285716,59.0,0.0,-0.7931896839451843,0.6089746507720486,-0.8660254037844386,0.5000000000000001
2022-11-09,,,,,,,,,,,,,,,,,,,,,,,,,,,,,,282,-4.0,283.85714285714283,2.566979,2.5736109999999996,2.575074142857143,,,1.4,0.0,1.2714285714285716,0.0,0.0,0.04714285714285716,47.0,0.0,-0.7825970017677834,0.6225286602431057,-0.8660254037844386,0.5000000000000001
2022-11-10,,,,,,,,,,,,,,,,,,,,,,,,,,,,,,284,2.0,283.7142857142857,2.565416,2.571006666666667,2.573184285714286,,,1.4,0.0,1.3285714285714287,0.0,0.0,0.04714285714285716,58.0,0.0,-0.7717727365467837,0.6358984534680745,-0.8660254037844386,0.5000000000000001
2022-11-11,,,,,,,,,,,,,,,,,,,,,,,,,,,,,,267,-17.0,281.57142857142856,2.51302,2.5484716666666665,2.564955,,,1.4,0.0,1.3714285714285714,0.0,0.0,0.04714285714285716,70.0,0.0,-0.7607200913564104,0.6490800741100398,-0.8660254037844386,0.5000000000000001
2022-11-12,,,,,,,,,,,,,,,,,,,,,,,,,,,,,,259,-8.0,278.57142857142856,2.488645,2.5223603333333333,2.5541067142857146,,,1.5,0.10000000000000009,1.4,0.0,0.0,0.04714285714285716,70.0,0.0,-0.7494423368521953,0.6620696215153815,-0.8660254037844386,0.5000000000000001
2022-11-13,,,,,,,,,,,,,,,,,,,,,,,,,,,,,,268,9.0,275.57142857142856,2.51927,2.506978333333333,2.5438834285714287,,,1.5,0.0,1.4285714285714286,0.0,0.0,0.0,46.0,0.0,-0.7379428103031386,0.6748632518680403,-0.8660254037844386,0.5000000000000001
2022-11-14,,,,,,,,,,,,,,,,,,,,,,,,,,,,,,271,3.0,273.85714285714283,2.5275,2.5118050000000003,2.537350714285714,,,1.6,0.10000000000000009,1.457142857142857,0.0,0.0,0.0,35.0,0.0,-0.7262249146041543,0.6874571793269664,-0.8660254037844386,0.5000000000000001
2022-11-15,,,,,,,,,,,,,,,,,,,,,,,,,,,,,,265,-6.0,270.85714285714283,2.509375,2.5187150000000003,2.5271721428571428,,,1.6,0.0,1.4857142857142858,0.0,0.0,0.0,48.0,0.0,-0.7142921172691032,0.699847677146407,-0.8660254037844386,0.5000000000000001
2022-11-16,,,,,,,,,,,,,,,,,,,,,,,,,,,,,,280,15.0,270.57142857142856,2.555937,2.5309373333333336,2.525594714285714,,,1.7,0.09999999999999987,1.5285714285714285,0.0,0.0,0.0,51.0,0.0,-0.7021479494046978,0.7120310787787131,-0.8660254037844386,0.5000000000000001
2022-11-17,,,,,,,,,,,,,,,,,,,,,,,,,,,,,,287,7.0,271.0,2.574791,2.546701,2.5269340000000002,,,1.7,0.0,1.5714285714285714,0.01,0.0033333333333333335,0.0014285714285714444,34.0,0.0,-0.6897960046655887,0.7240037789593305,-0.8660254037844386,0.5000000000000001
2022-11-18,,,,,,,,,,,,,,,,,,,,,,,,,,,,,,291,4.0,274.42857142857144,2.587604,2.5727773333333332,2.537588857142857,,,1.8,0.10000000000000009,1.6285714285714286,0.0,0.0033333333333333335,0.0014285714285714444,33.0,0.0,-0.6772399381909491,0.7357622347736527,-0.8660254037844386,0.5000000000000001
2022-11-19,,,,,,,,,,,,,,,,,,,,,,,,,,,,,,291,0.0,279.0,2.586562,2.5829856666666666,2.5515769999999995,,,1.8,0.0,1.6714285714285715,0.0,0.0033333333333333335,0.0014285714285714444,39.0,0.0,-0.6644834655228552,0.7473029667054297,-0.8660254037844386,0.5000000000000001
2022-11-20,,,,,,,,,,,,,,,,,,,,,,,,,,,,,,293,2.0,282.57142857142856,2.593125,2.589097,2.5621277142857144,,,1.8,0.0,1.7142857142857142,0.06,0.02,0.010000000000000014,22.0,2.0,-0.6515303615068021,0.75862255966641,-0.8660254037844386,0.5000000000000001
2022-11-21,,,,,,,,,,,,,,,,,,,,,,,,,,,,,,294,1.0,285.85714285714283,2.596562,2.592083,2.5719937142857145,,,1.8,0.0,1.7428571428571427,0.0,0.02,0.010000000000000018,21.0,0.0,-0.6383844591746642,0.769717664006921,-0.8660254037844386,0.5000000000000001
2022-11-22,,,,,,,,,,,,,,,,,,,,,,,,,,,,,,311,17.0,292.42857142857144,2.645625,2.6117706666666667,2.591458,,,1.8,0.0,1.7714285714285716,0.0,0.02,0.010000000000000018,41.0,0.0,-0.6250496486104377,0.7805849965070866,-0.8660254037844386,0.5000000000000001
2022-11-23,,,,,,,,,,,,,,,,,,,,,,,,,,,,,,313,2.0,297.14285714285717,2.651979,2.6313886666666666,2.6051782857142856,,,1.9,0.09999999999999987,1.8,0.0,0.0,0.010000000000000018,49.0,0.0,-0.6115298757991053,0.7912213413483807,-0.8660254037844386,0.5000000000000001
2022-11-24,,,,,,,,,,,,,,,,,,,,,,,,,,,,,,315,2.0,301.14285714285717,2.655416,2.651006666666667,2.6166961428571427,,,1.9,0.0,1.8285714285714285,0.0,0.0,0.008571428571428587,51.0,0.0,-0.5978291414589552,0.801623551065242,-0.8660254037844386,0.5000000000000001
2022-11-25,,,,,,,,,,,,,,,,,,,,,,,,,,,,,,310,-5.0,303.85714285714283,2.641458,2.6496176666666664,2.6243895714285714,,,1.9,0.0,1.842857142857143,0.0,0.0,0.008571428571428587,51.0,0.0,-0.5839514998576998,0.8117885474764613,-0.8660254037844386,0.5000000000000001
2022-11-26,,,,,,,,,,,,,,,,,,,,,,,,,,,,,,311,1.0,306.7142857142857,2.645937,2.647603666666667,2.632871714285714,,,2.1,0.20000000000000018,1.8857142857142857,0.0,0.0,0.008571428571428587,48.0,0.0,-0.5699010576127624,0.821713322596059,-0.8660254037844386,0.5000000000000001
2022-11-27,,,,,,,,,,,,,,,,,,,,,,,,,,,,,,313,2.0,309.57142857142856,2.650104,2.6458329999999997,2.6410115714285713,,,2.2,0.10000000000000009,1.942857142857143,0.0,0.0,0.0,38.0,0.0,-0.5556819724760489,0.8313949395234058,-0.8660254037844386,0.5000000000000001
2022-11-28,,,,,,,,,,,,,,,,,,,,,,,,,,,,,,308,-5.0,311.57142857142856,2.635208,2.6437496666666664,2.6465324285714287,,,2.3,0.09999999999999964,2.0142857142857142,0.0,0.0,0.0,46.0,0.0,-0.5412984521036173,0.8408305333122887,-0.8660254037844386,0.5000000000000001
2022-11-29,,,,,,,,,,,,,,,,,,,,,,,,,,,,,,272,-36.0,306.0,2.529687,2.6049996666666666,2.629969857142857,,,2.6,0.30000000000000027,2.1285714285714286,0.0,0.0,0.0,55.0,0.0,-0.5267547528105542,0.8500173118187018,-0.8660254037844386,0.5000000000000001
2022-11-30,,,,,,,,,,,,,,,,,,,,,,,,,,,,,,271,-1.0,300.0,2.52552,2.5634716666666666,2.6119042857142856,,,2.6,0.0,2.2285714285714286,0.0,0.0,0.0,49.0,0.0,-0.5120551783114646,0.8589525565270845,-0.8660254037844386,0.5000000000000001
2022-12-01,,,,,,,,,,,,,,,,,,,,,,,,,,,,,,286,15.0,295.85714285714283,2.572395,2.5425340000000003,2.600044142857143,,,2.6,0.0,2.3285714285714287,0.16,0.05333333333333334,0.022857142857142874,57.0,4.0,-0.4972040784469378,0.8676336233547726,-0.5000000000000004,0.8660254037844384
2022-12-02,,,,,,,,,,,,,,,,,,,,,,,,,,,,,,268,-18.0,289.85714285714283,2.518333,2.5387493333333335,2.582454857142857,,,2.8,0.19999999999999973,2.457142857142857,0.01,0.05666666666666667,0.024285714285714303,21.0,0.0,-0.4822058478963526,0.8760579434344281,-0.5000000000000004,0.8660254037844384
2022-12-03,,,,,,,,,,,,,,,,,,,,,,,,,,,,,,266,-2.0,283.42857142857144,2.5125,2.5344093333333335,2.563392428571429,,,3.0,0.20000000000000018,2.585714285714286,0.0,0.05666666666666667,0.024285714285714303,32.0,0.0,-0.46706492487743034,0.8842230238742036,-0.5000000000000004,0.8660254037844384
2022-12-04,,,,,,,,,,,,,,,,,,,,,,,,,,,,,,269,3.0,277.14285714285717,2.520416,2.517083,2.5448655714285713,,,3.0,0.0,2.7,0.0,0.0033333333333333335,0.024285714285714303,60.0,0.0,-0.451785789832884,0.8921264484954345,-0.5000000000000004,0.8660254037844384
2022-12-05,,,,,,,,,,,,,,,,,,,,,,,,,,,,,,269,0.0,271.57142857142856,2.519687,2.5175343333333333,2.528362571428571,,,3.1,0.10000000000000009,2.814285714285714,0.0,0.0,0.024285714285714303,56.0,0.0,-0.4363729641045924,0.8997658785476209,-0.5000000000000004,0.8660254037844384
2022-12-06,,,,,,,,,,,,,,,,,,,,,,,,,,,,,,268,-1.0,271.0,2.51802,2.5193743333333334,2.5266958571428573,,,3.3,0.19999999999999973,2.914285714285714,0.0,0.0,0.024285714285714303,54.0,0.0,-0.42083100859565564,0.9071390534005044,-0.5000000000000004,0.8660254037844384
2022-12-07,,,,,,,,,,,,,,,,,,,,,,,,,,,,,,266,-2.0,270.2857142857143,2.5125,2.516735666666667,2.5248358571428575,,,3.3,0.0,3.0142857142857147,0.0,0.0,0.024285714285714303,61.0,0.0,-0.4051645224207563,0.9142437912130223,-0.5000000000000004,0.8660254037844384
2022-12-08,,,,,,,,,,,,,,,,,,,,,,,,,,,,,,265,-1.0,267.2857142857143,2.510208,2.513576,2.515952,,,3.4,0.10000000000000009,3.1285714285714286,0.0,0.0,0.0014285714285714444,59.0,0.0,-0.3893781415452015,0.9210779895789526,-0.5000000000000004,0.8660254037844384
2022-12-09,,,,,,,,,,,,,,,,,,,,,,,,,,,,,,259,-6.0,266.0,2.489062,2.5039233333333333,2.5117704285714284,,,3.4,0.0,3.2142857142857144,0.0,0.0,0.0,50.0,0.0,-0.37347653741307074,0.9276396261490467,-0.5000000000000004,0.8660254037844384
2022-12-10,,,,,,,,,,,,,,,,,,,,,,,,,,,,,,258,-1.0,264.85714285714283,2.488125,2.4957983333333336,2.508288285714286,,,3.4,0.0,3.2714285714285714,0.0,0.0,0.0,53.0,0.0,-0.3574644155648614,0.9339267592294762,-0.5000000000000004,0.8660254037844384
2022-12-11,,,,,,,,,,,,,,,,,,,,,,,,,,,,,,262,4.0,263.85714285714283,2.498958,2.4920483333333334,2.505222857142857,,,3.4,0.0,3.3285714285714283,0.0,0.0,0.0,45.0,0.0,-0.34134651424503615,0.9399375283564133,-0.5000000000000004,0.8660254037844384
2022-12-12,,,,,,,,,,,,,,,,,,,,,,,,,,,,,,264,2.0,263.14285714285717,2.504062,2.4970483333333333,2.5029907142857146,,,3.4,0.0,3.3714285714285714,0.0,0.0,0.0,51.0,0.0,-0.3251276029999093,0.9456701548465688,-0.5000000000000004,0.8660254037844384
2022-12-13,,,,,,,,,,,,,,,,,,,,,,,,,,,,,,259,-5.0,261.85714285714283,2.488541,2.497187,2.4987794285714284,,,3.4,0.0,3.3857142857142857,0.0,0.0,0.0,52.0,0.0,-0.30881248126625377,0.9511229423235357,-0.5000000000000004,0.8660254037844384
2022-12-14,,,,,,,,,,,,,,,,,,,,,,,,,,,,,,222,-37.0,255.57142857142858,2.366979,2.453194,2.4779907142857143,,,3.4,0.0,3.4,0.0,0.0,0.0,58.0,0.0,-0.29240597695107734,0.9562942772197719,-0.5000000000000004,0.8660254037844384
2022-12-15,1.91,,,,56.5,,,,,,,,,,,,,,,,,,,,,,,,,222,0.0,249.42857142857142,2.368541,2.4080203333333334,2.4577525714285713,,,3.4,0.0,3.4,0.0,0.0,0.0,53.0,0.0,-0.27591294500296043,0.9611826292540837,-0.5000000000000004,0.8660254037844384
2022-12-16,1.87,-0.039999999999999813,1.8900000000000001,,60.9,4.399999999999999,58.7,,,,,,,,,,,,,,,,,,,,,,,241,19.0,246.85714285714286,2.42927,2.388263333333333,2.4492108571428575,,,3.5,0.10000000000000009,3.414285714285714,0.0,0.0,0.0,25.0,0.0,-0.2593382659754056,0.9657865518844574,-0.5000000000000004,0.8660254037844384
2022-12-17,1.82,-0.050000000000000044,1.8666666666666665,,60.5,-0.3999999999999986,59.300000000000004,,,,,,,,,,,,,,,,,,,,,,,245,4.0,245.0,2.443229,2.41368,2.4427971428571427,,,3.5,0.0,3.4285714285714284,0.0,0.0,0.0,39.0,0.0,-0.2426868445825954,0.9701046827361175,-0.5000000000000004,0.8660254037844384
2022-12-18,1.86,0.040000000000000036,1.8499999999999999,1.865,60.0,-0.5,60.46666666666667,59.475,,,,,,,,,,,,,,,,,,,,,,253,8.0,243.71428571428572,2.467708,2.4467356666666666,2.438332857142857,,,3.5,0.0,3.442857142857143,0.0,0.0,0.0,29.0,0.0,-0.22596360824801906,0.974135744004672,-0.5000000000000004,0.8660254037844384
2022-12-19,1.88,0.019999999999999796,1.8533333333333333,1.8679999999999999,60.5,0.5,60.333333333333336,59.67999999999999,,,,,,,,,,,,,,,,,,,,,,259,6.0,243.0,2.489791,2.4669093333333336,2.4362941428571427,,,3.5,0.0,3.457142857142857,0.0,0.0,0.0,31.0,0.0,-0.20917350564635637,0.9778785428342386,-0.5000000000000004,0.8660254037844384
2022-12-20,2.05,0.16999999999999993,1.9299999999999997,1.8983333333333334,59.0,-1.5,59.833333333333336,59.56666666666666,,,,,,,,,,,,,,,,,,,,,,230,-29.0,238.85714285714286,2.391979,2.449826,2.4224995714285713,,,3.5,0.0,3.4714285714285715,0.0,0.0,0.0,36.0,0.0,-0.19232150523909483,0.9813319716704275,-0.5000000000000004,0.8660254037844384
2022-12-21,1.88,-0.16999999999999993,1.9366666666666663,1.8957142857142857,64.0,5.0,61.166666666666664,60.199999999999996,,,,,,,,,,,,,,,,,,,,,,192,-38.0,234.57142857142858,2.25802,2.37993,2.406934,,,3.7,0.20000000000000018,3.5142857142857147,0.0,0.0,0.0,43.0,0.0,-0.17541259380427843,0.9844950085880858,-0.5000000000000004,0.8660254037844384
2022-12-22,1.94,0.06000000000000005,1.9566666666666663,1.9,63.0,-1.0,62.0,61.128571428571426,,,,,,,,,,,,,,,,,,,,,,149,-43.0,224.14285714285714,2.086354,2.2454509999999996,2.3666215714285714,,,3.9,0.19999999999999973,3.5857142857142854,0.0,0.0,0.0,47.0,0.0,-0.15845177496083632,0.9873667175937016,-0.5000000000000004,0.8660254037844384
2022-12-23,1.94,0.0,1.92,1.9100000000000001,64.0,1.0,63.666666666666664,61.57142857142857,,,,,,,,,,,,,,,,,,,,,,211,62.0,219.85714285714286,2.318437,2.220937,2.350788285714286,,,4.0,0.10000000000000009,3.6571428571428575,0.0,0.0,0.0,49.0,0.0,-0.14144406768794202,0.9899462489023779,-0.5000000000000004,0.8660254037844384
2022-12-24,2.0,0.06000000000000005,1.9599999999999997,1.9357142857142857,67.0,3.0,64.66666666666667,62.5,,,,,,,,,,,,,,,,,,,,,,384,173.0,239.71428571428572,2.834062,2.4129509999999996,2.406621571428571,,,4.1,0.09999999999999964,3.742857142857143,0.19,0.06333333333333334,0.02714285714285716,49.0,4.0,-0.12439450483979998,0.9922328391893008,-0.5000000000000004,0.8660254037844384
2022-12-25,2.02,0.020000000000000018,1.9866666666666664,1.9585714285714284,66.0,-1.0,65.66666666666667,63.357142857142854,,,,,,,,,,,,,,,,,,,,,,318,-66.0,249.0,2.661666,2.6047216666666664,2.434329857142857,,,4.1,0.0,3.8285714285714283,0.0,0.06333333333333334,0.02714285714285716,-3.0,0.0,-0.10730813165636247,0.9942258118156161,-0.5000000000000004,0.8660254037844384
2022-12-26,2.01,-0.010000000000000231,2.01,1.977142857142857,67.0,1.0,66.66666666666667,64.28571428571429,,,,,,,,,,,,,,,,,,,,,,360,42.0,263.42857142857144,2.772708,2.756145333333333,2.4747465714285712,,,4.1,0.0,3.914285714285714,0.0,0.06333333333333334,0.02714285714285716,25.0,0.0,-0.09019000427034513,0.9959245770286599,-0.5000000000000004,0.8660254037844384
2022-12-27,2.04,0.03000000000000025,2.0233333333333334,1.9757142857142855,68.0,1.0,67.0,65.57142857142857,,,,,,,,,,,,,,,,,,,,,,347,-13.0,280.14285714285717,2.739166,2.724513333333334,2.5243447142857143,,,4.2,0.10000000000000053,4.014285714285714,0.0,0.0,0.02714285714285716,40.0,0.0,-0.07304518821104743,0.9973286321364752,-0.5000000000000004,0.8660254037844384
2022-12-28,2.16,0.1200000000000001,2.07,2.0157142857142856,72.8,4.799999999999997,69.26666666666667,66.82857142857144,,,,,,,,,,,,,,,,,,,,,,295,-52.0,294.85714285714283,2.672916,2.728263333333333,2.583615571428571,,,4.3,0.09999999999999964,4.1,0.0,0.0,0.02714285714285716,46.0,0.0,-0.05587875690537313,0.9984375616565666,-0.5000000000000004,0.8660254037844384
2022-12-29,2.11,-0.050000000000000266,2.103333333333333,2.04,68.5,-4.299999999999997,69.76666666666667,67.61428571428571,,,,,,,,,,,,,,,,,,,,,,218,-77.0,304.7142857142857,2.61552,2.675867333333333,2.659210714285714,,,4.3,0.0,4.1571428571428575,0.0,0.0,0.02714285714285716,45.0,0.0,-0.03869579017652689,0.9992510374388481,-0.5000000000000004,0.8660254037844384
2022-12-30,2.07,-0.040000000000000036,2.1133333333333333,2.0585714285714283,65.5,-3.0,68.93333333333334,67.82857142857142,,,,,,,,,,,,,,,,,,,,,,212,-6.0,304.85714285714283,2.593437,2.627291,2.6984964285714286,,,4.5,0.20000000000000018,4.228571428571429,0.0,0.0,0.02714285714285716,62.0,0.0,-0.021501372740813793,0.999768818762748,-0.5000000000000004,0.8660254037844384
2022-12-31,2.04,-0.029999999999999805,2.073333333333333,2.0642857142857145,66.0,0.5,66.66666666666667,67.68571428571428,,,,,,,,,,,,,,,,,,,,,,212,0.0,280.2857142857143,2.594895,2.601284,2.6643297142857145,,,5.1,0.5999999999999996,4.371428571428571,1.2,0.39999999999999997,0.17142857142857146,53.0,10.0,-0.004300592702981974,0.9999907524084426,-0.5000000000000004,0.8660254037844384
2023-01-01,,,2.0549999999999997,2.0716666666666668,,,65.75,67.96666666666665,,,,,,,,,,,,,,,,,,,,,,220,8.0,266.2857142857143,2.620937,2.603089666666667,2.658511285714286,,,5.3,0.20000000000000018,4.542857142857143,0.0,0.39999999999999997,0.17142857142857143,31.0,0.0,0.017201575418260506,0.9998520419557735,0.0,1.0
2023-01-02,,,,2.084,,,,68.16,,,,,,,,,,,,,,,,,,,,,,200,-20.0,243.42857142857142,2.54802,2.5879506666666665,2.626413,,,5.3,0.0,4.714285714285714,0.0,0.39999999999999997,0.17142857142857143,33.0,0.0,0.03439806061360801,0.9994082116062598,0.0,1.0
2023-01-03,,,,2.095,,,,68.19999999999999,,,,,,,,,,,,,,,,,,,,,,156,-44.0,216.14285714285714,2.381666,2.5168743333333334,2.5753415714285715,,,5.4,0.10000000000000053,4.885714285714286,0.0,0.0,0.17142857142857143,54.0,0.0,0.051584366869408364,0.9986686402879997,0.0,1.0
2023-01-04,,,,,,,,,,,,,,,,,,,,,,,,,,,,,,147,-9.0,195.0,2.342812,2.424166,2.528183857142857,,,5.5,0.09999999999999964,5.057142857142857,0.1,0.03333333333333333,0.18571428571428572,54.0,1.0,0.06875540848113941,0.9976335468520451,0.0,1.0
2023-01-05,,,,,,,,,,,,,,,,,,,,,,,,,,,,,,179,32.0,189.42857142857142,2.468333,2.3976036666666665,2.507157142857143,,,5.5,0.0,5.228571428571429,0.08,0.06,0.19714285714285712,27.0,0.5,0.08590610426133272,0.9963032375991965,0.0,1.0
2023-01-06,,,,,,,,,,,,,,,,,,,,,,,,,,,,,,167,-12.0,183.0,2.421458,2.410867666666667,2.4825887142857144,,,5.5,0.0,5.371428571428572,0.0,0.06,0.19714285714285712,30.0,0.0,0.10303137904317879,0.9946781061893646,0.0,1.0
2023-01-07,,,,,,,,,,,,,,,,,,,,,,,,,,,,,,162,-5.0,175.85714285714286,2.40177,2.4305203333333334,2.4549994285714285,,,5.5,0.0,5.428571428571429,0.0,0.02666666666666667,0.025714285714285714,37.0,0.0,0.1201261651823505,0.9927586335250793,0.0,1.0
2023-01-08,,,,,,,,,,,,,,,,,,,,,,,,,,,,,,141,-21.0,164.57142857142858,2.318541,2.380589666666667,2.4118,,,5.6,0.09999999999999964,5.471428571428571,0.0,0.0,0.025714285714285714,45.0,0.0,0.13718540405660057,0.9905453876091833,0.0,1.0
2023-01-09,,,,,,,,,,,,,,,,,,,,,,,,,,,,,,145,4.0,156.71428571428572,2.335833,2.352048,2.3814875714285715,,,5.6,0.0,5.514285714285714,0.0,0.0,0.025714285714285714,43.0,0.0,0.1542040475626894,0.988039023376751,0.0,1.0
2023-01-10,,,,,,,,,,,,,,,,,,,,,,,,,,,,,,149,4.0,155.71428571428572,2.351666,2.3353466666666667,2.377201857142857,,,5.6,0.0,5.542857142857143,0.0,0.0,0.025714285714285714,46.0,0.0,0.17117705961019986,0.985240282501282,0.0,1.0
2023-01-11,,,,,,,,,,,,,,,,,,,,,,,,,,,,,,150,1.0,156.14285714285714,2.355,2.3474996666666668,2.378943,,,5.8,0.20000000000000018,5.5857142857142845,0.0,0.0,0.011428571428571429,52.0,0.0,0.18809941761179758,0.9821499931752291,0.0,1.0
2023-01-12,,,,,,,,,,,,,,,,,,,,,,,,,,,,,,134,-16.0,149.71428571428572,2.290729,2.332465,2.3535709999999996,,,5.8,0.0,5.628571428571428,0.0,0.0,0.0,53.0,0.0,0.20496611396949532,0.9787690698649216,0.0,1.0
2023-01-13,,,,,,,,,,,,,,,,,,,,,,,,,,,,,,173,39.0,150.57142857142858,2.33802,2.327916333333333,2.3416512857142857,,,5.9,0.10000000000000053,5.685714285714285,0.0,0.0,0.0,60.0,0.0,0.22177215755648186,0.975098513039961,0.0,1.0
2023-01-14,,,,,,,,,,,,,,,,,,,,,,,,,,,,,,250,77.0,163.14285714285714,2.472395,2.367048,2.3517405714285715,,,5.9,0.0,5.742857142857142,0.09,0.03,0.012857142857142857,35.0,1.0,0.23851257519407648,0.9711394088771653,0.0,1.0
2023-01-15,,,,,,,,,,,,,,,,,,,,,,,,,,,,,,248,-2.0,178.42857142857142,2.465312,2.4252423333333333,2.372707857142857,,,6.1,0.1999999999999993,5.814285714285715,0.0,0.03,0.012857142857142857,40.0,0.0,0.2551824131233728,0.9668929289391521,0.0,1.0
2023-01-16,,,,,,,,,,,,,,,,,,,,,,,,,,,,,,250,2.0,193.42857142857142,2.47052,2.469409,2.3919488571428573,,,6.2,0.10000000000000053,5.8999999999999995,0.0,0.03,0.012857142857142857,52.0,0.0,0.2717767384711357,0.9623603298276545,0.0,1.0
2023-01-17,,,,,,,,,,,,,,,,,,,,,,,,,,,,,,242,-8.0,206.71428571428572,2.446979,2.460937,2.4055649999999997,,,6.8,0.5999999999999996,6.071428571428571,0.0,0.0,0.012857142857142857,61.0,0.0,0.2882906407095177,0.9575429528116719,0.0,1.0
2023-01-18,,,,,,,,,,,,,,,,,,,,,,,,,,,,,,215,-27.0,216.0,2.352291,2.4232633333333333,2.405178,,,6.9,0.10000000000000053,6.228571428571429,0.11,0.03666666666666667,0.028571428571428574,45.0,0.5,0.3047192331091634,0.9524422234305676,0.0,1.0
2023-01-19,,,,,,,,,,,,,,,,,,,,,,,,,,,,,,210,-5.0,226.85714285714286,2.334895,2.378055,2.4114874285714287,,,6.9,0.0,6.385714285714285,0.0,0.03666666666666667,0.028571428571428574,41.0,0.0,0.321057654185271,0.9470596510722283,0.0,1.0
2023-01-20,,,,,,,,,,,,,,,,,,,,,,,,,,,,,,242,32.0,236.71428571428572,2.443125,2.3767703333333334,2.4265024285714287,,,6.9,0.0,6.528571428571429,0.32,0.14333333333333334,0.07428571428571429,41.0,4.0,0.3373010691361842,0.9413968285264122,0.0,1.0
2023-01-21,,,,,,,,,,,,,,,,,,,,,,,,,,,,,,230,-12.0,233.85714285714286,2.404791,2.3942703333333335,2.416844714285714,,,7.0,0.09999999999999964,6.685714285714286,0.24,0.18666666666666668,0.09571428571428572,25.0,2.0,0.3534446712740877,0.9354554315134164,0.0,1.0
2023-01-22,,,,,,,,,,,,,,,,,,,,,,,,,,,,,,239,9.0,232.57142857142858,2.433958,2.4272913333333332,2.412365571428571,,,7.0,0.0,6.814285714285715,0.0,0.18666666666666668,0.09571428571428572,39.0,0.0,0.3694836834473831,0.9292372181882051,0.0,1.0
2023-01-23,,,,,,,,,,,,,,,,,,,,,,,,,,,,,,216,-23.0,227.71428571428572,2.359375,2.3993746666666667,2.396487714285714,,,7.1,0.09999999999999964,6.942857142857142,0.0,0.08,0.09571428571428572,27.0,0.0,0.38541335945432564,0.9227440286201427,0.0,1.0
2023-01-24,,,,,,,,,,,,,,,,,,,,,,,,,,,,,,205,-11.0,222.42857142857142,2.31625,2.369861,2.3778121428571426,,,7.1,0.0,6.985714285714286,0.04,0.013333333333333334,0.10142857142857144,29.0,1.0,0.4012289854475009,0.9159777842484877,0.0,1.0
2023-01-25,,,,,,,,,,,,,,,,,,,,,,,,,,,,,,218,13.0,222.85714285714286,2.362083,2.345902666666667,2.379211,,,7.2,0.10000000000000053,7.028571428571429,0.01,0.016666666666666666,0.08714285714285716,37.0,0.0,0.4169258813287287,0.908940487313808,0.0,1.0
2023-01-26,,,,,,,,,,,,,,,,,,,,,,,,,,,,,,227,9.0,225.28571428571428,2.395416,2.3579163333333333,2.3878568571428573,,,7.2,0.0,7.071428571428571,0.0,0.016666666666666666,0.08714285714285716,37.0,0.0,0.4324994021339788,0.901634220265486,0.0,1.0
2023-01-27,,,,,,,,,,,,,,,,,,,,,,,,,,,,,,255,28.0,227.14285714285714,2.487291,2.41493,2.3941662857142854,,,7.5,0.2999999999999998,7.157142857142857,0.0,0.0033333333333333335,0.041428571428571426,32.0,0.0,0.44794493940789115,0.8940611451454876,0.0,1.0
2023-01-28,,,,,,,,,,,,,,,,,,,,,,,,,,,,,,241,-14.0,228.71428571428572,2.44302,2.441909,2.3996275714285713,,,7.6,0.09999999999999964,7.242857142857142,0.0,0.0,0.0071428571428571435,30.0,0.0,0.4632579225674917,0.88622350294858,0.0,1.0
2023-01-29,,,,,,,,,,,,,,,,,,,,,,,,,,,,,,255,14.0,231.0,2.487187,2.4724993333333334,2.4072317142857145,,,7.6,0.0,7.328571428571428,0.0,0.0,0.0071428571428571435,38.0,0.0,0.4784338202547012,0.8781236129591848,0.0,1.0
2023-01-30,,,,,,,,,,,,,,,,,,,,,,,,,,,,,,271,16.0,238.85714285714286,2.534583,2.4882633333333337,2.4322614285714286,,,7.6,0.0,7.4,0.0,0.0,0.0071428571428571435,49.0,0.0,0.49346814167723735,0.8697638720650646,0.0,1.0
2023-01-31,,,,,,,,,,,,,,,,,,,,,,,,,,,,,,271,0.0,248.28571428571428,2.53302,2.5182633333333335,2.4632285714285715,,,7.6,0.0,7.471428571428571,0.01,0.0033333333333333335,0.002857142857142857,33.0,0.2,0.5083564379375122,0.8611467540480452,0.0,1.0
2023-02-01,,,,,,,,,,,,,,,,,,,,,,,,,,,,,,224,-47.0,249.14285714285714,2.382391,2.4833313333333336,2.466129714285714,,,7.7,0.10000000000000053,7.542857142857143,0.01,0.006666666666666667,0.002857142857142857,8.0,0.5,0.5230943033491326,0.8522748088519838,0.49999999999999994,0.8660254037844387
2023-02-02,,,,,,,,,,,,,,,,,,,,,,,,,,,,,,246,22.0,251.85714285714286,2.456041,2.4571506666666667,2.4747904285714286,,,7.7,0.0,7.614285714285715,0.02,0.013333333333333334,0.005714285714285714,7.0,0.5,0.5376773767406141,0.8431506618282,0.49999999999999994,0.8660254037844387
2023-02-03,,,,,,,,,,,,,,,,,,,,,,,,,,,,,,268,22.0,253.71428571428572,2.525312,2.454581333333333,2.480222,,,7.7,0.0,7.642857142857143,0.0,0.01,0.005714285714285714,33.0,0.0,0.5521013427459208,0.8337770129585915,0.49999999999999994,0.8660254037844387
2023-02-04,,,,,,,,,,,,,,,,,,,,,,,,,,,,,,222,-46.0,251.0,2.379687,2.4536800000000003,2.471174428571428,,,7.7,0.0,7.6571428571428575,0.0,0.006666666666666667,0.005714285714285714,45.0,0.0,0.5663619330814524,0.8241566360566663,0.49999999999999994,0.8660254037844387
2023-02-05,,,,,,,,,,,,,,,,,,,,,,,,,,,,,,219,-3.0,245.85714285714286,2.367708,2.4242356666666667,2.454106,,,7.7,0.0,7.671428571428572,0.0,0.0,0.005714285714285714,49.0,0.0,0.580454927809098,0.8142923779467267,0.49999999999999994,0.8660254037844387
2023-02-06,,,,,,,,,,,,,,,,,,,,,,,,,,,,,,219,0.0,238.42857142857142,2.369062,2.3721523333333336,2.4304601428571426,,,7.9,0.20000000000000018,7.714285714285714,0.0,0.0,0.005714285714285714,56.0,0.0,0.5943761565849831,0.804187157621448,0.49999999999999994,0.8660254037844387
2023-02-07,,,,,,,,,,,,,,,,,,,,,,,,,,,,,,211,-8.0,229.85714285714286,2.33927,2.3586799999999997,2.4027815714285716,,,7.9,0.0,7.757142857142858,0.0,0.0,0.004285714285714286,56.0,0.0,0.6081214998935418,0.7938439653781019,0.49999999999999994,0.8660254037844387
2023-02-08,,,,,,,,,,,,,,,,,,,,,,,,,,,,,,202,-9.0,226.71428571428572,2.30802,2.338784,2.392157142857143,,,8.0,0.09999999999999964,7.8,0.0,0.0,0.002857142857142857,62.0,0.0,0.6216868902665479,0.7832658619336791,0.49999999999999994,0.8660254037844387
2023-02-09,,,,,,,,,,,,,,,,,,,,,,,,,,,,,,204,2.0,220.71428571428572,2.313541,2.3202770000000004,2.3718,,,8.1,0.09999999999999964,7.857142857142857,0.0,0.0,0.0,44.0,0.0,0.6350683134867438,0.7724559775191742,0.49999999999999994,0.8660254037844387
2023-02-10,,,,,,,,,,,,,,,,,,,,,,,,,,,,,,182,-22.0,208.42857142857142,2.258229,2.2932633333333334,2.3336452857142858,,,8.2,0.09999999999999964,7.928571428571429,0.0,0.0,0.0,45.0,0.0,0.6482618097757122,0.7614175109532997,0.49999999999999994,0.8660254037844387
2023-02-11,,,,,,,,,,,,,,,,,,,,,,,,,,,,,,167,-15.0,200.57142857142858,2.264375,2.278715,2.317172142857143,,,8.2,0.0,8.0,0.0,0.0,0.0,49.0,0.0,0.6612634749656386,0.7501537286959042,0.49999999999999994,0.8660254037844387
2023-02-12,,,,,,,,,,,,,,,,,,,,,,,,,,,,,,168,1.0,193.28571428571428,2.267604,2.2634026666666665,2.3028715714285712,,,8.2,0.0,8.071428571428571,0.0,0.0,0.0,31.0,0.0,0.6740694616546161,0.7386679638813748,0.49999999999999994,0.8660254037844387
2023-02-13,,,,,,,,,,,,,,,,,,,,,,,,,,,,,,166,-2.0,185.71428571428572,2.259895,2.263958,2.2872762857142854,,,8.3,0.10000000000000142,8.128571428571428,0.0,0.0,0.0,51.0,0.0,0.6866759803451553,0.726963615332308,0.49999999999999994,0.8660254037844387
2023-02-14,,,,,,,,,,,,,,,,,,,,,,,,,,,,,,167,1.0,179.42857142857142,2.263854,2.263784333333333,2.2765025714285714,,,8.6,0.29999999999999893,8.228571428571428,0.0,0.0,0.0,62.0,0.0,0.6990793005655562,0.7150441465537444,0.49999999999999994,0.8660254037844387
2023-02-15,,,,,,,,,,,,,,,,,,,,,,,,,,,,,,169,2.0,174.71428571428572,2.272395,2.2653813333333335,2.2714132857142855,,,8.7,0.09999999999999964,8.328571428571427,0.0,0.0,0.0,54.0,0.0,0.7112757519738152,0.7029130847082615,0.49999999999999994,0.8660254037844387
2023-02-16,,,,,,,,,,,,,,,,,,,,,,,,,,,,,,179,10.0,171.14285714285714,2.309166,2.281805,2.2707882857142856,,,8.7,0.0,8.414285714285713,0.0,0.0,0.0,60.0,0.0,0.7232617254437388,0.6905740195722294,0.49999999999999994,0.8660254037844387
2023-02-17,,,,,,,,,,,,,,,,,,,,,,,,,,,,,,186,7.0,171.71428571428572,2.335625,2.3057286666666665,2.281844857142857,,,8.7,0.0,8.485714285714286,0.34,0.11333333333333334,0.04857142857142858,50.0,12.0,0.7350336741329412,0.6780306024735382,0.49999999999999994,0.8660254037844387
2023-02-18,,,,,,,,,,,,,,,,,,,,,,,,,,,,,,200,14.0,176.42857142857142,2.388854,2.3445483333333335,2.2996275714285708,,,8.7,0.0,8.557142857142855,0.17,0.17,0.07285714285714286,14.0,2.0,0.746588114532413,0.6652865452111116,0.49999999999999994,0.8660254037844387
2023-02-19,,,,,,,,,,,,,,,,,,,,,,,,,,,,,,191,-9.0,179.71428571428572,2.35552,2.3599996666666665,2.312187,,,8.8,0.10000000000000142,8.642857142857142,0.0,0.17,0.07285714285714286,28.0,0.0,0.7579216274973472,0.6523456189565257,0.49999999999999994,0.8660254037844387
2023-02-20,,,,,,,,,,,,,,,,,,,,,,,,,,,,,,191,0.0,183.28571428571428,2.357291,2.367221666666666,2.3261007142857144,,,8.8,0.0,8.714285714285714,0.0,0.05666666666666667,0.07285714285714286,52.0,0.0,0.7690308592589181,0.6392116531380588,0.49999999999999994,0.8660254037844387
2023-02-21,,,,,,,,,,,,,,,,,,,,,,,,,,,,,,193,2.0,187.0,2.366562,2.359791,2.3407732857142856,,,8.8,0.0,8.742857142857144,0.0,0.0,0.07285714285714286,51.0,0.0,0.7799125224167177,0.6258885343075018,0.49999999999999994,0.8660254037844387
2023-02-22,,,,,,,,,,,,,,,,,,,,,,,,,,,,,,196,3.0,190.85714285714286,2.374583,2.3661453333333333,2.355371571428571,,,9.1,0.29999999999999893,8.8,0.0,0.0,0.07285714285714286,49.0,0.0,0.7905633969115482,0.612380204990065,0.49999999999999994,0.8660254037844387
2023-02-23,,,,,,,,,,,,,,,,,,,,,,,,,,,,,,211,15.0,195.42857142857142,2.42875,2.3899649999999997,2.3724549999999995,,,9.1,0.0,8.857142857142858,0.0,0.0,0.07285714285714286,58.0,0.0,0.8009803309782905,0.5986906625177214,0.49999999999999994,0.8660254037844387
2023-02-24,,,,,,,,,,,,,,,,,,,,,,,,,,,,,,234,23.0,202.28571428571428,2.508437,2.437256666666667,2.3971424285714287,,,9.2,0.09999999999999964,8.928571428571429,0.05,0.016666666666666666,0.03142857142857143,59.0,0.5,0.8111602420785621,0.5848239578463322,0.49999999999999994,0.8660254037844387
2023-02-25,,,,,,,,,,,,,,,,,,,,,,,,,,,,,,222,-12.0,205.42857142857142,2.468958,2.468715,2.408585857142857,,,9.2,0.0,9.0,0.11,0.05333333333333334,0.022857142857142857,12.0,2.0,0.8211001178128892,0.5707841943569036,0.49999999999999994,0.8660254037844387
2023-02-26,,,,,,,,,,,,,,,,,,,,,,,,,,,,,,224,2.0,210.14285714285714,2.47625,2.484548333333333,2.425833,,,9.4,0.20000000000000107,9.085714285714285,0.0,0.05333333333333334,0.022857142857142857,15.0,0.0,0.8307970168121247,0.5565755266413303,0.49999999999999994,0.8660254037844387
2023-02-27,,,,,,,,,,,,,,,,,,,,,,,,,,,,,,217,-7.0,213.85714285714286,2.452708,2.4659720000000003,2.439464,,,9.5,0.09999999999999964,9.185714285714285,0.0,0.03666666666666667,0.022857142857142857,46.0,0.0,0.8402480696078469,0.5422021592729844,0.49999999999999994,0.8660254037844387
2023-02-28,,,,,,,,,,,,,,,,,,,,,,,,,,,,,,182,-35.0,212.28571428571428,2.323541,2.4174996666666666,2.433318142857143,,,9.5,0.0,9.285714285714286,0.0,0.0,0.022857142857142857,62.0,0.0,0.8494504794814806,0.527668345562516,0.49999999999999994,0.8660254037844387
2023-03-01,,,,,,,,,,,,,,,,,,,,,,,,,,,,,,177,-5.0,209.57142857142858,2.302708,2.3596523333333335,2.4230502857142855,,,9.6,0.09999999999999964,9.357142857142858,0.0,0.0,0.022857142857142857,58.0,0.0,0.8584015232918917,0.512978386299228,0.8660254037844386,0.5000000000000001
2023-03-02,,,,,,,,,,,,,,,,,,,,,,,,,,,,,,179,2.0,205.0,2.310416,2.3122216666666664,2.4061454285714285,,,9.8,0.20000000000000107,9.457142857142857,0.0,0.0,0.022857142857142857,53.0,0.0,0.8670985522812081,0.4981366284784055,0.8660254037844386,0.5000000000000001
2023-03-03,,,,,,,,,,,,,,,,,,,,,,,,,,,,,,180,1.0,197.28571428571428,2.314062,2.309062,2.3783775714285715,,,9.8,0.0,9.542857142857143,0.0,0.0,0.015714285714285715,47.0,0.0,0.8755389928586302,0.4831474640149687,0.8660254037844386,0.5000000000000001
2023-03-04,,,,,,,,,,,,,,,,,,,,,,,,,,,,,,178,-2.0,191.0,2.306458,2.310312,2.3551632857142857,,,9.8,0.0,9.62857142857143,0.0,0.0,0.0,34.0,0.0,0.8837203473619977,0.4680153284438345,0.8660254037844386,0.5000000000000001
2023-03-05,,,,,,,,,,,,,,,,,,,,,,,,,,,,,,180,2.0,184.71428571428572,2.314687,2.311735666666667,2.332082857142857,,,9.8,0.0,9.685714285714285,0.0,0.0,0.0,46.0,0.0,0.8916401947968874,0.45274469960737107,0.8660254037844386,0.5000000000000001
2023-03-06,,,,,,,,,,,,,,,,,,,,,,,,,,,,,,181,1.0,179.57142857142858,2.317083,2.312742666666667,2.312707857142857,,,9.8,0.0,9.728571428571428,0.0,0.0,0.0,48.0,0.0,0.8992961915530253,0.4373400963303323,0.8660254037844386,0.5000000000000001
2023-03-07,,,,,,,,,,,,,,,,,,,,,,,,,,,,,,180,-1.0,179.28571428571428,2.317187,2.316319,2.3118001428571433,,,9.8,0.0,9.771428571428572,0.0,0.0,0.0,44.0,0.0,0.9066860720977985,0.4218060770826634,0.8660254037844386,0.5000000000000001
2023-03-08,,,,,,,,,,,,,,,,,,,,,,,,,,,,,,180,0.0,179.71428571428572,2.3125,2.31559,2.313199,,,9.8,0.0,9.8,0.0,0.0,0.0,56.0,0.0,0.9138076496466615,0.40614723863057883,0.8660254037844386,0.5000000000000001
2023-03-09,,,,,,,,,,,,,,,,,,,,,,,,,,,,,,191,11.0,181.42857142857142,2.354062,2.3279163333333335,2.3194341428571428,,,9.8,0.0,9.8,0.0,0.0,0.0,43.0,0.0,0.9206588168102428,0.3903682146763026,0.8660254037844386,0.5000000000000001
2023-03-10,,,,,,,,,,,,,,,,,,,,,,,,,,,,,,250,59.0,191.42857142857142,2.562708,2.4097566666666665,2.354955,,,10.2,0.3999999999999986,9.857142857142858,0.0,0.0,0.0,30.0,0.0,0.9272375462179537,0.374473674486883,0.8660254037844386,0.5000000000000001
2023-03-11,,,,,,,,,,,,,,,,,,,,,,,,,,,,,,259,9.0,203.0,2.588229,2.501666333333333,2.3952080000000002,,,10.4,0.20000000000000107,9.942857142857145,0.0,0.0,0.0,38.0,0.0,0.9335418911179212,0.35846832151248087,0.8660254037844386,0.5000000000000001
2023-03-12,,,,,,,,,,,,,,,,,,,,,,,,,,,,,,256,-3.0,213.85714285714286,2.579782,2.5769063333333335,2.433078714285714,,,10.9,0.5,10.1,0.0,0.0,0.0,51.0,0.0,0.9395699859530622,0.342356891994542,0.8660254037844386,0.5000000000000001
2023-03-13,,,,,,,,,,,,,,,,,,,,,,,,,,,,,,251,-5.0,223.85714285714286,2.565208,2.5777396666666665,2.4685251428571426,,,10.9,0.0,10.257142857142856,0.0,0.0,0.0,64.0,0.0,0.945320046913132,0.3261441535642696,0.8660254037844386,0.5000000000000001
2023-03-14,,,,,,,,,,,,,,,,,,,,,,,,,,,,,,264,13.0,235.85714285714286,2.56427,2.5697533333333333,2.503822714285714,,,10.9,0.0,10.414285714285715,0.0,0.0,0.0,53.0,0.0,0.9507903724625832,0.3098349038318025,0.8660254037844386,0.5000000000000001
2023-03-15,,,,,,,,,,,,,,,,,,,,,,,,,,,,,,287,23.0,251.14285714285714,2.576562,2.56868,2.5415458571428573,,,11.0,0.09999999999999964,10.585714285714285,0.0,0.0,0.0,43.0,0.0,0.9559793438440766,0.2934339689665273,0.8660254037844386,0.5000000000000001
2023-03-16,,,,,,,,,,,,,,,,,,,,,,,,,,,,,,287,0.0,264.85714285714283,2.573854,2.5715619999999997,2.5729447142857143,,,11.0,0.0,10.757142857142858,0.0,0.0,0.0,53.0,0.0,0.9608854255574977,0.27694620226893646,0.8660254037844386,0.5000000000000001
2023-03-17,,,,,,,,,,,,,,,,,,,,,,,,,,,,,,231,-56.0,262.14285714285717,2.400208,2.516874666666667,2.5497304285714284,,,11.0,0.0,10.87142857142857,0.0,0.0,0.0,63.0,0.0,0.9655071658143364,0.2603764827344581,0.8660254037844386,0.5000000000000001
2023-03-18,,,,,,,,,,,,,,,,,,,,,,,,,,,,,,222,-9.0,256.85714285714283,2.367083,2.4470483333333335,2.518138142857143,,,11.0,0.0,10.957142857142856,0.53,0.17666666666666667,0.07571428571428572,69.0,1.0,0.969843196967294,0.24372971360968387,0.8660254037844386,0.5000000000000001
2023-03-19,,,,,,,,,,,,,,,,,,,,,,,,,,,,,,223,1.0,252.14285714285714,2.372708,2.3799996666666665,2.4885561428571426,,,11.1,0.09999999999999964,10.985714285714286,0.05,0.19333333333333336,0.08285714285714287,32.0,0.0,0.9738922359149924,0.22701082094141847,0.8660254037844386,0.5000000000000001
2023-03-20,,,,,,,,,,,,,,,,,,,,,,,,,,,,,,232,9.0,249.42857142857142,2.402812,2.3808676666666666,2.4653567142857145,,,11.2,0.09999999999999964,11.028571428571428,0.0,0.19333333333333336,0.08285714285714287,38.0,0.0,0.9776530844816641,0.2102247521189836,0.8660254037844386,0.5000000000000001
2023-03-21,,,,,,,,,,,,,,,,,,,,,,,,,,,,,,229,-3.0,244.42857142857142,2.391875,2.3891316666666667,2.440728857142857,,,11.5,0.3000000000000007,11.114285714285716,0.0,0.016666666666666666,0.08285714285714287,41.0,0.0,0.981124629771712,0.19337647441020586,0.8660254037844386,0.5000000000000001
2023-03-22,,,,,,,,,,,,,,,,,,,,,,,,,,,,,,228,-1.0,236.0,2.391562,2.3954163333333334,2.414300285714286,,,11.8,0.3000000000000007,11.22857142857143,0.0,0.0,0.08285714285714287,56.0,0.0,0.984305844499033,0.17647097349152166,0.8660254037844386,0.5000000000000001
2023-03-23,,,,,,,,,,,,,,,,,,,,,,,,,,,,,,234,6.0,228.42857142857142,2.408437,2.3972913333333334,2.3906692857142855,,,11.9,0.09999999999999964,11.357142857142858,0.0,0.0,0.08285714285714287,52.0,0.0,0.9871957872910085,0.15951325197263655,0.8660254037844386,0.5000000000000001
2023-03-24,,,,,,,,,,,,,,,,,,,,,,,,,,,,,,266,32.0,233.42857142857142,2.51302,2.437673,2.4067852857142857,,,12.0,0.09999999999999964,11.5,0.0,0.0,0.08285714285714287,56.0,0.0,0.9897936029670716,0.14250832791617088,0.8660254037844386,0.5000000000000001
2023-03-25,,,,,,,,,,,,,,,,,,,,,,,,,,,,,,290,24.0,243.14285714285714,2.583125,2.501527333333333,2.4376484285714284,,,12.0,0.0,11.642857142857142,0.0,0.0,0.0071428571428571435,41.0,0.0,0.992098522791769,0.12546123335273648,0.8660254037844386,0.5000000000000001
2023-03-26,,,,,,,,,,,,,,,,,,,,,,,,,,,,,,284,-6.0,251.85714285714286,2.56677,2.554305,2.4653715714285718,,,12.1,0.09999999999999964,11.785714285714286,0.0,0.0,0.0,50.0,0.0,0.9941098647022418,0.10837701279187609,0.8660254037844386,0.5000000000000001
2023-03-27,,,,,,,,,,,,,,,,,,,,,,,,,,,,,,294,10.0,260.7142857142857,2.594791,2.581562,2.492797142857143,,,12.2,0.09999999999999964,11.928571428571429,0.0,0.0,0.0,49.0,0.0,0.9958270335100595,0.09126072172931188,0.8660254037844386,0.5000000000000001
2023-03-28,,,,,,,,,,,,,,,,,,,,,,,,,,,,,,284,-10.0,268.57142857142856,2.567083,2.5762146666666665,2.517826857142857,,,12.2,0.0,12.028571428571427,0.0,0.0,0.0,38.0,0.0,0.9972495210773451,0.07411742515094437,0.8660254037844386,0.5000000000000001
2023-03-29,,,,,,,,,,,,,,,,,,,,,,,,,,,,,,288,4.0,277.14285714285717,2.5775,2.579791333333333,2.5443894285714284,,,12.2,0.0,12.085714285714285,0.08,0.02666666666666667,0.011428571428571429,39.0,1.0,0.998376906467142,0.056952196034039754,0.8660254037844386,0.5000000000000001
2023-03-30,,,,,,,,,,,,,,,,,,,,,,,,,,,,,,263,-25.0,281.2857142857143,2.502812,2.549131666666667,2.5578715714285716,,,12.2,0.0,12.128571428571428,0.0,0.02666666666666667,0.011428571428571429,32.0,0.0,0.9992088560679753,0.03977011384605572,0.8660254037844386,0.5000000000000001
2023-03-31,,,,,,,,,,,,,,,,,,,,,,,,,,,,,,260,-3.0,280.42857142857144,2.492812,2.5243746666666667,2.554984714285714,,,12.5,0.3000000000000007,12.200000000000001,0.0,0.02666666666666667,0.011428571428571429,53.0,0.0,0.9997451236925734,0.022576263041545485,0.8660254037844386,0.5000000000000001
2023-04-01,2.3,,,,73.5,,,,2.0,,,,359.0,,,,8.2,,,,6.0,,,,10.6,,,,2.2,241,-19.0,273.42857142857144,2.432812,2.476145333333333,2.533511428571429,,,12.6,0.09999999999999964,12.285714285714286,0.0,0.0,0.011428571428571429,54.0,0.0,0.9999855506507186,0.005375731557583884,1.0,6.123233995736766e-17
2023-04-02,2.3,0.0,2.3,,73.5,0.0,73.5,,2.1,0.10000000000000009,2.049999999999999,,357.0,-2.0,358.0,,8.2,0.0,8.2,,7.0,1.0,6.5,,10.3,-0.29999999999999893,10.45,,2.4,244,3.0,267.7142857142857,2.442291,2.4559716666666667,2.5157287142857143,548.8142857142855,731.8499999999996,12.6,0.0,12.357142857142858,0.0,0.0,0.011428571428571429,63.0,0.0,0.9999300657962057,-0.011826390691832589,1.0,6.123233995736766e-17
2023-04-03,2.3,0.0,2.3,,71.5,-2.0,72.83333333333333,,2.1,0.0,2.066666666666666,,352.0,-5.0,356.0,,8.2,0.0,8.2,,7.0,0.0,6.666666666666667,,10.3,0.0,10.4,,2.5,252,8.0,261.7142857142857,2.468958,2.4480203333333335,2.4977525714285713,540.8761904761903,727.4666666666665,12.6,0.0,12.414285714285713,0.0,0.0,0.011428571428571429,51.0,0.0,0.9995786855478958,-0.029025013321975237,1.0,6.123233995736766e-17
2023-04-04,2.3,0.0,2.3,2.3,74.5,3.0,73.16666666666667,73.25,2.2,0.10000000000000009,2.133333333333333,2.1,351.0,-1.0,353.3333333333333,354.75,8.2,0.0,8.2,8.2,4.3,-2.7,6.1000000000000005,6.075,11.1,0.7999999999999989,10.566666666666666,10.575,2.5,255,3.0,257.57142857142856,2.47625,2.4624996666666665,2.4847764285714287,549.4857142857142,748.7999999999998,12.6,0.0,12.471428571428572,0.0,0.0,0.011428571428571429,65.0,0.0,0.9989315138848577,-0.046215046983708354,1.0,6.123233995736766e-17
2023-04-05,2.2,-0.09999999999999964,2.266666666666666,2.28,75.5,1.0,73.83333333333333,73.7,2.0,-0.20000000000000018,2.0999999999999996,2.08,358.0,7.0,353.6666666666667,355.4,8.2,0.0,8.2,8.2,2.3,-2.0,4.533333333333333,5.32,12.0,0.9000000000000004,11.133333333333333,10.86,2.2,241,-14.0,250.85714285714286,2.433333,2.4595136666666666,2.464181142857143,526.8,751.7999999999998,12.7,0.09999999999999964,12.542857142857143,0.0,0.0,0.0,68.0,0.0,0.9979887423155984,-0.06339140486951038,1.0,6.123233995736766e-17
2023-04-06,2.2,0.0,2.233333333333333,2.2666666666666666,74.5,-1.0,74.83333333333333,73.83333333333333,2.1,0.10000000000000009,2.0999999999999996,2.0833333333333335,359.0,1.0,356.0,356.0,8.2,0.0,8.2,8.2,4.4,2.1000000000000005,3.6666666666666665,5.166666666666667,11.4,-0.5999999999999996,11.5,10.950000000000001,2.4,238,-3.0,247.28571428571428,2.421145,2.4435759999999997,2.452514428571429,519.2999999999998,753.8999999999999,12.7,0.0,12.614285714285714,0.02,0.006666666666666667,0.002857142857142857,56.0,0.0,0.9967506498213929,-0.08054900421874167,1.0,6.123233995736766e-17
2023-04-07,2.2,0.0,2.2,2.257142857142857,75.0,0.5,75.0,74.0,2.0,-0.10000000000000009,2.0333333333333328,2.0714285714285716,354.0,-5.0,357.0,355.7142857142857,8.2,0.0,8.2,8.2,5.6,1.1999999999999993,4.1000000000000005,5.228571428571429,11.0,-0.40000000000000036,11.466666666666667,10.957142857142857,2.4,221,-17.0,241.71428571428572,2.366145,2.406874333333333,2.4344191428571427,491.48571428571415,719.7999999999998,12.7,0.0,12.642857142857142,0.14,0.05333333333333334,0.022857142857142857,26.0,3.0,0.9952176027737294,-0.09768276782171598,1.0,6.123233995736766e-17
2023-04-08,2.3,0.09999999999999964,2.233333333333333,2.257142857142857,75.5,0.5,75.0,74.28571428571429,2.0,0.0,2.0333333333333328,2.0714285714285716,352.0,-2.0,355.0,354.7142857142857,8.2,0.0,8.2,8.2,5.6,0.0,5.199999999999999,5.171428571428572,11.0,0.0,11.133333333333333,11.014285714285716,2.4,225,4.0,239.42857142857142,2.380416,2.389235333333333,2.426934,486.8380952380951,715.7333333333331,12.7,0.0,12.657142857142857,0.0,0.05333333333333334,0.022857142857142857,38.0,0.0,0.9933900548258936,-0.11478762552212701,1.0,6.123233995736766e-17
2023-04-09,2.2,-0.09999999999999964,2.233333333333333,2.242857142857143,74.5,-1.0,75.0,74.42857142857143,,,2.0,2.066666666666667,,,353.0,354.3333333333333,8.2,0.0,8.2,8.2,7.3,1.7000000000000002,6.166666666666667,5.214285714285714,10.6,-0.40000000000000036,10.866666666666667,11.057142857142855,2.5,223,-2.0,236.42857142857142,2.374583,2.3737146666666664,2.4172614285714284,472.85714285714283,,12.7,0.0,12.671428571428569,0.0,0.04666666666666667,0.022857142857142857,49.0,0.0,0.9912685467787256,-0.13185851571739118,1.0,6.123233995736766e-17
2023-04-10,2.2,0.0,2.233333333333333,2.2285714285714286,74.5,0.0,74.83333333333333,74.85714285714286,,,,2.06,,,,354.8,8.2,0.0,8.2,8.2,8.4,1.1000000000000005,7.099999999999999,5.414285714285714,10.4,-0.1999999999999993,10.666666666666666,11.071428571428571,,228,5.0,233.0,2.389375,2.381458,2.4058924285714283,,,12.7,0.0,12.685714285714285,0.0,0.0,0.022857142857142857,67.0,0.0,0.9888537064205885,-0.1488903868564548,1.0,6.123233995736766e-17
2023-04-11,2.2,0.0,2.2,2.2142857142857144,70.5,-4.0,73.16666666666667,74.28571428571429,,,,2.025,,,,355.75,8.2,0.0,8.2,8.2,9.7,1.299999999999999,8.466666666666667,6.185714285714285,10.0,-0.40000000000000036,10.333333333333334,10.914285714285715,4.1,240,12.0,230.85714285714286,2.430208,2.398055333333333,2.399315,,,12.7,0.0,12.7,0.0,0.0,0.022857142857142857,64.0,0.0,0.986146248341595,-0.16587819893463143,1.0,6.123233995736766e-17
2023-04-12,2.2,0.0,2.2,2.2142857142857144,69.1,-1.4000000000000057,71.36666666666666,73.37142857142858,8.3,,,3.6,336.0,,,350.25,8.1,-0.09999999999999964,8.166666666666666,8.185714285714285,9.6,-0.09999999999999964,9.233333333333333,7.228571428571428,10.0,0.0,10.133333333333333,10.62857142857143,12.6,317,77.0,241.71428571428572,2.662395,2.4939926666666667,2.4320381428571425,,,12.7,0.0,12.7,0.0,0.0,0.022857142857142857,66.0,0.0,0.9831469737221499,-0.1828169249850199,1.0,6.123233995736766e-17
2023-04-13,2.2,0.0,2.2,2.2142857142857144,70.2,1.1000000000000085,69.93333333333334,72.75714285714285,6.6,-1.700000000000001,7.449999999999999,4.725,329.0,-7.0,332.5,342.75,8.1,0.0,8.133333333333333,8.17142857142857,9.3,-0.29999999999999893,9.533333333333333,7.928571428571429,9.9,-0.09999999999999964,9.966666666666667,10.414285714285715,8.4,338,21.0,256.0,2.718437,2.60368,2.4745084285714287,1907.1999999999998,2451.0499999999997,12.3,-0.3999999999999986,12.642857142857142,0.0,0.0,0.02,74.0,0.0,0.9798567700958665,-0.1997015525660636,1.0,6.123233995736766e-17
2023-04-14,2.2,0.0,2.2,2.2142857142857144,68.5,-1.7000000000000028,69.26666666666667,71.82857142857144,4.4,-2.1999999999999993,6.433333333333333,5.325,321.0,-8.0,328.6666666666667,334.5,8.1,0.0,8.1,8.157142857142857,6.6,-2.700000000000001,8.5,8.071428571428571,10.7,0.7999999999999989,10.2,10.37142857142857,5.7,336,-2.0,272.42857142857144,2.71375,2.6981939999999995,2.5241662857142857,1752.6238095238095,2065.1,12.6,0.29999999999999893,12.628571428571428,0.0,0.0,0.0,83.0,0.0,0.9762766110869321,-0.21652708524481437,1.0,6.123233995736766e-17
2023-04-15,2.3,0.09999999999999964,2.233333333333333,2.2142857142857144,67.5,-1.0,68.73333333333333,70.68571428571428,3.0,-1.4000000000000004,4.666666666666666,5.575,325.0,4.0,325.0,327.75,8.1,0.0,8.1,8.142857142857142,5.9,-0.6999999999999993,7.266666666666667,8.114285714285716,11.0,0.3000000000000007,10.533333333333333,10.37142857142857,4.2,274,-62.0,279.42857142857144,2.535104,2.6557636666666666,2.5462645714285714,1304.0,1516.6666666666665,12.8,0.20000000000000107,12.642857142857142,0.0,0.0,0.0,81.0,0.0,0.9724075561219968,-0.23328854407545518,1.0,6.123233995736766e-17
2023-04-16,2.3,0.0,2.266666666666666,2.2285714285714286,67.0,-0.5,67.66666666666667,69.61428571428571,2.5,-0.5,3.2999999999999994,4.96,340.0,15.0,328.6666666666667,330.2,8.1,0.0,8.1,8.128571428571428,7.2,1.2999999999999998,6.566666666666666,8.1,10.7,-0.3000000000000007,10.799999999999999,10.385714285714286,3.0,255,-19.0,284.0,2.47625,2.575034666666667,2.5607884285714286,937.1999999999998,1121.9999999999998,12.8,0.0,12.657142857142857,0.0,0.0,0.0,75.0,0.0,0.9682507501166718,-0.2499809690726521,1.0,6.123233995736766e-17
2023-04-17,2.3,0.0,2.3,2.242857142857143,67.0,0.0,67.16666666666667,68.54285714285714,2.3,-0.20000000000000018,2.599999999999999,4.516666666666667,345.0,5.0,336.6666666666667,332.6666666666667,8.1,0.0,8.1,8.114285714285714,8.2,0.9999999999999991,7.099999999999999,8.071428571428571,10.3,-0.3999999999999986,10.666666666666666,10.37142857142857,2.9,256,1.0,288.0,2.48,2.497118,2.573734857142857,748.7999999999997,896.9999999999998,12.4,-0.40000000000000036,12.614285714285714,0.28,0.09333333333333334,0.04,44.0,0.0,0.9638074231367307,-0.26659942067929354,1.0,6.123233995736766e-17
2023-04-18,2.2,-0.09999999999999964,2.266666666666666,2.242857142857143,64.5,-2.5,66.16666666666667,67.68571428571428,2.6,0.30000000000000027,2.4666666666666663,4.242857142857143,340.0,-5.0,341.6666666666667,333.7142857142857,8.1,0.0,8.1,8.1,8.4,0.20000000000000107,7.933333333333333,7.885714285714285,10.2,-0.10000000000000142,10.4,10.4,3.2,262,6.0,291.14285714285717,2.500104,2.4854513333333332,2.58372,718.1523809523809,838.6666666666665,12.0,-0.40000000000000036,12.514285714285714,0.0,0.09333333333333334,0.04,49.0,0.0,0.9590788900341131,-0.28313898122818354,1.0,6.123233995736766e-17
2023-04-19,2.3,0.09999999999999964,2.266666666666666,2.257142857142857,62.5,-2.0,64.66666666666667,66.74285714285715,2.8,0.19999999999999973,2.566666666666666,3.457142857142857,334.0,-6.0,339.6666666666667,333.42857142857144,8.1,0.0,8.1,8.1,8.4,0.0,8.333333333333334,7.714285714285714,10.2,0.0,10.233333333333333,10.428571428571429,3.4,269,7.0,284.2857142857143,2.520416,2.500173333333333,2.5634372857142855,729.6666666666664,857.2666666666664,12.2,0.1999999999999993,12.442857142857145,0.0,0.09333333333333334,0.04,62.0,0.0,0.9540665500578387,-0.2995947563972602,1.0,6.123233995736766e-17
2023-04-20,2.3,0.0,2.266666666666666,2.2714285714285714,63.0,0.5,63.333333333333336,65.71428571428571,3.1,0.30000000000000027,2.8333333333333326,2.9571428571428577,,,337.0,334.1666666666667,8.1,0.0,8.1,8.1,5.3,-3.1000000000000005,7.366666666666667,7.142857142857143,11.1,0.9000000000000004,10.5,10.6,3.8,254,-15.0,272.2857142857143,2.47427,2.4982633333333335,2.5285562857142856,771.4761904761903,,12.2,0.0,12.428571428571429,0.0,0.0,0.04,70.0,0.0,0.9487718864399473,-0.31596187665790293,1.0,6.123233995736766e-17
2023-04-21,2.2,-0.09999999999999964,2.266666666666666,2.2714285714285714,61.5,-1.5,62.333333333333336,64.71428571428571,,,2.9499999999999993,2.716666666666667,,,,336.8,8.0,-0.09999999999999964,8.066666666666665,8.085714285714285,4.2,-1.0999999999999996,5.966666666666666,6.800000000000002,11.5,0.40000000000000036,10.933333333333332,10.714285714285714,,240,-14.0,258.57142857142856,2.429583,2.4747563333333336,2.487961,762.7857142857141,,12.6,0.40000000000000036,12.428571428571429,0.0,0.0,0.04,74.0,0.0,0.9431964659565866,-0.33223549871590435,1.0,6.123233995736766e-17
2023-04-22,2.0,-0.20000000000000018,2.1666666666666665,2.228571428571428,59.5,-2.0,61.333333333333336,63.57142857142857,3.0,,3.049999999999999,2.716666666666667,355.0,,,342.8,8.1,0.09999999999999964,8.066666666666666,8.085714285714285,4.7,0.5,4.733333333333333,6.628571428571428,11.3,-0.1999999999999993,11.299999999999999,10.757142857142856,3.4,265,25.0,257.2857142857143,2.51,2.471284333333333,2.4843747142857144,784.7214285714283,1082.7499999999995,12.8,0.20000000000000107,12.428571428571429,0.0,0.0,0.04,64.0,0.0,0.9373419384643772,-0.3484108069446808,1.0,6.123233995736766e-17
2023-04-23,2.2,0.20000000000000018,2.1333333333333333,2.2142857142857144,59.5,0.0,60.166666666666664,62.5,,,,2.7600000000000002,358.0,3.0,356.5,346.4,8.1,0.0,8.066666666666668,8.085714285714285,6.0,1.2999999999999998,4.966666666666666,6.457142857142857,10.9,-0.40000000000000036,11.233333333333334,10.785714285714286,,256,-9.0,257.42857142857144,2.481354,2.4736456666666666,2.485103857142857,,,12.8,0.0,12.428571428571429,0.0,0.0,0.04,47.0,0.0,0.9312100364121947,-0.3644830148102912,1.0,6.123233995736766e-17
2023-04-24,2.2,0.0,2.1333333333333333,2.1999999999999997,61.0,1.5,60.0,61.642857142857146,,,,2.875,357.0,-1.0,356.6666666666667,348.8,8.1,0.0,8.1,8.085714285714285,8.2,2.1999999999999993,6.3,6.457142857142857,10.2,-0.7000000000000011,10.799999999999999,10.77142857142857,,264,8.0,258.57142857142856,2.506875,2.4994096666666663,2.4889431428571425,,,13.3,0.5,12.557142857142859,0.31,0.10333333333333333,0.04428571428571428,49.0,5.0,0.9248025743285089,-0.38044736628785164,1.0,6.123233995736766e-17
2023-04-25,2.1,-0.10000000000000009,2.1666666666666665,2.185714285714286,62.0,1.0,60.833333333333336,61.285714285714285,2.4,,,2.8249999999999997,351.0,-6.0,355.3333333333333,351.0,8.1,0.0,8.1,8.085714285714285,7.4,-0.7999999999999989,7.2,6.314285714285715,10.4,0.20000000000000107,10.5,10.799999999999999,4.2,273,9.0,260.14285714285717,2.533229,2.507152666666667,2.4936752857142856,,,13.8,0.5,12.814285714285715,0.02,0.11,0.047142857142857146,32.0,0.0,0.9181214482844365,-0.39629913726891813,1.0,6.123233995736766e-17
2023-04-26,2.1,0.0,2.1333333333333333,2.157142857142857,59.5,-2.5,60.833333333333336,60.857142857142854,3.3,0.8999999999999999,2.8499999999999988,2.95,346.0,-5.0,351.3333333333333,353.4,8.1,0.0,8.1,8.085714285714285,6.9,-0.5,7.5,6.1,10.6,0.1999999999999993,10.4,10.857142857142858,5.0,304,31.0,265.14285714285717,2.625312,2.5551386666666667,2.5086604285714285,755.6571428571426,986.0999999999996,13.8,0.0,13.042857142857143,0.0,0.11,0.047142857142857146,55.0,0.0,0.9111686353326631,-0.41203363695942635,1.0,6.123233995736766e-17
2023-04-27,2.0,-0.10000000000000009,2.0666666666666664,2.1142857142857143,61.0,1.5,60.833333333333336,60.57142857142857,3.6,0.30000000000000027,3.099999999999999,3.0749999999999997,352.0,6.0,349.6666666666667,353.1666666666667,8.1,0.0,8.1,8.085714285714285,8.3,1.4000000000000004,7.533333333333334,6.528571428571429,10.1,-0.5,10.366666666666667,10.714285714285714,4.8,313,9.0,273.57142857142856,2.650833,2.6031246666666665,2.5338837142857145,848.0714285714283,1091.1999999999998,14.1,0.29999999999999893,13.314285714285715,0.0,0.006666666666666667,0.047142857142857146,62.0,0.0,0.9039461929224011,-0.42764620926777464,1.0,6.123233995736766e-17
2023-04-28,2.0,0.0,2.033333333333333,2.085714285714286,57.5,-3.5,59.333333333333336,60.0,3.9,0.2999999999999998,3.599999999999999,3.2399999999999998,346.0,-6.0,348.0,352.14285714285717,8.1,0.0,8.1,8.1,8.6,0.29999999999999893,7.933333333333334,7.157142857142857,10.1,0.0,10.266666666666667,10.514285714285714,5.0,328,15.0,286.14285714285717,2.69125,2.6557983333333333,2.5712647142857143,1030.1142857142856,1245.5999999999997,14.5,0.40000000000000036,13.585714285714287,1.14,0.37999999999999995,0.21,59.0,0.0,0.8964562582905575,-0.44313223418263453,1.0,6.123233995736766e-17
2023-04-29,2.0,0.0,2.0,2.085714285714286,56.0,-1.5,58.166666666666664,59.5,2.9,-1.0,3.4666666666666663,3.2199999999999998,350.0,4.0,349.3333333333333,351.42857142857144,8.1,0.0,8.1,8.1,9.5,0.9000000000000004,8.799999999999999,7.8428571428571425,9.9,-0.1999999999999993,10.033333333333333,10.314285714285715,4.0,322,-6.0,294.2857142857143,2.675208,2.6724303333333332,2.594865857142857,1020.190476190476,1213.3333333333333,14.2,-0.3000000000000007,13.785714285714286,0.04,0.3933333333333333,0.21571428571428572,56.0,0.0,0.8887010478292915,-0.45848712914008766,1.0,6.123233995736766e-17
2023-04-30,2.0,0.0,2.0,2.0571428571428574,56.0,0.0,56.5,59.0,3.8,0.8999999999999999,3.5333333333333328,3.3166666666666664,347.0,-3.0,347.6666666666667,349.85714285714283,8.1,0.0,8.1,8.1,10.7,1.1999999999999993,9.6,8.514285714285714,9.6,-0.3000000000000007,9.866666666666665,10.12857142857143,4.5,331,9.0,305.0,2.700833,2.6890970000000003,2.62622,1077.6666666666665,1226.0666666666664,13.9,-0.29999999999999893,13.942857142857141,0.8,0.66,0.33,66.0,0.0,0.8806828564301475,-0.47370635037968,1.0,6.123233995736766e-17
2023-05-01,2.0,0.0,2.0,2.0285714285714285,56.5,0.5,56.166666666666664,58.357142857142854,4.4,0.6000000000000005,3.6999999999999993,3.471428571428571,338.0,-9.0,345.0,347.14285714285717,8.1,0.0,8.1,8.1,11.0,0.3000000000000007,10.4,8.914285714285715,9.4,-0.1999999999999993,9.633333333333333,10.014285714285714,5.0,337,6.0,315.42857142857144,2.716458,2.697499666666667,2.6561604285714284,1167.0857142857142,1250.5999999999997,13.7,-0.20000000000000107,14.0,0.0,0.28,0.2857142857142857,53.0,0.0,0.8724040568049612,-0.48878539428899265,0.8660254037844387,-0.4999999999999998
2023-05-02,2.0,0.0,2.0,2.0142857142857142,53.0,-3.5,55.166666666666664,57.07142857142857,4.0,-0.40000000000000036,4.066666666666666,3.6999999999999997,329.0,-9.0,338.0,344.0,8.1,0.0,8.1,8.1,10.5,-0.5,10.733333333333334,9.357142857142858,9.5,0.09999999999999964,9.5,9.885714285714286,4.7,327,-10.0,323.14285714285717,2.68875,2.702013666666667,2.678377714285715,1314.1142857142856,1337.9333333333332,13.5,-0.1999999999999993,13.957142857142857,0.0,0.26666666666666666,0.28285714285714286,70.0,0.0,0.8638670987837349,-0.503719798736334,0.8660254037844387,-0.4999999999999998
2023-05-03,2.0,0.0,2.0,2.0,55.5,2.5,55.0,56.5,,,4.199999999999999,3.766666666666666,317.0,-12.0,328.0,339.85714285714283,8.1,0.0,8.1,8.1,10.8,0.3000000000000007,10.766666666666666,9.914285714285715,9.4,-0.09999999999999964,9.433333333333334,9.714285714285714,6.4,344,17.0,328.85714285714283,2.735729,2.713645666666667,2.6941515714285713,1381.1999999999996,1331.3999999999999,13.2,-0.3000000000000007,13.87142857142857,0.0,0.0,0.28285714285714286,67.0,0.0,0.8550745085896932,-0.518505144391157,0.8660254037844387,-0.4999999999999998
2023-05-04,2.2,0.20000000000000018,2.0666666666666664,2.0285714285714285,55.5,0.0,54.666666666666664,55.714285714285715,,,,3.8,302.0,-15.0,316.0,332.7142857142857,8.0,-0.09999999999999964,8.066666666666665,8.085714285714285,10.5,-0.3000000000000007,10.6,10.22857142857143,9.4,0.0,9.433333333333332,9.614285714285714,,361,17.0,335.7142857142857,2.78,2.734826333333334,2.712604,,,13.2,0.0,13.742857142857142,0.0,0.0,0.28285714285714286,70.0,0.0,0.8460288880917339,-0.533137056031809,0.8660254037844387,-0.4999999999999998
2023-05-05,2.2,0.0,2.1333333333333333,2.0571428571428574,53.5,-2.0,54.833333333333336,55.142857142857146,,,,3.7749999999999995,302.0,0.0,307.0,326.42857142857144,8.1,0.09999999999999964,8.066666666666666,8.085714285714285,10.4,-0.09999999999999964,10.566666666666668,10.485714285714286,9.4,0.0,9.4,9.514285714285714,,352,-9.0,339.14285714285717,2.756875,2.7575346666666665,2.721979,,,13.1,-0.09999999999999964,13.542857142857143,0.0,0.0,0.12000000000000001,67.0,0.0,0.8367329140344921,-0.5476112038402312,0.8660254037844387,-0.4999999999999998
2023-05-06,2.4,0.19999999999999973,2.2666666666666666,2.1142857142857143,53.0,-0.5,54.0,54.714285714285715,,,,,308.0,6.0,304.0,320.42857142857144,8.1,0.0,8.066666666666668,8.085714285714285,10.2,-0.20000000000000107,10.366666666666667,10.585714285714285,9.5,0.09999999999999964,9.433333333333334,9.457142857142857,,342,-10.0,342.0,2.729583,2.755486,2.729746857142857,,,12.8,-0.29999999999999893,13.342857142857143,0.0,0.0,0.1142857142857143,76.0,0.0,0.8271893372462497,-0.5619233046832195,0.8660254037844387,-0.4999999999999998
2023-05-07,2.5,0.10000000000000009,2.3666666666666667,2.185714285714286,52.0,-1.0,52.833333333333336,54.142857142857146,,,,,309.0,1.0,306.3333333333333,315.0,8.1,0.0,8.1,8.085714285714285,9.4,-0.7999999999999989,10.0,10.4,9.6,0.09999999999999964,9.5,9.457142857142857,,337,-5.0,342.85714285714283,2.716145,2.734201,2.731934285714286,,,12.7,-0.10000000000000142,13.171428571428573,0.0,0.0,0.0,59.0,0.0,0.8174009818249189,-0.5760691233798758,0.8660254037844387,-0.4999999999999998
2023-05-08,2.6,0.10000000000000009,2.5,2.2714285714285714,51.5,-0.5,52.166666666666664,53.42857142857143,,,,,311.0,2.0,309.3333333333333,311.14285714285717,8.1,0.0,8.1,8.085714285714285,9.4,0.0,9.666666666666666,10.171428571428573,9.6,0.0,9.566666666666666,9.485714285714286,,330,-7.0,341.85714285714283,2.69875,2.714826,2.7294045714285713,,,12.5,-0.1999999999999993,13.0,0.0,0.0,0.0,74.0,0.0,0.8073707443023492,-0.5900444739548627,0.8660254037844387,-0.4999999999999998
2023-05-09,2.6,0.0,2.5666666666666664,2.357142857142857,50.0,-1.5,51.166666666666664,53.0,3.1,,,,313.0,2.0,311.0,308.85714285714283,8.1,0.0,8.1,8.085714285714285,10.8,1.4000000000000004,9.866666666666667,10.214285714285714,9.3,-0.29999999999999893,9.5,9.457142857142857,3.7,335,5.0,343.0,2.711458,2.7087843333333335,2.732648571428571,,,12.0,-0.5,12.785714285714286,0.0,0.0,0.0,73.0,0.0,0.7971015927871943,-0.6038452208771035,0.8660254037844387,-0.4999999999999998
2023-05-10,2.5,-0.10000000000000009,2.5666666666666664,2.4285714285714284,51.0,1.0,50.833333333333336,52.357142857142854,8.4,5.300000000000001,5.749999999999999,,305.0,-8.0,309.6666666666667,307.14285714285717,8.0,-0.09999999999999964,8.066666666666666,8.071428571428571,9.8,-1.0,10.0,10.071428571428571,9.5,0.1999999999999993,9.466666666666667,9.471428571428572,29.7,388,53.0,349.2857142857143,2.8475,2.7525693333333336,2.7486158571428567,2008.3928571428569,1753.7499999999998,12.1,0.09999999999999964,12.62857142857143,0.0,0.0,0.0,66.0,0.0,0.7865965660866021,-0.6174672802835514,0.8660254037844387,-0.4999999999999998
2023-05-11,2.5,0.0,2.533333333333333,2.4714285714285715,51.0,0.0,50.666666666666664,51.714285714285715,35.6,27.200000000000003,15.700000000000001,,286.0,-19.0,301.3333333333333,304.85714285714283,7.9,-0.09999999999999964,8.0,8.057142857142857,6.9,-2.9000000000000004,9.166666666666668,9.557142857142859,10.2,0.6999999999999993,9.666666666666666,9.585714285714285,80.2,555,167.0,377.0,3.209479,2.9228123333333333,2.80997,5918.900000000001,4490.200000000001,12.6,0.5,12.542857142857143,0.0,0.0,0.0,70.0,0.0,0.7758587728069828,-0.6309066211876704,0.8660254037844387,-0.4999999999999998
2023-05-12,2.5,0.0,2.5,2.5142857142857147,51.0,0.0,51.0,51.357142857142854,107.0,71.4,50.333333333333336,38.525,269.0,-17.0,286.6666666666667,300.14285714285717,7.9,0.0,7.933333333333334,8.028571428571428,8.3,1.4000000000000004,8.333333333333334,9.257142857142856,9.9,-0.29999999999999893,9.866666666666667,9.657142857142857,185.0,833,278.0,445.7142857142857,3.682083,3.246354,2.9421425714285716,22434.285714285717,13539.666666666668,12.6,0.0,12.471428571428572,0.0,0.0,0.0,75.0,0.0,0.7648913904341226,-0.6441592666722685,0.8660254037844387,-0.4999999999999998
2023-05-13,2.6,0.10000000000000009,2.533333333333333,2.542857142857143,49.0,-2.0,50.333333333333336,50.785714285714285,36.1,-70.9,59.56666666666666,38.04,244.0,-25.0,266.3333333333333,291.0,7.9,0.0,7.9,8.0,9.2,0.8999999999999986,8.133333333333333,9.114285714285716,9.7,-0.20000000000000107,9.933333333333332,9.685714285714285,64.8,715,-118.0,499.0,3.508125,3.4665623333333335,3.053362857142857,29723.766666666666,14534.266666666666,13.0,0.40000000000000036,12.5,1.88,0.6266666666666666,0.26857142857142857,56.0,0.0,0.753697664392914,-0.6572212950663319,0.8660254037844387,-0.4999999999999998
2023-05-14,3.2,0.6000000000000001,2.766666666666667,2.642857142857143,48.5,-0.5,49.5,50.285714285714285,24.5,-11.600000000000001,55.86666666666667,35.78333333333333,234.0,-10.0,249.0,280.2857142857143,7.9,0.0,7.9,7.971428571428572,10.6,1.4000000000000004,9.366666666666667,9.285714285714286,9.4,-0.29999999999999893,9.666666666666666,9.657142857142857,32.2,673,-42.0,547.0,3.435,3.541736,3.1560564285714285,30559.066666666666,13072.8,13.0,0.0,12.542857142857143,3.2,1.6933333333333334,0.7257142857142858,48.0,0.0,0.742280907086982,-0.6700888411055113,0.8660254037844387,-0.4999999999999998
2023-05-15,6.5,3.3,4.1000000000000005,3.1999999999999997,47.5,-1.0,48.333333333333336,49.714285714285715,22.9,-1.6000000000000014,27.833333333333332,33.94285714285714,224.0,-10.0,234.0,267.85714285714283,7.9,0.0,7.9,7.942857142857143,11.0,0.40000000000000036,10.266666666666666,9.514285714285714,9.3,-0.09999999999999964,9.466666666666667,9.614285714285716,37.6,713,40.0,601.7142857142857,3.505208,3.4827776666666668,3.271264714285714,16747.714285714283,6234.666666666666,12.7,-0.3000000000000007,12.571428571428571,0.0,1.6933333333333334,0.7257142857142858,60.0,0.0,0.7306444969184916,-0.6827580970759147,0.8660254037844387,-0.4999999999999998
2023-05-16,6.2,-0.2999999999999998,5.3,3.7142857142857144,45.0,-2.5,47.0,49.0,22.8,-0.09999999999999787,23.400000000000002,36.75714285714286,210.0,-14.0,222.66666666666666,253.14285714285714,7.9,0.0,7.9,7.9142857142857155,11.2,0.1999999999999993,10.933333333333332,9.571428571428571,9.1,-0.20000000000000107,9.266666666666667,9.585714285714285,27.7,746,33.0,660.4285714285714,3.560937,3.500381666666667,3.3926188571428573,15454.028571428573,4914.0,12.0,-0.6999999999999993,12.571428571428571,0.27,1.1566666666666667,0.7642857142857142,58.0,0.0,0.7187918772884232,-0.6952253139408722,0.8660254037844387,-0.4999999999999998
2023-05-17,6.9,0.7000000000000002,6.533333333333334,4.3428571428571425,44.5,-0.5,45.666666666666664,48.07142857142857,18.2,-4.600000000000001,21.3,38.15714285714286,202.0,-8.0,212.0,238.42857142857142,7.9,0.0,7.9,7.9,11.6,0.40000000000000036,11.266666666666666,9.828571428571427,9.0,-0.09999999999999964,9.133333333333333,9.514285714285714,20.5,699,-47.0,704.8571428571429,3.480312,3.5154856666666667,3.483020571428572,15013.457142857143,4302.6,11.4,-0.5999999999999996,12.471428571428572,0.45,0.24,0.8285714285714285,60.0,0.0,0.7067265555776158,-0.7074868024503348,0.8660254037844387,-0.4999999999999998
2023-05-18,7.2,0.2999999999999998,6.766666666666667,5.014285714285714,44.0,-0.5,44.5,47.07142857142857,15.5,-2.6999999999999993,18.833333333333332,35.285714285714285,191.0,-11.0,201.0,224.85714285714286,7.8,-0.10000000000000053,7.866666666666667,7.885714285714286,11.5,-0.09999999999999964,11.433333333333332,10.485714285714284,9.0,0.0,9.033333333333333,9.342857142857142,19.2,640,-59.0,717.0,3.375729,3.4723260000000002,3.5067705714285715,13503.5,3597.1666666666665,10.9,-0.5,12.22857142857143,0.04,0.25333333333333335,0.8342857142857143,59.0,0.0,0.6944521021088763,-0.719538934232584,0.8660254037844387,-0.4999999999999998
2023-05-19,7.3,0.09999999999999964,7.133333333333334,5.7,43.5,-0.5,44.0,46.0,18.6,3.1000000000000014,17.433333333333334,22.657142857142855,190.0,-1.0,194.33333333333334,213.57142857142858,7.8,0.0,7.833333333333333,7.871428571428571,9.8,-1.6999999999999993,10.966666666666667,10.700000000000001,9.4,0.40000000000000036,9.133333333333333,9.271428571428572,45.5,712,72.0,699.7142857142857,3.502187,3.452742666666667,3.481071142857143,12198.35238095238,3312.3333333333335,11.3,0.40000000000000036,12.042857142857143,0.0,0.16333333333333333,0.8342857142857143,73.0,0.0,0.6819721490904629,-0.7313781428679254,0.8660254037844387,-0.4999999999999998
2023-05-20,7.3,0.0,7.266666666666666,6.371428571428571,40.5,-3.0,42.666666666666664,44.785714285714285,12.7,-5.900000000000002,15.6,19.314285714285717,191.0,1.0,190.66666666666666,206.0,7.8,0.0,7.8,7.857142857142857,10.0,0.1999999999999993,10.433333333333332,10.814285714285715,9.4,0.0,9.266666666666666,9.22857142857143,15.1,647,-65.0,690.0,3.388437,3.422117666666667,3.463972857142857,10764.0,2979.6,11.0,-0.3000000000000007,11.757142857142856,0.05,0.03,0.5728571428571428,74.0,0.0,0.6692903895412567,-0.7430009249440493,0.8660254037844387,-0.4999999999999998
2023-05-21,7.1,-0.20000000000000018,7.233333333333333,6.928571428571429,39.3,-1.2000000000000028,41.1,43.47142857142857,16.0,3.3000000000000007,15.766666666666666,18.1,183.0,-8.0,188.0,198.71428571428572,7.8,0.0,7.8,7.8428571428571425,11.1,1.0999999999999996,10.299999999999999,10.885714285714286,9.1,-0.3000000000000007,9.299999999999999,9.185714285714285,17.2,670,23.0,689.5714285714286,3.428645,3.4397563333333334,3.463065,10872.242857142855,2885.2999999999997,10.6,-0.40000000000000036,11.414285714285713,0.88,0.31,0.2414285714285714,63.0,0.0,0.6564105761979381,-0.7544038410927472,0.8660254037844387,-0.4999999999999998
2023-05-22,7.1,0.0,7.166666666666667,7.014285714285714,39.5,0.20000000000000284,39.766666666666666,42.32857142857142,15.4,-0.5999999999999996,14.700000000000001,17.02857142857143,174.0,-9.0,182.66666666666666,191.57142857142858,7.8,0.0,7.8,7.828571428571429,11.4,0.3000000000000007,10.833333333333334,10.942857142857145,9.0,-0.09999999999999964,9.166666666666666,9.142857142857142,18.9,678,8.0,684.5714285714286,3.443333,3.4201383333333335,3.4542257142857147,10063.2,2557.8,10.1,-0.5,11.042857142857143,0.04,0.32333333333333336,0.24714285714285714,53.0,0.0,0.6433365204044917,-0.765583517007675,0.8660254037844387,-0.4999999999999998
2023-05-23,7.0,-0.09999999999999964,7.066666666666666,7.128571428571428,39.25,-0.25,39.35,41.50714285714285,18.8,3.4000000000000004,16.733333333333334,16.45714285714286,219.0,45.0,192.0,192.85714285714286,8.0,0.20000000000000018,7.866666666666666,7.842857142857143,11.2,-0.20000000000000107,11.233333333333334,10.942857142857141,9.1,0.09999999999999964,9.066666666666668,9.142857142857142,37.5,848,170.0,699.1428571428571,3.703645,3.5252076666666667,3.4746125714285716,11698.990476190476,3664.6000000000004,10.0,-0.09999999999999964,10.757142857142858,0.0,0.3066666666666667,0.20857142857142857,66.0,0.0,0.6300720909843687,-0.7765366444428655,0.8660254037844387,-0.4999999999999998
2023-05-24,6.9,-0.09999999999999964,7.0,7.128571428571428,39.7,0.45000000000000284,39.483333333333334,40.82142857142857,13.5,-5.300000000000001,15.9,15.785714285714286,233.0,14.0,208.66666666666666,197.28571428571428,8.0,0.0,7.933333333333333,7.857142857142857,10.5,-0.6999999999999993,11.033333333333333,10.785714285714286,9.2,0.09999999999999964,9.1,9.171428571428573,21.3,846,-2.0,720.1428571428571,3.703854,3.616944,3.506547142857143,11450.271428571428,3704.7000000000003,9.7,-0.3000000000000007,10.514285714285714,0.0,0.013333333333333334,0.1442857142857143,72.0,0.0,0.6166212130956382,-0.7872599821916922,0.8660254037844387,-0.4999999999999998
2023-05-25,6.8,-0.10000000000000053,6.8999999999999995,7.071428571428571,39.0,-0.7000000000000028,39.31666666666667,40.107142857142854,12.9,-0.5999999999999996,15.066666666666668,15.414285714285715,249.0,16.0,233.66666666666666,205.57142857142858,8.0,0.0,8.0,7.885714285714286,10.3,-0.1999999999999993,10.666666666666666,10.614285714285714,9.3,0.10000000000000142,9.200000000000001,9.214285714285714,18.0,907,61.0,758.2857142857143,3.78427,3.7305896666666665,3.564910142857143,11424.838095238098,3751.6000000000004,9.1,-0.5999999999999996,10.257142857142856,0.0,0.0,0.1385714285714286,72.0,0.0,0.6029878670694714,-0.7977503570459932,0.8660254037844387,-0.4999999999999998
2023-05-26,6.6,-0.20000000000000018,6.766666666666667,6.971428571428571,40.6,1.6000000000000014,39.76666666666667,39.692857142857136,11.3,-1.5999999999999996,12.566666666666665,14.371428571428572,251.0,2.0,244.33333333333334,214.28571428571428,8.1,0.09999999999999964,8.033333333333333,7.928571428571429,10.6,0.29999999999999893,10.466666666666667,10.728571428571428,9.2,-0.10000000000000142,9.233333333333333,9.185714285714285,19.4,878,-29.0,782.0,3.744479,3.744201,3.599523285714286,9827.133333333331,3154.2333333333327,8.8,-0.29999999999999893,9.9,0.0,0.0,0.1385714285714286,74.0,0.0,0.5891760872322963,-0.8080046647350754,0.8660254037844387,-0.4999999999999998
2023-05-27,6.5,-0.09999999999999964,6.633333333333333,6.857142857142857,42.5,1.8999999999999986,40.699999999999996,39.97857142857142,9.2,-2.1000000000000014,11.133333333333333,13.871428571428572,243.0,-8.0,247.66666666666666,221.71428571428572,8.1,0.0,8.066666666666665,7.971428571428571,11.6,1.0,10.833333333333334,10.957142857142857,9.0,-0.1999999999999993,9.166666666666666,9.128571428571428,17.2,840,-38.0,809.5714285714286,3.696666,3.741805,3.6435560000000002,9013.228571428572,2705.4,8.3,-0.5,9.514285714285714,0.0,0.0,0.13142857142857142,69.0,0.0,0.5751899607119775,-0.8180198708443175,0.8660254037844387,-0.4999999999999998
2023-05-28,6.2,-0.2999999999999998,6.433333333333333,6.728571428571429,43.5,1.0,42.199999999999996,40.57857142857143,8.3,-0.8999999999999986,9.6,12.771428571428572,242.0,-1.0,245.33333333333334,230.14285714285714,8.1,0.0,8.1,8.014285714285714,11.4,-0.1999999999999993,11.200000000000001,11.0,9.0,0.0,9.066666666666665,9.114285714285714,9.0,814,-26.0,830.1428571428571,3.661875,3.7010066666666668,3.6768745714285713,7969.371428571428,2323.2,7.7,-0.6000000000000005,9.1,0.0,0.0,0.005714285714285714,74.0,0.0,0.5610336262283677,-0.8277930117131022,0.8660254037844387,-0.4999999999999998
2023-05-29,5.8,-0.40000000000000036,6.166666666666667,6.542857142857143,46.0,2.5,44.0,41.50714285714286,7.6,-0.7000000000000011,8.366666666666665,11.657142857142857,246.0,4.0,243.66666666666666,240.42857142857142,8.1,0.0,8.1,8.057142857142857,11.2,-0.20000000000000107,11.4,10.971428571428572,9.1,0.09999999999999964,9.033333333333333,9.128571428571428,8.6,775,-39.0,844.0,3.607604,3.655381666666667,3.700341857142857,7061.466666666665,2058.2,6.8,-0.9000000000000004,8.628571428571428,0.3,0.09999999999999999,0.04285714285714286,72.0,0.0,0.5467112728685939,-0.8373211953118121,0.8660254037844387,-0.4999999999999998
2023-05-30,5.6,-0.20000000000000018,5.866666666666667,6.3428571428571425,47.5,1.5,45.666666666666664,42.68571428571429,7.5,-0.09999999999999964,7.8,10.042857142857143,243.0,-3.0,243.66666666666666,243.85714285714286,8.1,0.0,8.1,8.071428571428571,10.7,-0.5,11.1,10.9,9.2,0.09999999999999964,9.1,9.142857142857142,8.0,757,-18.0,831.0,3.577291,3.6155899999999996,3.6822912857142858,6481.8,1895.3999999999999,6.4,-0.39999999999999947,8.114285714285716,0.01,0.10333333333333333,0.04428571428571428,79.0,0.0,0.5322271388474397,-0.8466016020976267,0.8660254037844387,-0.4999999999999998
2023-05-31,5.2,-0.39999999999999947,5.533333333333334,6.1000000000000005,51.7,4.200000000000003,48.400000000000006,44.4,6.4,-1.0999999999999996,7.166666666666665,9.028571428571428,242.0,-1.0,243.66666666666666,245.14285714285714,8.1,0.0,8.1,8.085714285714285,10.8,0.10000000000000142,10.9,10.942857142857141,9.1,-0.09999999999999964,9.133333333333333,9.128571428571428,7.7,686,-71.0,808.1428571428571,3.458958,3.547951,3.647306142857143,5791.690476190474,1734.333333333333,6.2,-0.20000000000000018,7.614285714285715,0.0,0.10333333333333333,0.04428571428571428,76.0,0.0,0.5175855102531889,-0.8556314858488706,0.8660254037844387,-0.4999999999999998
2023-06-01,5.1,-0.10000000000000053,5.3,5.857142857142857,52.8,1.0999999999999943,50.666666666666664,46.371428571428574,6.2,-0.20000000000000018,6.699999999999999,8.071428571428571,235.0,-7.0,240.0,243.14285714285714,8.1,0.0,8.1,8.1,11.6,0.7999999999999989,11.033333333333333,11.12857142857143,8.9,-0.1999999999999993,9.066666666666666,9.071428571428571,7.3,646,-40.0,770.8571428571429,3.386458,3.4742356666666665,3.590475857142857,5164.742857142857,1574.4999999999998,6.0,-0.20000000000000018,7.171428571428572,0.0,0.0033333333333333335,0.04428571428571428,80.0,0.0,0.5027907197793043,-0.8644081744776648,0.49999999999999994,-0.8660254037844387
2023-06-02,4.5,-0.5999999999999996,4.933333333333334,5.557142857142858,53.0,0.20000000000000284,52.5,48.142857142857146,6.2,0.0,6.266666666666666,7.3428571428571425,221.0,-14.0,232.66666666666666,238.85714285714286,8.1,0.0,8.1,8.1,11.7,0.09999999999999964,11.366666666666667,11.285714285714286,8.9,0.0,8.966666666666667,9.028571428571428,6.7,589,-57.0,729.5714285714286,3.279687,3.3750343333333332,3.5240769999999997,4571.980952380952,1384.9333333333332,5.8,-0.20000000000000018,6.742857142857143,0.03,0.01,0.048571428571428564,76.0,0.0,0.4878471454423119,-0.8729290708206411,0.49999999999999994,-0.8660254037844387
2023-06-03,4.4,-0.09999999999999964,4.666666666666667,5.257142857142858,51.5,-1.5,52.43333333333333,49.42857142857143,6.1,-0.10000000000000053,6.166666666666665,6.9,209.0,-12.0,221.66666666666666,234.0,8.0,-0.09999999999999964,8.066666666666665,8.085714285714285,11.0,-0.6999999999999993,11.433333333333332,11.2,9.1,0.1999999999999993,8.966666666666667,9.042857142857143,6.9,539,-50.0,686.5714285714286,3.181979,3.282708,3.450550285714286,4233.857142857141,1288.833333333333,5.4,-0.39999999999999947,6.328571428571428,0.24,0.09000000000000001,0.08285714285714285,77.0,0.0,0.47275920928627757,-0.881191653407483,0.49999999999999994,-0.8660254037844387
2023-06-04,4.1,-0.3000000000000007,4.333333333333333,4.957142857142857,51.5,0.0,52.0,50.57142857142857,5.8,-0.2999999999999998,6.033333333333332,6.542857142857143,208.0,-1.0,212.66666666666666,229.14285714285714,8.0,0.0,8.033333333333333,8.071428571428571,11.1,0.09999999999999964,11.266666666666666,11.157142857142858,9.1,0.0,9.033333333333333,9.057142857142857,8.7,538,-1.0,647.1428571428571,3.18,3.213888666666667,3.381711,3904.4285714285706,1254.9333333333332,5.2,-0.20000000000000018,5.971428571428572,0.21,0.16,0.11285714285714286,68.0,0.0,0.4575313760742512,-0.8891934772070711,0.49999999999999994,-0.8660254037844387
2023-06-05,4.1,0.0,4.2,4.714285714285714,51.0,-0.5,51.333333333333336,51.285714285714285,5.8,0.0,5.899999999999999,6.285714285714286,205.0,-3.0,207.33333333333334,223.28571428571428,8.0,0.0,8.0,8.057142857142857,12.0,0.9000000000000004,11.366666666666667,11.271428571428572,8.9,-0.1999999999999993,9.033333333333333,9.028571428571428,9.9,543,5.0,614.0,3.190729,3.1842360000000003,3.322157428571429,3622.599999999999,1209.4999999999998,5.1,-0.10000000000000053,5.728571428571429,0.1,0.18333333333333332,0.08428571428571428,69.0,0.0,0.44216815196707204,-0.8969321743510065,0.49999999999999994,-0.8660254037844387
2023-06-06,3.95,-0.14999999999999947,4.05,4.478571428571429,48.0,-3.0,50.166666666666664,51.357142857142854,8.5,2.7,6.699999999999998,6.428571428571429,201.0,-4.0,204.66666666666666,217.28571428571428,8.0,0.0,8.0,8.042857142857143,12.2,0.1999999999999993,11.766666666666666,11.485714285714286,8.9,0.0,8.966666666666667,8.985714285714286,9.8,568,25.0,587.0,3.240208,3.2036456666666666,3.2740027142857144,3932.899999999999,1346.6999999999996,4.5,-0.5999999999999996,5.457142857142857,0.33,0.21333333333333335,0.13,56.0,0.0,0.42667408318992467,-0.9044054548343001,0.49999999999999994,-0.8660254037844387
2023-06-07,4.0,0.04999999999999982,4.016666666666667,4.307142857142857,46.5,-1.5,48.5,50.614285714285714,7.8,-0.7000000000000002,7.3666666666666645,6.628571428571428,201.0,0.0,202.33333333333334,211.42857142857142,8.0,0.0,8.0,8.028571428571428,11.9,-0.29999999999999893,12.033333333333333,11.642857142857142,8.9,0.0,8.9,8.957142857142857,9.5,569,1.0,570.2857142857143,3.242604,3.2245136666666667,3.2430950000000003,4201.104761904761,1480.6999999999996,4.2,-0.2999999999999998,5.171428571428571,0.64,0.3566666666666667,0.22142857142857145,59.0,0.0,0.4110537546870351,-0.9116111071930239,0.49999999999999994,-0.8660254037844387
2023-06-08,4.0,0.0,3.983333333333333,4.15,48.5,2.0,47.666666666666664,50.0,10.0,2.2,8.766666666666666,7.171428571428572,192.0,-9.0,198.0,205.28571428571428,8.0,0.0,8.0,8.014285714285714,12.6,0.6999999999999993,12.233333333333334,11.785714285714286,8.8,-0.09999999999999964,8.866666666666667,8.942857142857141,12.9,612,43.0,565.4285714285714,3.323854,3.2688886666666668,3.234151571428572,4956.923809523809,1683.1999999999998,2.8,-1.4000000000000004,4.714285714285714,0.14,0.37000000000000005,0.2414285714285714,69.0,0.0,0.3953117887649151,-0.9185469991587165,0.49999999999999994,-0.8660254037844387
2023-06-09,4.0,0.0,4.0,4.078571428571428,49.8,1.2999999999999972,48.26666666666667,49.542857142857144,11.6,1.5999999999999996,9.799999999999999,7.942857142857143,205.0,13.0,199.33333333333334,203.0,8.0,0.0,8.0,8.0,12.0,-0.5999999999999996,12.166666666666666,11.828571428571431,8.9,0.09999999999999964,8.866666666666667,8.942857142857143,20.0,671,59.0,577.1428571428571,3.432187,3.3328816666666667,3.255937285714286,5655.999999999999,2008.9999999999998,2.4,-0.3999999999999999,4.228571428571429,0.07,0.2833333333333334,0.24714285714285714,73.0,0.0,0.37945284372454435,-0.925211078289358,0.49999999999999994,-0.8660254037844387
2023-06-10,4.0,0.0,4.0,4.021428571428571,43.0,-6.799999999999997,47.1,48.32857142857143,8.2,-3.4000000000000004,9.933333333333332,8.242857142857142,213.0,8.0,203.33333333333334,203.57142857142858,8.1,0.09999999999999964,8.033333333333333,8.014285714285714,11.4,-0.5999999999999996,12.0,11.885714285714286,9.1,0.1999999999999993,8.933333333333334,8.942857142857141,9.4,659,-12.0,594.2857142857143,3.411354,3.389131666666667,3.2887051428571428,5903.2380952380945,2115.7999999999997,1.6,-0.7999999999999998,3.685714285714286,0.03,0.08,0.21714285714285714,73.0,0.0,0.36348161248290634,-0.9316013725767187,0.49999999999999994,-0.8660254037844387
2023-06-11,4.0,0.0,4.0,4.007142857142857,43.5,0.5,45.43333333333334,47.18571428571429,7.0,-1.1999999999999993,8.933333333333332,8.414285714285715,227.0,14.0,215.0,206.28571428571428,8.0,-0.09999999999999964,8.033333333333333,8.014285714285714,11.3,-0.09999999999999964,11.566666666666668,11.914285714285713,9.1,0.0,9.033333333333333,8.942857142857143,8.3,716,57.0,619.7142857142857,3.510729,3.451423333333333,3.335952142857143,5536.114285714284,2027.8666666666663,1.2,-0.40000000000000013,3.114285714285714,0.07,0.05666666666666667,0.19714285714285715,75.0,0.0,0.3474028211842774,-0.9377159910299093,0.49999999999999994,-0.8660254037844387
2023-06-12,4.0,0.0,4.0,3.9928571428571433,45.0,1.5,43.833333333333336,46.32857142857143,12.0,5.0,9.066666666666665,9.299999999999999,223.0,-4.0,221.0,208.85714285714286,8.0,0.0,8.033333333333333,8.014285714285714,10.3,-1.0,11.0,11.671428571428573,9.3,0.20000000000000107,9.166666666666666,9.000000000000002,25.3,829,113.0,660.5714285714286,3.678125,3.533402666666667,3.4055801428571426,5989.180952380951,2021.866666666666,0.9,-0.29999999999999993,2.5142857142857147,0.0,0.03333333333333333,0.18285714285714286,75.0,0.0,0.3312212278016865,-0.9435531242349544,0.49999999999999994,-0.8660254037844387
2023-06-13,4.0,0.0,4.0,4.0,42.5,-2.5,43.666666666666664,45.542857142857144,8.5,-3.5,9.166666666666666,9.299999999999999,220.0,-3.0,223.33333333333334,211.57142857142858,8.1,0.09999999999999964,8.033333333333333,8.028571428571428,9.4,-0.9000000000000004,10.333333333333334,11.27142857142857,9.5,0.1999999999999993,9.299999999999999,9.085714285714285,14.4,840,11.0,699.4285714285714,3.695625,3.6281596666666664,3.470639714285714,6411.428571428572,2016.6666666666665,0.7,-0.20000000000000007,1.9714285714285715,0.0,0.023333333333333334,0.13571428571428573,72.0,0.0,0.31494162072895193,-0.9491110448902284,0.49999999999999994,-0.8660254037844387
2023-06-14,3.8,-0.20000000000000018,3.9333333333333336,3.971428571428571,46.5,4.0,44.666666666666664,45.542857142857144,7.2,-1.2999999999999998,9.233333333333333,9.214285714285714,225.0,5.0,222.66666666666666,215.0,8.2,0.09999999999999964,8.1,8.057142857142857,11.0,1.5999999999999996,10.233333333333334,11.142857142857142,9.1,-0.40000000000000036,9.299999999999999,9.114285714285714,11.6,773,-67.0,728.5714285714286,3.604791,3.6595136666666668,3.522380714285714,6727.142857142856,2077.5,0.3,-0.39999999999999997,1.4142857142857144,0.08,0.02666666666666667,0.055714285714285716,64.0,0.0,0.2985688173637202,-0.9543881083175908,0.49999999999999994,-0.8660254037844387
2023-06-15,4.0,0.20000000000000018,3.9333333333333336,3.971428571428571,47.6,1.1000000000000014,45.53333333333333,45.41428571428571,8.7,1.4999999999999991,8.133333333333331,9.028571428571428,211.0,-14.0,218.66666666666666,217.71428571428572,8.1,-0.09999999999999964,8.133333333333333,8.071428571428571,12.0,1.0,10.799999999999999,11.057142857142859,8.9,-0.1999999999999993,9.166666666666666,9.12857142857143,14.7,744,-29.0,747.4285714285714,3.557291,3.619235666666667,3.555728857142857,6079.085714285713,1716.1333333333328,0.0,-0.3,1.0142857142857142,0.45,0.17666666666666667,0.09999999999999999,67.0,0.0,0.2821076626819194,-0.9593827529490743,0.49999999999999994,-0.8660254037844387
2023-06-16,3.9,-0.10000000000000009,3.9,3.957142857142857,47.0,-0.6000000000000014,47.03333333333333,45.01428571428571,11.0,2.3000000000000007,8.966666666666665,8.942857142857141,216.0,5.0,217.33333333333334,219.28571428571428,8.0,-0.09999999999999964,8.1,8.071428571428571,11.6,-0.40000000000000036,11.533333333333333,11.000000000000002,9.0,0.09999999999999964,9.0,9.142857142857142,17.3,909,165.0,781.4285714285714,3.796979,3.6530203333333335,3.607842,7006.809523809523,1936.7999999999997,0.0,0.0,0.6714285714285714,0.02,0.18333333333333335,0.09285714285714285,60.0,0.0,0.26556302780405594,-0.9640935007889755,0.49999999999999994,-0.8660254037844387
2023-06-17,3.9,0.0,3.9333333333333336,3.9428571428571426,47.5,0.5,47.36666666666667,45.65714285714285,19.0,8.0,12.899999999999999,10.485714285714286,218.0,2.0,215.0,220.0,8.0,0.0,8.033333333333333,8.057142857142859,11.7,0.09999999999999964,11.766666666666666,11.042857142857143,9.0,0.0,8.966666666666667,9.12857142857143,25.3,1100,191.0,844.4285714285714,4.087708,3.813992666666666,3.704464,10893.12857142857,2812.2,0.0,0.0,0.4428571428571429,0.08,0.18333333333333335,0.1,76.0,0.0,0.24893980855376657,-0.9685189578512204,0.49999999999999994,-0.8660254037844387
2023-06-18,4.0,0.10000000000000009,3.9333333333333336,3.9428571428571426,48.0,0.5,47.5,46.3,13.7,-5.300000000000001,14.566666666666665,11.442857142857141,227.0,9.0,220.33333333333334,220.0,8.2,0.1999999999999993,8.066666666666666,8.085714285714285,13.1,1.4000000000000004,12.133333333333333,11.3,8.7,-0.3000000000000007,8.9,9.071428571428571,18.8,1090,-10.0,897.8571428571429,4.071979,3.9855553333333336,3.784642571428571,13078.785714285714,3306.6333333333328,0.0,0.0,0.2714285714285714,0.33,0.14333333333333334,0.13714285714285715,72.0,0.0,0.23224292400907015,-0.9726578145718654,0.49999999999999994,-0.8660254037844387
2023-06-19,4.1,0.09999999999999964,4.0,3.957142857142857,50.5,2.5,48.666666666666664,47.08571428571428,10.2,-3.5,14.299999999999997,11.185714285714285,228.0,1.0,224.33333333333334,220.71428571428572,8.2,0.0,8.133333333333333,8.114285714285714,14.7,1.5999999999999996,13.166666666666666,11.928571428571429,8.4,-0.29999999999999893,8.700000000000001,8.942857142857141,12.6,1030,-60.0,926.5714285714286,3.972812,4.044166333333333,3.8267407142857146,13249.971428571425,3260.399999999999,0.0,0.0,0.14285714285714285,0.28,0.22999999999999998,0.17714285714285713,72.0,0.0,0.21547731504673012,-0.976508846196619,0.49999999999999994,-0.8660254037844387
2023-06-20,4.3,0.20000000000000018,4.133333333333334,4.0,50.5,0.0,49.666666666666664,48.22857142857142,8.7,-1.5,10.866666666666665,11.214285714285714,223.0,-5.0,226.0,221.14285714285714,8.1,-0.09999999999999964,8.166666666666666,8.114285714285714,14.4,-0.29999999999999893,14.066666666666668,12.642857142857142,8.4,0.0,8.5,8.785714285714286,11.6,990,-40.0,948.0,3.915,3.986597,3.85808,10301.599999999999,2423.2666666666664,0.0,0.0,0.04285714285714286,0.02,0.21,0.18,69.0,0.0,0.19864794288017112,-0.9800709131432666,0.49999999999999994,-0.8660254037844387
2023-06-21,4.4,0.10000000000000053,4.266666666666667,4.085714285714286,56.0,5.5,52.333333333333336,49.58571428571428,7.3,-1.3999999999999995,8.733333333333333,11.228571428571428,221.0,-2.0,224.0,220.57142857142858,8.1,0.0,8.133333333333333,8.1,15.1,0.6999999999999993,14.733333333333334,13.228571428571428,8.3,-0.09999999999999964,8.366666666666667,8.671428571428573,8.1,946,-44.0,972.7142857142857,3.845104,3.9109719999999997,3.8924104285714285,8495.038095238095,1930.0666666666664,0.0,0.0,0.0,0.0,0.09999999999999999,0.16857142857142857,81.0,0.0,0.18175978759137534,-0.9833429613388902,0.49999999999999994,-0.8660254037844387
2023-06-22,4.4,0.0,4.366666666666666,4.142857142857143,54.5,-1.5,53.666666666666664,50.57142857142857,23.4,16.099999999999998,13.133333333333331,13.328571428571427,207.0,-14.0,217.0,220.0,8.0,-0.09999999999999964,8.066666666666666,8.085714285714285,15.6,0.5,15.033333333333333,13.742857142857144,8.2,-0.10000000000000142,8.299999999999999,8.571428571428571,34.9,1040,94.0,1015.0,3.989375,3.9164930000000004,3.9541367142857142,13330.33333333333,2718.5999999999995,0.0,0.0,0.0,0.0,0.006666666666666648,0.10428571428571429,90.0,0.0,0.16481784665719793,-0.9863240225317866,0.49999999999999994,-0.8660254037844387
2023-06-23,4.2,-0.20000000000000018,4.333333333333333,4.185714285714286,54.0,-0.5,54.833333333333336,51.57142857142857,13.5,-9.899999999999999,14.733333333333333,13.685714285714285,201.0,-6.0,209.66666666666666,217.85714285714286,8.1,0.09999999999999964,8.066666666666668,8.1,15.6,0.0,15.433333333333332,14.314285714285713,8.2,0.0,8.233333333333334,8.457142857142857,17.2,1060,20.0,1036.5714285714287,4.020729,3.951736,3.986101,15272.152380952382,2961.3999999999996,0.0,0.0,0.0,0.0,0.0,0.10142857142857144,84.0,0.0,0.14782713347053048,-0.9890132145779883,0.49999999999999994,-0.8660254037844387
2023-06-24,4.4,0.20000000000000018,4.333333333333333,4.257142857142857,53.5,-0.5,54.0,52.42857142857143,9.7,-3.8000000000000007,15.533333333333331,12.357142857142858,204.0,3.0,204.0,215.85714285714286,8.1,0.0,8.066666666666666,8.114285714285714,14.6,-1.0,15.266666666666666,14.72857142857143,8.4,0.20000000000000107,8.266666666666666,8.37142857142857,11.3,968,-92.0,1017.7142857142857,3.880208,3.9634373333333333,3.956458142857143,15808.495238095235,3168.7999999999997,0.0,0.0,0.0,0.86,0.2866666666666666,0.21285714285714286,76.0,0.0,0.13079267585675922,-0.9914097417023038,0.49999999999999994,-0.8660254037844387
2023-06-25,4.3,-0.10000000000000053,4.3,4.3,54.0,0.5,53.833333333333336,53.285714285714285,8.0,-1.6999999999999993,10.399999999999999,11.542857142857144,208.0,4.0,204.33333333333334,213.14285714285714,8.1,0.0,8.1,8.1,15.3,0.7000000000000011,15.166666666666666,15.042857142857143,8.3,-0.09999999999999964,8.3,8.314285714285715,10.3,902,-66.0,990.8571428571429,3.776458,3.8924649999999996,3.914240857142857,10304.914285714285,2163.2,0.0,0.0,0.0,0.12,0.32666666666666666,0.18285714285714288,79.0,0.0,0.11371951458594969,-0.9935128947338007,0.49999999999999994,-0.8660254037844387
2023-06-26,4.5,0.20000000000000018,4.3999999999999995,4.357142857142857,48.0,-6.0,51.833333333333336,52.92857142857143,8.0,0.0,8.566666666666665,11.228571428571428,209.0,1.0,207.0,210.42857142857142,8.2,0.09999999999999964,8.133333333333333,8.1,15.8,0.5,15.233333333333334,15.2,8.2,-0.10000000000000142,8.3,8.285714285714286,8.7,861,-41.0,966.7142857142857,3.722916,3.7931939999999997,3.8785414285714284,8281.519047619046,1790.433333333333,0.0,0.0,0.0,0.0,0.32666666666666666,0.14285714285714285,78.0,0.0,0.0966127018812031,-0.9953220513156602,0.49999999999999994,-0.8660254037844387
2023-06-27,4.4,-0.09999999999999964,4.4,4.371428571428572,47.0,-1.0,49.666666666666664,52.42857142857143,7.7,-0.2999999999999998,7.899999999999999,11.085714285714285,210.0,1.0,209.0,208.57142857142858,8.2,0.0,8.166666666666666,8.114285714285714,15.9,0.09999999999999964,15.666666666666666,15.414285714285715,8.1,-0.09999999999999964,8.200000000000001,8.242857142857142,8.6,798,-63.0,939.2857142857143,3.641875,3.7137496666666667,3.839523571428572,7420.357142857142,1658.9999999999998,0.0,0.0,0.0,0.0,0.04,0.13999999999999999,81.0,0.0,0.07947729992362097,-0.9968366760893436,0.49999999999999994,-0.8660254037844387
2023-06-28,4.2,-0.20000000000000018,4.366666666666667,4.342857142857143,49.5,2.5,48.166666666666664,51.5,6.6,-1.1000000000000005,7.433333333333333,10.985714285714286,209.0,-1.0,209.33333333333334,206.85714285714286,8.2,0.0,8.2,8.128571428571428,15.7,-0.20000000000000107,15.800000000000002,15.5,8.2,0.09999999999999964,8.166666666666666,8.22857142857143,7.3,760,-38.0,912.7142857142857,3.584166,3.6496523333333335,3.8022467142857144,6784.509523809523,1553.5666666666666,0.0,0.0,0.0,0.0,0.0,0.13999999999999999,79.0,0.0,0.062318379354325076,-0.998056320853012,0.49999999999999994,-0.8660254037844387
2023-06-29,4.0,-0.20000000000000018,4.2,4.285714285714286,50.5,1.0,49.0,50.92857142857143,6.3,-0.2999999999999998,6.8666666666666645,8.542857142857143,210.0,1.0,209.66666666666666,207.28571428571428,8.2,0.0,8.2,8.157142857142857,16.4,0.6999999999999993,16.0,15.614285714285714,8.1,-0.09999999999999964,8.133333333333333,8.214285714285714,8.8,724,-36.0,867.5714285714286,3.52427,3.583437,3.7358031428571428,5957.3238095238075,1441.9999999999995,0.0,0.0,0.0,0.0,0.0,0.13999999999999999,85.0,0.0,0.04514101777397193,-0.9989806246941579,0.49999999999999994,-0.8660254037844387
2023-06-30,3.8,-0.20000000000000018,4.0,4.228571428571429,50.5,0.0,50.166666666666664,50.42857142857143,6.9,0.6000000000000005,6.599999999999999,7.6,209.0,-1.0,209.33333333333334,208.42857142857142,8.1,-0.09999999999999964,8.166666666666666,8.157142857142857,15.2,-1.1999999999999993,15.766666666666666,15.557142857142859,8.3,0.20000000000000107,8.2,8.22857142857143,11.7,713,-11.0,818.0,3.505104,3.537846666666667,3.662142428571429,5398.799999999999,1379.3999999999996,0.0,0.0,0.0,0.0,0.0,0.13999999999999999,92.0,0.0,0.02795029824021032,-0.999609314096404,0.49999999999999994,-0.8660254037844387
2023-07-01,3.8,0.0,3.8666666666666667,4.142857142857143,50.5,0.0,50.5,50.0,6.1,-0.8000000000000007,6.433333333333333,7.085714285714286,207.0,-2.0,208.66666666666666,208.85714285714286,8.2,0.09999999999999964,8.166666666666666,8.171428571428573,15.2,0.0,15.6,15.642857142857142,8.3,0.0,8.233333333333333,8.214285714285714,6.8,671,-42.0,775.5714285714286,3.431875,3.487083,3.5980948571428573,4989.509523809523,1331.6999999999998,0.0,0.0,0.0,0.0,0.0,0.017142857142857144,82.0,0.0,0.01075130776352193,-0.9999422030204416,1.2246467991473532e-16,-1.0
2023-07-02,3.7,-0.09999999999999964,3.766666666666667,4.057142857142857,50.5,0.0,50.5,49.5,5.5,-0.5999999999999996,6.166666666666665,6.728571428571429,210.0,3.0,208.66666666666666,209.14285714285714,8.1,-0.09999999999999964,8.133333333333333,8.17142857142857,15.4,0.20000000000000107,15.266666666666666,15.657142857142857,8.3,0.0,8.3,8.214285714285714,6.3,626,-45.0,736.1428571428571,3.350729,3.429236,3.5372764285714284,4539.547619047617,1294.9999999999998,0.0,0.0,0.0,0.12,0.04,0.017142857142857144,81.0,0.0,-0.00645086419810515,-0.9999791929590823,1.2246467991473532e-16,-1.0
2023-07-03,3.6,-0.10000000000000009,3.6999999999999997,3.9285714285714284,48.0,-2.5,49.666666666666664,49.5,5.1,-0.40000000000000036,5.5666666666666655,6.314285714285715,204.0,-6.0,207.0,208.42857142857142,8.1,0.0,8.133333333333333,8.157142857142857,16.0,0.5999999999999996,15.533333333333331,15.685714285714285,8.2,-0.10000000000000142,8.266666666666667,8.214285714285714,5.8,592,-34.0,697.7142857142857,3.286145,3.3562496666666664,3.4748805714285713,3883.942857142856,1135.5999999999997,0.0,0.0,0.0,0.03,0.049999999999999996,0.02142857142857143,72.0,0.0,-0.023651127245231586,-0.9997202729664083,1.2246467991473532e-16,-1.0
2023-07-04,3.6,0.0,3.6333333333333333,3.8142857142857145,50.5,2.5,49.666666666666664,50.0,5.1,0.0,5.233333333333332,5.942857142857142,204.0,0.0,206.0,207.57142857142858,8.1,0.0,8.1,8.142857142857142,15.8,-0.1999999999999993,15.733333333333334,15.671428571428569,8.2,0.0,8.233333333333333,8.22857142857143,5.5,586,-6.0,667.4285714285714,3.275729,3.3042009999999995,3.422574,3492.8761904761895,1067.5999999999997,0.0,0.0,0.0,0.0,0.049999999999999996,0.02142857142857143,79.0,0.0,-0.04084439154329611,-0.9991655196610109,1.2246467991473532e-16,-1.0
2023-07-05,3.5,-0.10000000000000009,3.5666666666666664,3.7142857142857144,50.5,0.0,49.666666666666664,50.142857142857146,5.4,0.3000000000000007,5.199999999999998,5.771428571428572,200.0,-4.0,202.66666666666666,206.28571428571428,8.1,0.0,8.1,8.128571428571428,15.6,-0.20000000000000107,15.799999999999999,15.657142857142858,8.2,0.0,8.2,8.228571428571428,7.7,621,35.0,647.5714285714286,3.340937,3.300937,3.387827,3367.3714285714273,1039.9999999999998,0.0,0.0,0.0,0.0,0.01,0.02142857142857143,82.0,0.0,-0.05802556932878035,-0.9983150972033183,1.2246467991473532e-16,-1.0
2023-07-06,3.5,0.0,3.5333333333333337,3.642857142857143,51.0,0.5,50.666666666666664,50.214285714285715,5.8,0.39999999999999947,5.433333333333333,5.7,201.0,1.0,201.66666666666666,205.0,8.2,0.09999999999999964,8.133333333333333,8.128571428571428,16.3,0.7000000000000011,15.9,15.642857142857142,8.1,-0.09999999999999964,8.166666666666666,8.22857142857143,14.6,652,31.0,637.2857142857143,3.398333,3.338333,3.3698360000000003,3462.585714285714,1092.1,0.0,0.0,0.0,0.08,0.02666666666666667,0.032857142857142856,87.0,0.0,-0.07518957641475855,-0.9971692572470178,1.2246467991473532e-16,-1.0
2023-07-07,3.4,-0.10000000000000009,3.466666666666667,3.585714285714286,50.0,-1.0,50.5,50.142857142857146,4.4,-1.3999999999999995,5.199999999999999,5.3428571428571425,205.0,4.0,202.0,204.42857142857142,8.2,0.0,8.166666666666666,8.142857142857142,16.6,0.3000000000000007,16.166666666666668,15.842857142857143,8.0,-0.09999999999999964,8.1,8.185714285714285,7.1,587,-65.0,619.2857142857143,3.277708,3.3389926666666665,3.3373508571428565,3220.285714285714,1065.9999999999998,0.0,0.0,0.0,0.16,0.08,0.055714285714285716,77.0,0.0,-0.09233133369539122,-0.9957283388645872,1.2246467991473532e-16,-1.0
2023-07-08,3.4,0.0,3.4333333333333336,3.528571428571429,48.5,-1.5,49.833333333333336,49.857142857142854,7.0,2.5999999999999996,5.733333333333332,5.471428571428571,202.0,-3.0,202.66666666666666,203.71428571428572,8.2,0.0,8.2,8.142857142857142,16.8,0.1999999999999993,16.566666666666666,16.071428571428573,8.0,0.0,8.033333333333333,8.142857142857142,13.7,586,-1.0,607.1428571428571,3.275104,3.3170483333333336,3.3149550000000003,3480.95238095238,1158.133333333333,0.0,0.0,0.0,0.04,0.09333333333333334,0.06142857142857143,63.0,0.0,-0.10944576864891556,-0.993992768446958,1.2246467991473532e-16,-1.0
2023-07-09,3.4,0.0,3.4,3.4857142857142853,48.5,0.0,49.0,49.57142857142857,4.2,-2.8,5.199999999999998,5.285714285714286,204.0,2.0,203.66666666666666,202.85714285714286,8.3,0.10000000000000142,8.233333333333333,8.171428571428573,18.0,1.1999999999999993,17.133333333333336,16.442857142857143,7.8,-0.20000000000000018,7.933333333333333,8.071428571428571,5.2,540,-46.0,594.8571428571429,3.184062,3.2456246666666666,3.2911454285714283,3093.2571428571423,1060.7999999999997,0.0,0.0,0.0,0.18,0.12666666666666668,0.06999999999999999,73.0,0.0,-0.12652781683868314,-0.9919630595773397,1.2246467991473532e-16,-1.0
2023-07-10,3.4,0.0,3.4,3.457142857142857,48.5,0.0,48.5,49.642857142857146,3.8,-0.40000000000000036,4.999999999999999,5.1000000000000005,207.0,3.0,204.33333333333334,203.28571428571428,8.2,-0.10000000000000142,8.233333333333333,8.185714285714285,16.9,-1.1000000000000014,17.233333333333334,16.571428571428573,8.0,0.20000000000000018,7.933333333333333,8.042857142857143,4.6,512,-28.0,583.4285714285714,3.110833,3.1899996666666666,3.2661008571428574,2917.142857142857,1034.9999999999998,0.0,0.0,0.0,0.12,0.11333333333333334,0.08285714285714285,73.0,0.0,-0.1435724234118113,-0.9896398128792412,1.2246467991473532e-16,-1.0
2023-07-11,3.35,-0.04999999999999982,3.3833333333333333,3.4214285714285713,47.0,-1.5,48.0,49.142857142857146,3.4,-0.3999999999999999,3.799999999999999,4.857142857142857,209.0,2.0,206.66666666666666,204.0,8.2,0.0,8.233333333333333,8.2,17.2,0.3000000000000007,17.36666666666667,16.771428571428572,7.9,-0.09999999999999964,7.8999999999999995,8.0,4.0,492,-20.0,570.0,3.054895,3.1165966666666667,3.2345531428571426,2165.9999999999995,794.1999999999998,0.0,0.0,0.0,0.0,0.10000000000000002,0.08285714285714285,77.0,0.0,-0.16057454459499376,-0.9870237158387383,1.2246467991473532e-16,-1.0
2023-07-12,3.3,-0.050000000000000266,3.3499999999999996,3.392857142857143,48.5,1.5,48.0,48.857142857142854,3.5,0.10000000000000009,3.566666666666665,4.585714285714286,214.0,5.0,210.0,206.0,8.3,0.10000000000000142,8.233333333333333,8.22857142857143,17.6,0.40000000000000213,17.233333333333334,17.057142857142857,7.8,-0.10000000000000053,7.8999999999999995,7.942857142857142,3.9,468,-24.0,548.1428571428571,3.003541,3.056423,3.186353714285714,1955.042857142856,763.2666666666663,0.0,0.0,0.0,0.0,0.04000000000000001,0.08285714285714285,79.0,0.0,-0.17752914918703497,-0.984115542601034,1.2246467991473532e-16,-1.0
2023-07-13,3.3,0.0,3.3166666666666664,3.364285714285714,49.5,1.0,48.333333333333336,48.642857142857146,3.4,-0.10000000000000009,3.4333333333333322,4.242857142857143,241.0,27.0,221.33333333333334,211.71428571428572,8.3,0.0,8.266666666666667,8.242857142857144,16.6,-1.0,17.133333333333336,17.1,8.0,0.20000000000000018,7.8999999999999995,7.928571428571429,4.0,527,59.0,530.2857142857143,3.12677,3.0617353333333335,3.147559,1820.6476190476187,827.433333333333,0.0,0.0,0.0,0.0,0.0,0.07142857142857142,86.0,0.0,-0.19443122004766195,-0.9809161537413774,1.2246467991473532e-16,-1.0
2023-07-14,3.2,-0.09999999999999964,3.266666666666667,3.335714285714286,49.2,-0.29999999999999716,49.06666666666666,48.52857142857143,3.0,-0.3999999999999999,3.2999999999999985,4.042857142857143,264.0,23.0,239.66666666666666,220.14285714285714,8.4,0.09999999999999964,8.333333333333334,8.27142857142857,15.8,-0.8000000000000007,16.666666666666668,16.985714285714284,8.2,0.1999999999999993,8.0,7.957142857142857,3.7,583,56.0,529.7142857142857,3.238958,3.1230896666666665,3.1420232857142856,1748.0571428571418,871.1999999999996,0.0,0.0,0.0,0.0,0.0,0.048571428571428564,91.0,0.0,-0.2112757555821793,-0.9774264960104055,1.2246467991473532e-16,-1.0
2023-07-15,3.2,0.0,3.233333333333333,3.3071428571428574,49.5,0.29999999999999716,49.4,48.67142857142858,2.7,-0.2999999999999998,3.033333333333332,3.4285714285714284,269.0,5.0,258.0,229.71428571428572,8.3,-0.09999999999999964,8.333333333333334,8.285714285714286,15.7,-0.10000000000000142,16.033333333333335,16.82857142857143,8.2,0.0,8.133333333333333,7.985714285714286,3.2,569,-14.0,527.2857142857143,3.211145,3.1922909999999995,3.1328862857142856,1599.4333333333327,815.9666666666662,0.0,0.0,0.0,0.0,0.0,0.042857142857142864,87.0,0.0,-0.2280577712215198,-0.9736476020539838,1.2246467991473532e-16,-1.0
2023-07-16,3.1,-0.10000000000000009,3.1666666666666665,3.2642857142857147,51.4,1.8999999999999986,50.03333333333333,49.08571428571429,2.5,-0.20000000000000018,2.733333333333332,3.1857142857142855,272.0,3.0,268.3333333333333,239.42857142857142,8.4,0.09999999999999964,8.366666666666667,8.3,15.7,0.0,15.733333333333334,16.5,8.2,0.0,8.2,8.042857142857143,2.9,555,-14.0,529.4285714285714,3.18427,3.2114576666666665,3.1329160000000003,1447.1047619047613,743.4666666666664,0.0,0.0,0.0,0.0,0.0,0.017142857142857144,90.0,0.0,-0.24477230089725957,-0.9695805901076308,1.2246467991473532e-16,-1.0
2023-07-17,3.1,0.0,3.1333333333333333,3.2214285714285715,53.4,2.0,51.43333333333334,49.785714285714285,2.3,-0.20000000000000018,2.4999999999999987,2.9714285714285715,271.0,-1.0,270.6666666666667,248.57142857142858,8.3,-0.09999999999999964,8.333333333333334,8.314285714285715,15.5,-0.1999999999999993,15.633333333333335,16.3,8.2,0.0,8.2,8.071428571428571,4.7,534,-21.0,532.5714285714286,3.14302,3.1794783333333334,3.1375141428571425,1331.4285714285706,677.4999999999997,0.0,0.0,0.0,0.0,0.0,0.0,79.0,0.0,-0.2614143985111562,-0.965226663665613,1.2246467991473532e-16,-1.0
2023-07-18,3.0,-0.10000000000000009,3.066666666666667,3.1714285714285713,55.0,1.6000000000000014,53.26666666666667,50.92857142857143,4.6,2.3,3.1333333333333315,3.142857142857143,312.0,41.0,285.0,263.2857142857143,8.3,0.0,8.333333333333334,8.328571428571427,15.0,-0.5,15.4,15.985714285714286,8.3,0.10000000000000142,8.233333333333333,8.128571428571428,6.1,579,45.0,545.0,3.23177,3.186353333333333,3.162782,1707.6666666666656,977.5999999999995,0.0,0.0,0.0,0.0,0.0,0.0,82.0,0.0,-0.2779791393987801,-0.9605871111248129,1.2246467991473532e-16,-1.0
2023-07-19,2.9,-0.10000000000000009,3.0,3.114285714285714,61.0,6.0,56.46666666666666,52.714285714285715,4.1,-0.5,3.6666666666666656,3.228571428571428,294.0,-18.0,292.3333333333333,274.7142857142857,8.3,0.0,8.3,8.32857142857143,15.1,0.09999999999999964,15.200000000000001,15.62857142857143,8.3,0.0,8.266666666666667,8.2,6.3,621,42.0,566.8571428571429,3.312187,3.2289923333333337,3.206874285714286,2078.47619047619,1077.9999999999998,0.0,0.0,0.0,0.0,0.0,0.0,87.0,0.0,-0.2944616217868012,-0.9556633054034704,1.2246467991473532e-16,-1.0
2023-07-20,2.8,-0.10000000000000009,2.9,3.042857142857143,60.0,-1.0,58.666666666666664,54.214285714285715,3.7,-0.39999999999999947,4.133333333333332,3.2714285714285714,269.0,-25.0,291.6666666666667,278.7142857142857,8.2,-0.10000000000000142,8.266666666666667,8.314285714285715,15.1,0.0,15.066666666666668,15.414285714285715,8.3,0.0,8.3,8.242857142857144,5.6,584,-37.0,575.0,3.241979,3.2619786666666664,3.2233327142857147,2376.666666666666,1111.8666666666663,0.0,0.0,0.0,0.0,0.0,0.0,94.0,0.0,-0.3108569682435036,-0.9504567035349151,1.2246467991473532e-16,-1.0
2023-07-21,2.7,-0.09999999999999964,2.8000000000000003,2.971428571428571,59.5,-0.5,60.166666666666664,55.685714285714276,4.0,0.2999999999999998,3.9333333333333322,3.414285714285714,257.0,-12.0,273.3333333333333,277.7142857142857,8.3,0.10000000000000142,8.266666666666667,8.3,16.3,1.200000000000001,15.5,15.485714285714286,8.1,-0.20000000000000107,8.233333333333334,8.228571428571428,5.7,537,-47.0,568.4285714285714,3.147291,3.2338190000000004,3.210237428571429,2235.819047619047,1010.8666666666663,0.0,0.0,0.0,0.0,0.0,0.0,91.0,0.0,-0.3271603271220951,-0.9449688462364056,1.2246467991473532e-16,-1.0
2023-07-22,2.6,-0.10000000000000009,2.6999999999999997,2.8857142857142857,61.0,1.5,60.166666666666664,57.32857142857142,2.6,-1.4,3.4333333333333322,3.4,261.0,4.0,262.3333333333333,276.57142857142856,8.3,0.0,8.266666666666667,8.3,17.0,0.6999999999999993,16.133333333333336,15.671428571428573,7.9,-0.1999999999999993,8.1,8.185714285714287,3.9,461,-76.0,553.0,2.98875,3.126006666666667,3.1784667142857144,1898.6333333333328,896.0999999999997,0.0,0.0,0.0,0.32,0.10666666666666669,0.045714285714285714,85.0,0.0,-0.34336687399638804,-0.939201357453208,1.2246467991473532e-16,-1.0
2023-07-23,2.6,0.0,2.6333333333333333,2.8142857142857145,60.0,-1.0,60.166666666666664,58.55714285714286,2.5,-0.10000000000000009,3.033333333333332,3.4,262.0,1.0,260.0,275.14285714285717,8.3,0.0,8.3,8.285714285714286,16.4,-0.6000000000000014,16.566666666666666,15.77142857142857,8.0,0.09999999999999964,8.0,8.157142857142857,3.3,446,-15.0,537.4285714285714,2.954687,3.0302426666666666,3.1456691428571433,1630.1999999999994,794.733333333333,0.0,0.0,0.0,0.12,0.14666666666666667,0.06285714285714286,82.0,0.0,-0.3594718130884232,-0.9331559438780432,1.2246467991473532e-16,-1.0
2023-07-24,2.5,-0.10000000000000009,2.566666666666667,2.7285714285714286,57.3,-2.700000000000003,59.43333333333334,59.114285714285714,2.4,-0.10000000000000009,2.4999999999999987,3.414285714285714,265.0,3.0,262.6666666666667,274.2857142857143,8.3,0.0,8.3,8.285714285714286,16.7,0.3000000000000007,16.7,15.942857142857141,8.0,0.0,7.966666666666666,8.12857142857143,4.8,456,10.0,526.2857142857143,2.974062,2.9724996666666663,3.1215322857142858,1315.714285714285,662.4999999999997,0.0,0.0,0.0,0.0,0.14666666666666667,0.06285714285714286,82.0,0.0,-0.3754703786876202,-0.9268343944460494,1.2246467991473532e-16,-1.0
2023-07-25,2.5,0.0,2.533333333333333,2.6571428571428575,55.3,-2.0,57.53333333333333,59.15714285714286,3.2,0.8000000000000003,2.6999999999999993,3.2142857142857144,279.0,14.0,268.6666666666667,269.57142857142856,8.3,0.0,8.3,8.285714285714286,15.8,-0.8999999999999986,16.3,16.057142857142857,8.2,0.1999999999999993,8.066666666666666,8.114285714285714,4.5,552,96.0,522.4285714285714,3.178541,3.0357633333333336,3.113928142857143,1410.5571428571425,753.2999999999998,0.0,0.0,0.0,0.0,0.04,0.06285714285714286,87.0,0.0,-0.3913578365610259,-0.9202385798054075,1.2246467991473532e-16,-1.0
2023-07-26,2.4,-0.10000000000000009,2.466666666666667,2.585714285714286,55.5,0.20000000000000284,56.03333333333333,58.371428571428574,2.5,-0.7000000000000002,2.6999999999999993,2.9857142857142853,285.0,6.0,276.3333333333333,268.2857142857143,8.3,0.0,8.3,8.285714285714286,15.8,0.0,16.1,16.157142857142855,8.2,0.0,8.133333333333333,8.1,3.2,539,-13.0,510.7142857142857,3.152604,3.101735666666667,3.0911305714285713,1378.928571428571,769.4999999999998,0.0,0.0,0.0,0.0,0.0,0.06285714285714286,95.0,0.0,-0.4071294853542516,-0.9133704517637858,1.2246467991473532e-16,-1.0
2023-07-27,2.4,0.0,2.433333333333333,2.5285714285714285,55.0,-0.5,55.26666666666667,57.65714285714286,2.0,-0.5,2.5666666666666655,2.7428571428571433,290.0,5.0,284.6666666666667,271.2857142857143,8.3,0.0,8.3,8.3,14.9,-0.9000000000000004,15.500000000000002,16.12857142857143,8.3,0.10000000000000142,8.233333333333333,8.1,2.7,515,-24.0,500.85714285714283,3.103437,3.1448606666666667,3.0713388571428575,1285.5333333333326,744.333333333333,0.0,0.0,0.0,0.0,0.0,0.06285714285714286,94.0,0.0,-0.4227806579826773,-0.9062320427107697,1.2246467991473532e-16,-1.0
2023-07-28,2.4,0.0,2.4,2.4857142857142853,54.2,-0.7999999999999972,54.9,56.9,2.1,0.10000000000000009,2.199999999999999,2.4714285714285715,289.0,-1.0,288.0,275.85714285714283,8.3,0.0,8.3,8.3,13.9,-1.0,14.866666666666669,15.785714285714286,8.5,0.1999999999999993,8.333333333333334,8.157142857142857,2.4,512,-3.0,497.2857142857143,3.097083,3.117708,3.0641662857142857,1094.0285714285708,635.7999999999996,0.0,0.0,0.0,0.0,0.0,0.06285714285714286,92.0,0.0,-0.4383067230125192,-0.898825465016444,1.2246467991473532e-16,-1.0
2023-07-29,2.4,0.0,2.4,2.457142857142857,55.3,1.0999999999999943,54.833333333333336,56.08571428571429,2.2,0.10000000000000009,2.099999999999999,2.414285714285714,290.0,1.0,289.6666666666667,280.0,8.3,0.0,8.3,8.3,14.4,0.5,14.4,15.414285714285713,8.4,-0.09999999999999964,8.4,8.228571428571428,2.5,488,-24.0,501.14285714285717,3.046875,3.0824649999999996,3.072469857142857,1052.3999999999996,608.9999999999998,0.0,0.0,0.0,0.24,0.08,0.05142857142857143,89.0,0.0,-0.45370308603134424,-0.8911529104063088,1.2246467991473532e-16,-1.0
2023-07-30,2.4,0.0,2.4,2.4285714285714284,56.2,0.9000000000000057,55.23333333333333,55.542857142857144,1.4,-0.8000000000000003,1.8999999999999988,2.257142857142857,289.0,-1.0,289.3333333333333,283.85714285714283,8.2,-0.10000000000000142,8.266666666666667,8.285714285714286,15.1,0.6999999999999993,14.466666666666669,15.22857142857143,,,8.450000000000001,8.266666666666666,2.5,483,-5.0,506.42857142857144,3.035937,3.059965,3.084077,962.2142857142851,549.0999999999997,0.0,0.0,0.0,0.0,0.08,0.03428571428571429,89.0,0.0,-0.46896519100763184,-0.8832166493127127,1.2246467991473532e-16,-1.0
2023-07-31,2.4,0.0,2.4,2.414285714285714,58.0,1.7999999999999972,56.5,55.642857142857146,1.1,-0.2999999999999998,1.5666666666666655,2.0714285714285716,,,289.5,287.0,7.9,-0.29999999999999893,8.133333333333333,8.22857142857143,16.1,1.0000000000000018,15.200000000000003,15.142857142857142,,,,8.319999999999999,1.7,493,10.0,511.7142857142857,3.058117,3.0469763333333333,3.096084857142857,801.6857142857137,,0.0,0.0,0.0,0.0,0.08,0.03428571428571429,91.0,0.0,-0.48408852163897587,-0.8750190302029955,1.2246467991473532e-16,-1.0
2023-08-01,2.3,-0.10000000000000009,2.3666666666666667,2.3857142857142857,60.2,2.200000000000003,58.13333333333333,56.34285714285714,47.3,46.199999999999996,16.599999999999998,8.37142857142857,,,,288.6,8.0,0.09999999999999964,8.033333333333333,8.185714285714287,14.7,-1.4000000000000021,15.300000000000002,14.985714285714286,,,,8.35,477.0,629,136.0,522.7142857142857,3.337142,3.143732,3.118742142857143,8677.05714285714,,0.0,0.0,0.0,0.04,0.013333333333333334,0.039999999999999994,86.0,0.0,-0.4990686026885319,-0.8665624788845385,-0.4999999999999997,-0.8660254037844388
2023-08-02,2.3,0.0,2.333333333333333,2.3714285714285714,55.0,-5.200000000000003,57.73333333333333,56.271428571428565,18.6,-28.699999999999996,22.333333333333332,10.671428571428569,,,,289.5,8.0,0.0,7.966666666666666,8.142857142857142,15.1,0.40000000000000036,15.300000000000002,14.885714285714284,,,,,86.2,541,-88.0,523.0,3.172291,3.1891833333333337,3.1215545714285717,11680.333333333332,,0.0,0.0,0.0,0.0,0.013333333333333334,0.039999999999999994,91.0,0.0,-0.5139010013093103,-0.8578494977869301,-0.4999999999999997,-0.8660254037844388
2023-08-03,2.7,0.40000000000000036,2.433333333333333,2.414285714285714,58.0,3.0,57.73333333333333,56.699999999999996,13.4,-5.200000000000001,26.433333333333337,12.299999999999999,,,,,8.0,0.0,8.0,8.1,17.4,2.299999999999999,15.733333333333334,15.242857142857144,,,,,21.7,412,-129.0,508.2857142857143,2.894895,3.134776,3.0917628571428573,13435.685714285715,,0.0,0.0,0.0,0.77,0.27,0.15,88.0,0.0,-0.5285813283559292,-0.8488826652214553,-0.4999999999999997,-0.8660254037844388
2023-08-04,2.9,0.19999999999999973,2.6333333333333333,2.4857142857142853,57.5,-0.5,56.833333333333336,57.17142857142857,6.3,-7.1000000000000005,12.766666666666667,12.9,,,,,,,8.0,8.066666666666668,17.8,0.40000000000000213,16.766666666666666,15.799999999999999,,,,,14.9,330,-82.0,482.2857142857143,2.68802,2.918402,3.033325285714286,6157.1809523809525,,0.0,0.0,0.0,0.34,0.37000000000000005,0.1985714285714286,84.0,0.0,-0.5431052396834317,-0.8396646346181327,-0.4999999999999997,-0.8660254037844388
2023-08-05,3.3,0.3999999999999999,2.966666666666667,2.6142857142857143,53.0,-4.5,56.166666666666664,56.84285714285714,,,9.850000000000001,14.683333333333332,,,,,,,,8.02,,,17.6,16.033333333333335,,,,,,331,1.0,459.85714285714283,2.690208,2.7577076666666667,2.982372857142857,4529.592857142858,,0.0,0.0,0.0,0.44,0.5166666666666667,0.22714285714285715,80.0,0.0,-0.5574684374327892,-0.8301981337405212,-0.4999999999999997,-0.8660254037844388
2023-08-06,3.3,0.0,3.1666666666666665,2.742857142857143,52.5,-0.5,54.333333333333336,56.31428571428571,,,,17.339999999999996,,,,,,,,7.9750000000000005,,,,16.22,,,,,,449,118.0,455.0,2.978645,2.7856243333333333,2.9741882857142854,,,0.0,0.0,0.0,0.0,0.26,0.22714285714285715,83.0,0.0,-0.5716666713027052,-0.8204859638785327,-0.4999999999999997,-0.8660254037844388
2023-08-07,3.3,0.0,3.3,2.871428571428571,53.0,0.5,52.833333333333336,55.6,,,,21.4,,,,,,,,,,,,16.25,,,,,,539,90.0,461.57142857142856,3.172395,2.9470826666666667,2.9905137142857146,,,0.0,0.0,0.0,0.0,0.14666666666666667,0.22714285714285715,85.0,0.0,-0.5856957398073508,-0.8105309990194823,-0.4999999999999997,-0.8660254037844388
2023-08-08,3.1,-0.19999999999999973,3.233333333333333,2.9857142857142853,52.5,-0.5,52.666666666666664,54.5,,,,,,,,,,,,,,,,,,,,,,520,-19.0,446.0,3.133854,3.0949646666666673,2.9614725714285717,,,0.0,0.0,0.0,0.04,0.013333333333333334,0.22714285714285715,82.0,0.0,-0.5995514915196489,-0.8003361849976323,-0.4999999999999997,-0.8660254037844388
2023-08-09,3.1,0.0,3.1666666666666665,3.1,54.5,2.0,53.333333333333336,54.42857142857143,5.1,,,,282.0,,,,8.1,,,,14.9,,,,8.3,,,,6.8,514,-6.0,442.14285714285717,3.121666,3.1426383333333336,2.954240428571428,,,0.0,0.0,0.0,0.44,0.16,0.29000000000000004,61.0,0.0,-0.6132298262997502,-0.7899045386224707,-0.4999999999999997,-0.8660254037844388
2023-08-10,2.9,-0.20000000000000018,3.0333333333333337,3.1285714285714286,55.0,0.5,54.0,54.0,6.1,1.0,5.6,,286.0,4.0,284.0,,8.0,-0.09999999999999964,8.05,,14.0,-0.9000000000000004,14.450000000000003,,8.4,0.09999999999999964,8.350000000000001,,7.8,549,35.0,461.7142857142857,3.193229,3.149583,2.9968595714285717,2585.6,1601.6,0.0,0.0,0.0,0.0,0.16,0.18,81.0,0.0,-0.6267266965083301,-0.7792391467859886,-0.4999999999999997,-0.8660254037844388
2023-08-11,3.0,0.10000000000000009,3.0,3.142857142857143,55.0,0.0,54.833333333333336,53.642857142857146,5.9,-0.1999999999999993,5.7,,292.0,6.0,286.6666666666667,,8.0,0.0,8.033333333333333,,13.3,-0.6999999999999993,14.06666666666667,,8.6,0.1999999999999993,8.433333333333334,,7.4,591,42.0,499.0,3.275,3.1966316666666668,3.080713857142857,2844.3,1664.4,0.0,0.0,0.0,0.0,0.14666666666666667,0.13142857142857142,80.0,0.0,-0.6400381082043503,-0.7683431655492202,-0.4999999999999997,-0.8660254037844388
2023-08-12,2.8,-0.20000000000000018,2.9,3.0714285714285716,56.0,1.0,55.333333333333336,54.07142857142857,5.4,-0.5,5.8,5.625,291.0,-1.0,289.6666666666667,287.75,8.0,0.0,8.0,8.025,13.0,-0.3000000000000007,13.433333333333337,13.8,8.7,0.09999999999999964,8.566666666666666,8.5,6.3,602,11.0,537.7142857142857,3.294895,3.254374666666667,3.167097714285714,3118.742857142857,1687.8,0.0,0.0,0.0,0.0,0.0,0.06857142857142857,79.0,0.0,-0.65316012232693,-0.7572198192083127,-0.4999999999999997,-0.8660254037844388
2023-08-13,2.5,-0.2999999999999998,2.766666666666667,2.957142857142857,57.0,1.0,56.0,54.714285714285715,4.6,-0.8000000000000007,5.3,5.42,290.0,-1.0,291.0,288.2,8.1,0.09999999999999964,8.033333333333333,8.040000000000001,12.2,-0.8000000000000007,12.833333333333336,13.48,8.9,0.20000000000000107,8.733333333333333,8.58,5.2,595,-7.0,558.5714285714286,3.283437,3.284444,3.2106394285714286,2960.428571428571,1537.0,0.0,0.0,0.0,0.0,0.0,0.06857142857142857,85.0,0.0,-0.666088855860977,-0.7458723993404063,-0.4999999999999997,-0.8660254037844388
2023-08-14,2.5,0.0,2.6,2.8428571428571425,61.5,4.5,58.166666666666664,55.92857142857143,4.2,-0.39999999999999947,4.733333333333333,5.216666666666666,291.0,1.0,290.6666666666667,288.6666666666667,8.2,0.09999999999999964,8.1,8.066666666666666,13.5,1.3000000000000007,12.9,13.483333333333334,8.7,-0.20000000000000107,8.766666666666666,8.6,4.9,595,0.0,566.5714285714286,3.28302,3.2871173333333332,3.2264429999999997,2681.7714285714287,1377.4,0.0,0.0,0.0,0.21,0.06999999999999999,0.09857142857142856,85.0,0.0,-0.6788204829862355,-0.734304263829602,-0.4999999999999997,-0.8660254037844388
2023-08-15,2.5,0.0,2.5,2.7571428571428567,56.5,-5.0,58.333333333333336,56.5,4.0,-0.20000000000000018,4.266666666666667,5.042857142857143,294.0,3.0,291.6666666666667,289.42857142857144,8.2,0.0,8.166666666666666,8.085714285714285,14.2,0.6999999999999993,13.300000000000002,13.585714285714285,8.5,-0.1999999999999993,8.700000000000001,8.585714285714285,5.2,587,-8.0,576.1428571428571,3.26677,3.2777423333333338,3.245431,2458.2095238095235,1254.4,0.0,0.0,0.0,0.0,0.06999999999999999,0.09285714285714285,78.0,0.0,-0.6913512362094071,-0.722518835873311,-0.4999999999999997,-0.8660254037844388
2023-08-16,2.4,-0.10000000000000009,2.466666666666667,2.6571428571428575,55.5,-1.0,57.833333333333336,56.642857142857146,4.5,0.5,4.233333333333333,4.957142857142857,301.0,7.0,295.3333333333333,292.14285714285717,8.1,-0.09999999999999964,8.166666666666666,8.085714285714285,13.9,-0.29999999999999893,13.866666666666669,13.442857142857141,8.5,0.0,8.566666666666668,8.614285714285714,5.9,618,31.0,591.0,3.324791,3.291527,3.2744488571428576,2501.9,1274.2333333333333,0.0,0.0,0.0,0.0,0.06999999999999999,0.03,69.0,0.0,-0.7036774074790128,-0.7105196029692745,-0.4999999999999997,-0.8660254037844388
2023-08-17,2.4,0.0,2.433333333333333,2.585714285714286,56.2,0.7000000000000028,56.06666666666666,56.814285714285724,4.1,-0.40000000000000036,4.2,4.671428571428572,300.0,-1.0,298.3333333333333,294.14285714285717,8.2,0.09999999999999964,8.166666666666666,8.114285714285714,14.3,0.40000000000000036,14.133333333333335,13.485714285714284,8.5,0.0,8.5,8.628571428571428,4.9,621,3.0,601.2857142857143,3.331562,3.307707666666667,3.294210714285714,2525.4,1260.0,0.0,0.0,0.0,0.0,0.0,0.03,76.0,0.0,-0.7157953492826642,-0.6983101158835584,-0.4999999999999997,-0.8660254037844388
2023-08-18,2.4,0.0,2.4,2.5,57.0,0.7999999999999972,56.23333333333333,57.10000000000001,4.2,0.10000000000000053,4.266666666666667,4.428571428571429,301.0,1.0,300.6666666666667,295.42857142857144,8.2,0.0,8.166666666666666,8.142857142857142,14.2,-0.10000000000000142,14.133333333333335,13.614285714285714,8.4,-0.09999999999999964,8.466666666666667,8.6,10.4,615,-6.0,604.7142857142857,3.319791,3.325381333333333,3.3006094285714282,2580.1142857142854,1284.2666666666667,0.0,0.0,0.0,0.0,0.0,0.03,87.0,0.0,-0.7277014757264236,-0.6858939875998223,-0.4999999999999997,-0.8660254037844388
2023-08-19,2.4,0.0,2.4,2.4428571428571426,59.0,2.0,57.4,57.52857142857143,4.1,-0.10000000000000053,4.133333333333334,4.242857142857143,303.0,2.0,301.3333333333333,297.14285714285717,8.2,0.0,8.2,8.17142857142857,13.9,-0.29999999999999893,14.133333333333335,13.742857142857144,8.5,0.09999999999999964,8.466666666666667,8.571428571428571,8.7,612,-3.0,606.1428571428571,3.314791,3.322048,3.303451714285714,2505.3904761904764,1252.4,0.0,0.0,0.0,0.04,0.013333333333333334,0.03571428571428571,92.0,0.0,-0.7393922635959241,-0.673274892250183,-0.4999999999999997,-0.8660254037844388
2023-08-20,2.3,-0.10000000000000009,2.3666666666666667,2.414285714285714,58.5,-0.5,58.166666666666664,57.74285714285715,3.9,-0.19999999999999973,4.066666666666667,4.142857142857143,303.0,0.0,302.3333333333333,299.0,8.2,0.0,8.2,8.185714285714285,14.6,0.6999999999999993,14.233333333333334,14.085714285714285,8.4,-0.09999999999999964,8.433333333333332,8.5,4.8,600,-12.0,606.8571428571429,3.292604,3.3090619999999995,3.3047612857142856,2467.885714285715,1232.2000000000003,0.0,0.0,0.0,0.0,0.013333333333333334,0.03571428571428571,90.0,0.0,-0.7508642533989489,-0.6604565640279754,-0.4999999999999997,-0.8660254037844388
2023-08-21,2.3,0.0,2.333333333333333,2.3857142857142857,59.0,0.5,58.833333333333336,57.38571428571429,3.4,-0.5,3.7999999999999994,4.028571428571428,305.0,2.0,303.6666666666667,301.0,8.2,0.0,8.2,8.185714285714285,14.2,-0.40000000000000036,14.233333333333334,14.185714285714285,8.5,0.09999999999999964,8.466666666666667,8.471428571428572,4.0,589,-11.0,606.0,3.271666,3.293020333333333,3.3031392857142854,2302.7999999999997,1158.9999999999998,0.0,0.0,0.0,0.0,0.013333333333333334,0.005714285714285714,90.0,0.0,-0.7621140503891487,-0.6474427960827475,-0.4999999999999997,-0.8660254037844388
2023-08-22,2.3,0.0,2.3,2.357142857142857,59.5,0.5,59.0,57.814285714285724,3.2,-0.19999999999999973,3.5,3.914285714285714,304.0,-1.0,304.0,302.42857142857144,8.2,0.0,8.2,8.185714285714285,14.2,0.0,14.333333333333336,14.185714285714287,8.5,0.0,8.466666666666667,8.471428571428572,3.7,592,3.0,606.7142857142857,3.26875,3.277673333333333,3.303422142857143,2123.5,1064.0,0.0,0.0,0.0,0.18,0.06,0.03142857142857143,92.0,0.0,-0.7731383255706026,-0.6342374393978054,-0.4999999999999997,-0.8660254037844388
2023-08-23,2.3,0.0,2.3,2.3428571428571425,58.0,-1.5,58.833333333333336,58.17142857142858,3.4,0.19999999999999973,3.3333333333333335,3.7571428571428567,301.0,-3.0,303.3333333333333,302.42857142857144,8.2,0.0,8.2,8.2,13.6,-0.5999999999999996,14.000000000000002,14.142857142857142,8.6,0.09999999999999964,8.533333333333333,8.485714285714286,3.9,604,12.0,604.7142857142857,3.279687,3.2733676666666667,3.296978714285714,2015.7142857142856,1003.3333333333334,0.0,0.0,0.0,0.0,0.06,0.03142857142857143,93.0,0.0,-0.7839338166829201,-0.620844401650647,-0.4999999999999997,-0.8660254037844388
2023-08-24,2.3,0.0,2.3,2.3285714285714283,60.0,2.0,59.166666666666664,58.714285714285715,3.1,-0.2999999999999998,3.233333333333333,3.6142857142857143,296.0,-5.0,300.3333333333333,301.85714285714283,8.2,0.0,8.2,8.2,14.2,0.5999999999999996,14.000000000000002,14.12857142857143,8.4,-0.1999999999999993,8.5,8.471428571428572,3.7,581,-23.0,599.0,3.23552,3.2613190000000003,3.2832584285714286,1936.7666666666664,957.0666666666666,0.0,0.0,0.0,0.0,0.06,0.03142857142857143,95.0,0.0,-0.7944973291665992,-0.6072676460566135,-0.4999999999999997,-0.8660254037844388
2023-08-25,2.3,0.0,2.3,2.314285714285714,58.0,-2.0,58.666666666666664,58.857142857142854,3.6,0.5,3.3666666666666667,3.5285714285714285,285.0,-11.0,294.0,299.57142857142856,8.0,-0.1999999999999993,8.133333333333333,8.17142857142857,13.0,-1.1999999999999993,13.600000000000001,13.957142857142857,8.7,0.29999999999999893,8.566666666666668,8.514285714285714,11.0,572,-9.0,592.8571428571429,3.21802,3.2444089999999997,3.2687197142857145,1995.9523809523812,959.5,0.0,0.0,0.0,0.0,0.0,0.03142857142857143,91.0,0.0,-0.8048257371083452,-0.593511190196115,-0.4999999999999997,-0.8660254037844388
2023-08-26,2.3,0.0,2.3,2.3,56.5,-1.5,58.166666666666664,58.5,4.4,0.8000000000000003,3.6999999999999997,3.5714285714285716,268.0,-17.0,283.0,294.57142857142856,8.1,0.09999999999999964,8.1,8.157142857142857,13.4,0.40000000000000036,13.533333333333337,13.885714285714284,8.6,-0.09999999999999964,8.566666666666666,8.528571428571428,7.4,518,-54.0,579.4285714285714,3.110312,3.187950666666667,3.2395084285714284,2143.885714285714,991.5999999999999,0.0,0.0,0.0,0.0,0.0,0.025714285714285714,90.0,0.0,-0.8149159841660791,-0.5795791048257612,-0.4999999999999997,-0.8660254037844388
2023-08-27,2.3,0.0,2.3,2.3,57.5,1.0,57.333333333333336,58.357142857142854,4.2,-0.20000000000000018,4.066666666666666,3.6142857142857143,266.0,-2.0,273.0,289.2857142857143,8.2,0.09999999999999964,8.1,8.157142857142857,14.4,1.0,13.600000000000003,13.857142857142858,8.4,-0.1999999999999993,8.566666666666665,8.528571428571428,5.9,507,-11.0,566.1428571428571,3.087604,3.138645333333333,3.210222714285714,2302.3142857142852,1081.7333333333333,0.0,0.0,0.0,0.03,0.01,0.03,86.0,0.0,-0.8247650844733614,-0.5654755126737576,-0.4999999999999997,-0.8660254037844388
2023-08-28,2.3,0.0,2.3,2.3,56.7,-0.7999999999999972,56.9,58.028571428571425,4.3,0.09999999999999964,4.3,3.742857142857143,262.0,-4.0,265.3333333333333,283.14285714285717,8.2,0.0,8.166666666666666,8.157142857142857,14.7,0.29999999999999893,14.16666666666667,13.928571428571429,8.3,-0.09999999999999964,8.433333333333335,8.5,19.2,467,-40.0,548.7142857142857,3.001666,3.066527333333333,3.1716512857142862,2359.471428571428,1126.6,0.0,0.0,0.0,0.09,0.04,0.04285714285714286,66.0,0.0,-0.8343701235229537,-0.5512045872199277,-0.4999999999999997,-0.8660254037844388
2023-08-29,2.2,-0.09999999999999964,2.2666666666666666,2.2857142857142856,53.5,-3.200000000000003,55.9,57.17142857142858,4.2,-0.09999999999999964,4.233333333333333,3.8857142857142857,264.0,2.0,264.0,277.42857142857144,8.2,0.0,8.2,8.157142857142857,14.9,0.20000000000000107,14.66666666666667,14.028571428571428,8.3,0.0,8.333333333333334,8.471428571428572,7.7,453,-14.0,528.8571428571429,2.970833,3.0200343333333333,3.1290917142857144,2238.8285714285716,1117.6,0.0,0.0,0.0,0.05,0.056666666666666664,0.024285714285714282,75.0,0.0,-0.8437282590292712,-0.5367705514607103,-0.4999999999999997,-0.8660254037844388
2023-08-30,2.2,0.0,2.2333333333333334,2.2714285714285714,50.5,-3.0,53.56666666666666,56.10000000000001,3.8,-0.40000000000000036,4.1000000000000005,3.942857142857143,267.0,3.0,264.3333333333333,272.57142857142856,8.2,0.0,8.2,8.157142857142857,15.0,0.09999999999999964,14.866666666666669,14.228571428571428,8.2,-0.10000000000000142,8.266666666666667,8.414285714285715,4.8,408,-45.0,500.85714285714283,2.864895,2.945798,3.069835714285715,2053.514285714286,1094.7,0.0,0.0,0.0,0.33,0.15666666666666665,0.07142857142857142,84.0,0.0,-0.8528367217694595,-0.522177676659508,-0.4999999999999997,-0.8660254037844388
2023-08-31,2.3,0.09999999999999964,2.2333333333333334,2.2714285714285714,53.0,2.5,52.333333333333336,55.10000000000001,3.7,-0.09999999999999964,3.9,4.0285714285714285,272.0,5.0,267.6666666666667,269.14285714285717,8.2,0.0,8.2,8.157142857142857,15.0,0.0,14.966666666666669,14.342857142857142,8.2,0.0,8.233333333333333,8.385714285714286,6.3,405,-3.0,475.7142857142857,2.85625,2.897326,3.015654285714286,1855.2857142857142,1060.8,0.0,0.0,0.0,0.95,0.44333333333333336,0.20714285714285713,71.0,0.0,-0.8616928164028521,-0.5074302810827518,-0.4999999999999997,-0.8660254037844388
2023-09-01,2.3,0.0,2.2666666666666666,2.2714285714285714,50.8,-2.200000000000003,51.43333333333334,54.07142857142857,5.8,2.0999999999999996,4.433333333333334,4.342857142857143,287.0,15.0,275.3333333333333,269.42857142857144,8.2,0.0,8.2,8.185714285714285,13.9,-1.0999999999999996,14.633333333333335,14.471428571428572,8.5,0.3000000000000007,8.299999999999999,8.357142857142858,6.4,613,208.0,481.57142857142856,3.29625,3.0057983333333333,3.0268300000000004,2134.9666666666667,1272.3666666666668,0.0,0.0,0.0,0.0,0.4266666666666666,0.20714285714285713,78.0,0.0,-0.8702939222685674,-0.49253272872205434,-0.8660254037844384,-0.5000000000000004
2023-09-02,2.4,0.10000000000000009,2.3333333333333335,2.2857142857142856,51.0,0.20000000000000284,51.6,53.285714285714285,5.3,-0.5,4.933333333333333,4.4714285714285715,291.0,4.0,283.3333333333333,272.7142857142857,8.1,-0.09999999999999964,8.166666666666666,8.185714285714285,12.7,-1.200000000000001,13.866666666666669,14.371428571428572,8.7,0.1999999999999993,8.466666666666667,8.371428571428572,6.5,688,75.0,505.85714285714283,3.432395,3.194965,3.0728418571428575,2495.5619047619043,1435.6,0.0,0.0,0.0,0.0,0.3166666666666666,0.20714285714285713,90.0,0.0,-0.8786374941610001,-0.4774894280028391,-0.8660254037844384,-0.5000000000000004
2023-09-03,2.2,-0.19999999999999973,2.3000000000000003,2.2714285714285714,50.0,-1.0,50.6,52.214285714285715,4.8,-0.5,5.3,4.557142857142857,289.0,-2.0,289.0,276.0,8.1,0.0,8.133333333333333,8.171428571428569,12.7,0.0,13.100000000000001,14.128571428571428,8.7,0.0,8.633333333333333,8.414285714285715,7.4,701,13.0,533.5714285714286,3.455625,3.3947566666666673,3.125416285714285,2827.928571428571,1531.7,0.0,0.0,0.0,0.0,0.0,0.20285714285714285,91.0,0.0,-0.886721063082993,-0.46230483047981086,-0.8660254037844384,-0.5000000000000004
2023-09-04,2.3,0.09999999999999964,2.3000000000000003,2.2714285714285714,53.0,3.0,51.333333333333336,51.685714285714276,4.8,0.0,4.966666666666666,4.628571428571428,289.0,0.0,289.6666666666667,279.85714285714283,8.2,0.09999999999999964,8.133333333333333,8.17142857142857,13.1,0.40000000000000036,12.833333333333336,13.9,8.6,-0.09999999999999964,8.666666666666666,8.457142857142857,5.7,697,-4.0,566.4285714285714,3.448958,3.4456593333333334,3.1893151428571427,2813.2619047619046,1435.3666666666663,0.0,0.0,0.0,0.0,0.0,0.19,93.0,0.0,-0.8945422369764496,-0.4469834295196741,-0.8660254037844384,-0.5000000000000004
2023-09-05,2.4,0.10000000000000009,2.3,2.3,55.5,2.5,52.833333333333336,51.97142857142857,3.6,-1.1999999999999997,4.3999999999999995,4.542857142857143,297.0,8.0,291.6666666666667,284.57142857142856,8.2,0.0,8.166666666666666,8.171428571428573,12.3,-0.7999999999999989,12.700000000000003,13.528571428571428,8.8,0.20000000000000107,8.7,8.528571428571428,4.3,669,-28.0,597.2857142857143,3.399375,3.434652666666667,3.2505354285714287,2628.057142857143,1306.8,0.0,0.0,0.0,0.0,0.0,0.18285714285714286,89.0,0.0,-0.9020987014301837,-0.43152975897147144,-0.8660254037844384,-0.5000000000000004
2023-09-06,2.5,0.10000000000000009,2.4,2.3428571428571425,55.7,0.20000000000000284,54.73333333333333,52.714285714285715,3.4,-0.20000000000000018,3.933333333333333,4.485714285714286,296.0,-1.0,294.0,288.7142857142857,8.2,0.0,8.2,8.17142857142857,12.4,0.09999999999999964,12.600000000000003,13.157142857142858,8.8,0.0,8.733333333333333,8.614285714285714,3.9,644,-25.0,631.0,3.352812,3.4003816666666666,3.320237857142857,2481.9333333333334,1164.2666666666667,0.0,0.0,0.0,0.52,0.1733333333333333,0.21,85.0,0.0,-0.9093882203647925,-0.4159483918249421,-0.8660254037844384,-0.5000000000000004
2023-09-07,2.4,-0.10000000000000009,2.4333333333333336,2.357142857142857,57.0,1.2999999999999972,56.06666666666666,53.285714285714285,3.0,-0.3999999999999999,3.3333333333333335,4.385714285714285,286.0,-10.0,293.0,290.7142857142857,8.2,0.0,8.2,8.171428571428573,12.6,0.1999999999999993,12.433333333333337,12.814285714285715,8.7,-0.10000000000000142,8.766666666666667,8.685714285714285,3.6,570,-74.0,654.5714285714286,3.214583,3.3222566666666666,3.3714282857142854,2181.904761904762,953.3333333333334,0.0,0.0,0.0,0.0,0.1733333333333333,0.07428571428571429,86.0,0.0,-0.9164086366943458,-0.4002439388573056,-0.8660254037844384,-0.5000000000000004
2023-09-08,2.5,0.10000000000000009,2.466666666666667,2.3857142857142857,56.5,-0.5,56.4,54.10000000000001,2.9,-0.10000000000000009,3.1,3.9714285714285715,282.0,-4.0,288.0,290.0,8.2,0.0,8.2,8.17142857142857,12.4,-0.1999999999999993,12.466666666666669,12.6,8.8,0.10000000000000142,8.766666666666667,8.728571428571428,3.4,535,-35.0,643.4285714285714,3.143854,3.237083,3.3496574285714287,1994.6285714285716,874.2,0.0,0.0,0.0,0.0,0.1733333333333333,0.07428571428571429,75.0,0.0,-0.9231578729647039,-0.38442104726885545,-0.8660254037844384,-0.5000000000000004
2023-09-09,2.4,-0.10000000000000009,2.433333333333333,2.3857142857142857,57.5,1.0,57.0,55.02857142857143,2.7,-0.19999999999999973,2.8666666666666667,3.6,281.0,-1.0,283.0,288.57142857142856,8.1,-0.09999999999999964,8.166666666666666,8.17142857142857,12.1,-0.3000000000000007,12.366666666666669,12.514285714285714,8.9,0.09999999999999964,8.799999999999999,8.757142857142858,3.0,532,-3.0,621.1428571428571,3.138125,3.165520666666667,3.307618857142857,1780.6095238095238,805.5333333333333,0.0,0.0,0.0,0.0,0.0,0.07428571428571429,84.0,0.0,-0.9296339319682695,-0.3684843993077793,-0.8660254037844384,-0.5000000000000004
2023-09-10,2.4,0.0,2.4333333333333336,2.414285714285714,57.0,-0.5,57.0,56.02857142857143,2.7,0.0,2.766666666666667,3.3,282.0,1.0,281.6666666666667,287.57142857142856,8.1,0.0,8.133333333333333,8.171428571428569,11.2,-0.9000000000000004,11.9,12.3,9.1,0.1999999999999993,8.933333333333334,8.814285714285715,4.1,533,1.0,597.1428571428571,3.14052,3.140833,3.2626038571428575,1652.0952380952383,780.2000000000002,0.0,0.0,0.0,0.0,0.0,0.07428571428571429,85.0,0.0,-0.9358348973349941,-0.35243871088460327,-0.8660254037844384,-0.5000000000000004
2023-09-11,2.4,0.0,2.4,2.4285714285714284,56.25,-0.75,56.916666666666664,56.49285714285715,4.3,1.5999999999999996,3.233333333333333,3.2285714285714286,273.0,-9.0,278.6666666666667,285.2857142857143,8.1,0.0,8.1,8.157142857142857,11.7,0.5,11.66666666666667,12.099999999999998,9.0,-0.09999999999999964,9.0,8.871428571428572,10.7,590,57.0,581.8571428571429,3.252604,3.1770829999999997,3.2345532857142856,1881.338095238095,882.6999999999999,0.0,0.0,0.0,0.0,0.0,0.07428571428571429,86.0,0.0,-0.9417589340994617,-0.33628873017668287,-0.8660254037844384,-0.5000000000000004
2023-09-12,2.5,0.10000000000000009,2.433333333333333,2.442857142857143,58.0,1.75,57.083333333333336,56.85000000000001,3.8,-0.5,3.6,3.257142857142857,273.0,0.0,276.0,281.85714285714283,8.2,0.09999999999999964,8.133333333333333,8.157142857142857,12.0,0.3000000000000007,11.633333333333335,12.057142857142859,8.9,-0.09999999999999964,9.0,8.885714285714286,5.6,559,-31.0,566.1428571428571,3.19,3.1943746666666666,3.2046425714285713,2038.1142857142856,982.8000000000001,0.0,0.0,0.0,0.0,0.0,0.07428571428571429,82.0,0.0,-0.9474042892438845,-0.32003923622313857,-0.8660254037844384,-0.5000000000000004
2023-09-13,2.4,-0.10000000000000009,2.4333333333333336,2.4285714285714284,55.0,-3.0,56.416666666666664,56.75,3.1,-0.6999999999999997,3.733333333333333,3.2142857142857144,271.0,-2.0,272.3333333333333,278.2857142857143,8.2,0.0,8.166666666666666,8.157142857142857,12.2,0.1999999999999993,11.966666666666669,12.028571428571427,8.8,-0.09999999999999964,8.9,8.885714285714286,3.8,440,-119.0,537.0,2.939895,3.1274996666666666,3.145654428571429,2004.7999999999997,1011.7333333333332,0.0,0.0,0.0,0.87,0.29,0.12428571428571429,67.0,0.0,-0.9527692922168511,-0.30369503751065885,-0.8660254037844384,-0.5000000000000004
2023-09-14,2.4,0.0,2.433333333333333,2.4285714285714284,59.0,4.0,57.333333333333336,57.035714285714285,2.9,-0.20000000000000018,3.266666666666667,3.2,270.0,-1.0,271.3333333333333,276.0,8.2,0.0,8.2,8.157142857142857,11.5,-0.6999999999999993,11.9,11.87142857142857,9.0,0.1999999999999993,8.9,8.928571428571429,6.2,439,-1.0,518.2857142857143,2.937187,3.0223606666666663,3.1060264285714285,1693.066666666667,882.0000000000001,0.0,0.0,0.0,0.16,0.34333333333333327,0.14714285714285716,64.0,0.0,-0.9578523554276669,-0.28726097055059635,-0.8660254037844384,-0.5000000000000004
2023-09-15,2.4,0.0,2.4,2.414285714285714,54.0,-5.0,56.0,56.67857142857143,6.6,3.6999999999999997,4.2,3.728571428571428,260.0,-10.0,267.0,272.85714285714283,8.0,-0.1999999999999993,8.133333333333333,8.128571428571428,10.8,-0.6999999999999993,11.500000000000002,11.642857142857142,9.1,0.09999999999999964,8.966666666666667,8.971428571428572,10.0,508,69.0,514.4285714285714,3.087708,2.9882633333333337,3.0980055714285717,2160.6000000000004,1092.0,0.0,0.0,0.0,0.0,0.34333333333333327,0.14714285714285716,72.0,0.0,-0.9626519747161487,-0.2707418984477642,-0.8660254037844384,-0.5000000000000004
2023-09-16,2.4,0.0,2.4,2.414285714285714,54.8,0.7999999999999972,55.93333333333334,56.29285714285714,5.3,-1.2999999999999998,4.933333333333334,4.1,262.0,2.0,264.0,270.14285714285717,8.2,0.1999999999999993,8.133333333333333,8.142857142857142,10.6,-0.20000000000000107,10.966666666666669,11.428571428571429,9.2,0.09999999999999964,9.1,9.014285714285714,7.8,544,36.0,516.1428571428571,3.161666,3.062187,3.101368571428572,2546.304761904762,1292.5333333333333,0.0,0.0,0.0,0.0,0.053333333333333295,0.14714285714285716,76.0,0.0,-0.9671667297977312,-0.2541427094613622,-0.8660254037844384,-0.5000000000000004
2023-09-17,2.4,0.0,2.4,2.414285714285714,53.0,-1.7999999999999972,53.93333333333334,55.72142857142857,4.0,-1.2999999999999998,5.3,4.285714285714286,272.0,10.0,264.6666666666667,268.7142857142857,8.2,0.0,8.133333333333333,8.157142857142857,11.1,0.5,10.833333333333336,11.414285714285713,9.1,-0.09999999999999964,9.133333333333333,9.014285714285714,4.9,499,-45.0,511.2857142857143,3.069375,3.106249666666667,3.0912049999999995,2709.8142857142857,1441.6,0.0,0.0,0.0,0.96,0.31999999999999995,0.2842857142857143,71.0,0.0,-0.97139528468375,-0.23746831555846842,-0.8660254037844384,-0.5000000000000004
2023-09-18,2.5,0.10000000000000009,2.433333333333333,2.4285714285714284,54.5,1.5,54.1,55.47142857142857,3.4,-0.6000000000000001,4.233333333333333,4.157142857142857,276.0,4.0,270.0,269.14285714285717,8.2,0.0,8.2,8.17142857142857,11.2,0.09999999999999964,10.966666666666669,11.342857142857142,9.0,-0.09999999999999964,9.1,9.014285714285714,4.2,481,-18.0,495.7142857142857,3.030729,3.0872566666666668,3.0595085714285717,2098.5238095238096,1168.4,0.0,0.0,0.0,0.24,0.3999999999999999,0.31857142857142856,60.0,0.0,-0.9753363880767837,-0.2207236509605022,-0.8660254037844384,-0.5000000000000004
2023-09-19,2.5,0.0,2.466666666666667,2.4285714285714284,53.5,-1.0,53.666666666666664,54.82857142857142,3.2,-0.19999999999999973,3.533333333333333,4.071428571428571,277.0,1.0,275.0,269.7142857142857,8.1,-0.09999999999999964,8.166666666666666,8.157142857142857,11.0,-0.1999999999999993,11.100000000000001,11.200000000000001,9.0,0.0,9.033333333333333,9.028571428571428,3.9,475,-6.0,483.7142857142857,3.01802,3.039374666666667,3.0349399999999997,1709.1238095238095,978.7333333333333,0.0,0.0,0.0,0.04,0.4133333333333333,0.3242857142857143,72.0,0.0,-0.9789888737409319,-0.20391367068311472,-0.8660254037844384,-0.5000000000000004
2023-09-20,2.4,-0.10000000000000009,2.4666666666666663,2.4285714285714284,55.0,1.5,54.333333333333336,54.82857142857142,,,3.3,4.233333333333333,277.0,0.0,276.6666666666667,270.57142857142856,8.2,0.09999999999999964,8.166666666666666,8.157142857142857,11.0,0.0,11.066666666666668,11.028571428571428,9.0,0.0,9.0,9.057142857142857,3.4,481,6.0,489.57142857142856,3.030416,3.0263883333333332,3.047871571428572,1615.5857142857142,914.0999999999999,0.0,0.0,0.0,0.0,0.09333333333333328,0.19999999999999998,78.0,0.0,-0.9823516608469237,-0.18704334906991657,-0.8660254037844384,-0.5000000000000004
2023-09-21,2.5,0.10000000000000009,2.466666666666667,2.442857142857143,53.5,-1.5,54.0,54.04285714285714,,,,4.5,278.0,1.0,277.3333333333333,271.7142857142857,8.2,0.0,8.166666666666666,8.157142857142857,11.1,0.09999999999999964,11.033333333333337,10.971428571428572,9.0,0.0,9.0,9.057142857142857,,501,20.0,498.42857142857144,3.074895,3.0411103333333336,3.0675441428571424,,,0.0,0.0,0.0,0.0,0.013333333333333296,0.17714285714285713,75.0,0.0,-0.9854237542919524,-0.17011767832049052,-0.8660254037844384,-0.5000000000000004
2023-09-22,2.5,0.0,2.466666666666667,2.457142857142857,55.1,1.6000000000000014,54.53333333333333,54.199999999999996,3.1,,,3.8,280.0,2.0,278.3333333333333,274.57142857142856,8.2,0.0,8.2,8.185714285714285,10.9,-0.1999999999999993,11.000000000000002,10.985714285714286,9.0,0.0,9.0,9.042857142857143,3.2,495,-6.0,496.57142857142856,3.06177,3.0556936666666665,3.063838714285714,,,0.0,0.0,0.0,0.02,0.00666666666666663,0.18,74.0,0.0,-0.9882042449941422,-0.15314166701312007,-0.8660254037844384,-0.5000000000000004
2023-09-23,2.5,0.0,2.5,2.4714285714285715,55.7,0.6000000000000014,54.76666666666667,54.32857142857143,,,,3.425,279.0,-1.0,279.0,277.0,8.2,0.0,8.2,8.185714285714285,10.4,-0.5,10.800000000000002,10.957142857142857,9.2,0.1999999999999993,9.066666666666665,9.042857142857143,,491,-4.0,489.0,3.053854,3.063506333333333,3.048437,,,0.0,0.0,0.0,0.02,0.013333333333333296,0.18285714285714286,77.0,0.0,-0.9906923101615609,-0.13612033862266704,-0.8660254037844384,-0.5000000000000004
2023-09-24,2.5,0.0,2.5,2.4857142857142853,51.2,-4.5,54.0,54.07142857142857,,,,,278.0,-1.0,279.0,277.85714285714283,8.2,0.0,8.2,8.185714285714285,10.1,-0.3000000000000007,10.466666666666669,10.814285714285715,9.3,0.10000000000000142,9.166666666666666,9.071428571428571,,486,-5.0,487.14285714285717,3.043125,3.0529163333333336,3.044687,,,0.0,0.0,0.0,0.0,0.013333333333333296,0.045714285714285714,77.0,0.0,-0.9928872135356962,-0.11905873003404988,-0.8660254037844384,-0.5000000000000004
2023-09-25,2.4,-0.10000000000000009,2.466666666666667,2.4714285714285715,57.1,5.899999999999999,54.666666666666664,54.442857142857136,,,,,280.0,2.0,279.0,278.42857142857144,8.2,0.0,8.2,8.185714285714285,10.2,0.09999999999999964,10.233333333333336,10.671428571428573,9.3,0.0,9.266666666666666,9.114285714285716,4.9,498,12.0,489.57142857142856,3.06875,3.0552429999999995,3.050118571428572,,,0.0,0.0,0.0,0.0,0.00666666666666663,0.011428571428571429,81.0,0.0,-0.994788305609327,-0.10196189005174576,-0.8660254037844384,-0.5000000000000004
2023-09-26,2.6,0.20000000000000018,2.5,2.4857142857142853,57.5,0.3999999999999986,55.26666666666667,55.01428571428572,4.0,,,,279.0,-1.0,279.0,278.7142857142857,8.2,0.0,8.2,8.2,10.7,0.5,10.333333333333334,10.62857142857143,9.2,-0.10000000000000142,9.266666666666667,9.142857142857142,4.6,548,50.0,500.0,3.171562,3.0944789999999998,3.072053142857143,,,0.0,0.0,0.0,0.0,0.0,0.005714285714285714,74.0,0.0,-0.9963950238187231,-0.08483487790576538,-0.8660254037844384,-0.5000000000000004
2023-09-27,2.6,0.0,2.533333333333333,2.5142857142857147,54.0,-3.5,56.20000000000001,54.871428571428574,,,,,279.0,0.0,279.3333333333333,279.0,8.2,0.0,8.2,8.2,11.0,0.3000000000000007,10.633333333333335,10.62857142857143,9.1,-0.09999999999999964,9.2,9.157142857142857,4.7,592,44.0,515.8571428571429,3.257187,3.1658330000000006,3.1044490000000002,,,0.0,0.0,0.0,0.0,0.0,0.005714285714285714,74.0,0.0,-0.9977068927101168,-0.06768276175455162,-0.8660254037844384,-0.5000000000000004
2023-09-28,2.6,0.0,2.6,2.5285714285714285,51.5,-2.5,54.333333333333336,54.58571428571429,,,,,279.0,0.0,279.0,279.14285714285717,8.2,0.0,8.2,8.2,10.9,-0.09999999999999964,10.866666666666669,10.6,9.0,-0.09999999999999964,9.1,9.157142857142857,,592,0.0,528.8571428571429,3.25625,3.2283330000000006,3.130356857142857,,,0.0,0.0,0.0,0.0,0.0,0.005714285714285714,79.0,0.0,-0.9987235240803972,-0.050510617185222886,-0.8660254037844384,-0.5000000000000004
2023-09-29,2.6,0.0,2.6,2.542857142857143,53.5,2.0,53.0,54.357142857142854,,,,,279.0,0.0,279.0,279.0,8.2,0.0,8.2,8.2,10.7,-0.20000000000000107,10.866666666666669,10.571428571428571,9.1,0.09999999999999964,9.066666666666668,9.171428571428573,,590,-2.0,542.4285714285714,3.253229,3.2555553333333336,3.157708142857143,,,0.0,0.0,0.0,0.0,0.0,0.002857142857142857,77.0,0.0,-0.9994446170919858,-0.033323525711631344,-0.8660254037844384,-0.5000000000000004
2023-09-30,2.6,0.0,2.6,2.557142857142857,55.0,1.5,53.333333333333336,54.25714285714286,3.4,,,,277.0,-2.0,278.3333333333333,278.7142857142857,8.2,0.0,8.2,8.2,10.5,-0.1999999999999993,10.700000000000003,10.585714285714285,9.1,0.0,9.066666666666666,9.157142857142857,3.9,589,-1.0,556.4285714285714,3.251979,3.253819333333334,3.1860117142857143,,,0.0,0.0,0.0,0.0,0.0,0.0,84.0,0.0,-0.9998699583618592,-0.016126573270657762,-0.8660254037844384,-0.5000000000000004
2023-10-01,2.7,0.10000000000000009,2.6333333333333333,2.585714285714286,55.0,0.0,54.5,54.8,3.5,0.10000000000000009,3.45,,277.0,0.0,277.6666666666667,278.57142857142856,8.2,0.0,8.2,8.2,11.3,0.8000000000000007,10.833333333333336,10.757142857142856,9.0,-0.09999999999999964,9.066666666666666,9.114285714285714,4.4,577,-12.0,569.4285714285714,3.226666,3.2439580000000006,3.212231857142857,1964.5285714285717,955.6500000000001,0.0,0.0,0.0,0.0,0.0,0.0,85.0,0.0,-0.9999994220246925,0.001075151282798226,-1.0,-1.8369701987210297e-16
2023-10-02,2.7,0.0,2.6666666666666665,2.6285714285714286,55.9,0.8999999999999986,55.300000000000004,54.62857142857143,3.8,0.2999999999999998,3.5666666666666664,3.675,272.0,-5.0,275.3333333333333,277.42857142857144,8.2,0.0,8.2,8.2,11.5,0.1999999999999993,11.100000000000001,10.942857142857141,8.9,-0.09999999999999964,9.0,9.057142857142857,4.5,463,-114.0,564.4285714285714,2.993541,3.157395333333333,3.2014877142857143,2013.1285714285714,970.1333333333332,0.0,0.0,0.0,0.0,0.0,0.0,82.0,0.0,-0.999832969770105,0.018276557681691223,-1.0,-1.8369701987210297e-16
2023-10-03,2.75,0.04999999999999982,2.716666666666667,2.65,54.9,-1.0,55.26666666666667,54.25714285714286,3.7,-0.09999999999999964,3.6666666666666665,3.6,267.0,-5.0,272.0,275.7142857142857,8.2,0.0,8.2,8.2,10.6,-0.9000000000000004,11.133333333333335,10.928571428571429,9.1,0.1999999999999993,9.0,9.042857142857143,4.0,466,3.0,552.7142857142857,2.999062,3.0730896666666667,3.176844857142857,2026.6190476190473,979.0,0.0,0.0,0.0,0.0,0.0,0.0,85.0,0.0,-0.9993706508539969,0.03547255575312556,-1.0,-1.8369701987210297e-16
2023-10-04,2.8,0.04999999999999982,2.75,2.6785714285714284,54.5,-0.3999999999999986,55.1,54.32857142857143,3.7,0.0,3.733333333333333,3.62,266.0,-1.0,268.3333333333333,273.85714285714283,8.2,0.0,8.2,8.2,10.0,-0.5999999999999996,10.700000000000003,10.785714285714286,9.3,0.20000000000000107,9.1,9.071428571428571,4.0,463,-3.0,534.2857142857143,2.991354,2.9946523333333332,3.138868714285714,1994.6666666666667,993.0666666666666,0.0,0.0,0.0,0.0,0.0,0.0,80.0,0.0,-0.9986126020839734,0.052658056924614005,-1.0,-1.8369701987210297e-16
2023-10-05,2.9,0.10000000000000009,2.8166666666666664,2.7214285714285715,50.9,-3.6000000000000014,53.43333333333333,54.24285714285714,3.8,0.09999999999999964,3.733333333333334,3.65,266.0,0.0,266.3333333333333,272.0,8.2,0.0,8.2,8.2,9.6,-0.40000000000000036,10.06666666666667,10.6,9.4,0.09999999999999964,9.266666666666666,9.128571428571428,4.2,465,2.0,516.1428571428571,2.996979,2.995798333333333,3.10183,1926.9333333333334,993.0666666666668,0.0,0.0,0.0,0.02,0.00666666666666663,0.002857142857142857,80.0,0.0,-0.9975590477788613,0.06982797572987089,-1.0,-1.8369701987210297e-16
2023-10-06,2.8,-0.10000000000000009,2.8333333333333335,2.75,54.0,3.1000000000000014,53.13333333333333,54.31428571428571,3.8,0.0,3.766666666666666,3.6714285714285713,266.0,0.0,266.0,270.14285714285717,8.2,0.0,8.2,8.2,8.8,-0.7999999999999989,9.466666666666669,10.328571428571427,9.6,0.1999999999999993,9.433333333333334,9.200000000000001,4.2,463,-2.0,498.0,2.992291,2.993541333333333,3.064553142857143,1875.7999999999997,1001.9333333333332,0.0,0.0,0.0,0.0,0.00666666666666663,0.002857142857142857,67.0,0.0,-0.9962102997023297,0.0869772313136861,-1.0,-1.8369701987210297e-16
2023-10-07,2.8,0.0,2.8333333333333335,2.7785714285714285,56.3,2.299999999999997,53.73333333333333,54.5,3.8,0.0,3.8,3.7285714285714286,264.0,-2.0,265.3333333333333,268.2857142857143,8.2,0.0,8.2,8.2,8.8,0.0,9.06666666666667,10.085714285714285,9.6,0.0,9.533333333333333,9.271428571428572,4.2,456,-7.0,479.0,2.97625,2.9885066666666664,3.0251632857142856,1820.1999999999998,1003.1999999999999,0.0,0.0,0.0,0.0,0.00666666666666663,0.002857142857142857,68.0,0.0,-0.9945667569706337,0.1041007489354256,-1.0,-1.8369701987210297e-16
2023-10-08,3.0,0.20000000000000018,2.8666666666666667,2.8214285714285716,58.2,1.9000000000000057,56.166666666666664,54.957142857142856,3.5,-0.2999999999999998,3.6999999999999997,3.7285714285714286,263.0,-1.0,264.3333333333333,266.2857142857143,8.2,0.0,8.2,8.2,9.4,0.5999999999999996,9.000000000000002,9.814285714285715,9.4,-0.1999999999999993,9.533333333333333,9.328571428571431,4.0,435,-21.0,458.7142857142857,2.928541,2.9656939999999996,2.982574,1697.242857142857,973.0999999999999,0.0,0.0,0.0,0.0,0.0,0.002857142857142857,68.0,0.0,-0.9926289059345095,0.121193461470736,-1.0,-1.8369701987210297e-16
2023-10-09,3.0,0.0,2.9333333333333336,2.864285714285714,58.2,0.0,57.56666666666666,55.285714285714285,3.1,-0.3999999999999999,3.466666666666667,3.628571428571429,263.0,0.0,263.3333333333333,265.0,8.3,0.10000000000000142,8.233333333333333,8.214285714285714,9.4,0.0,9.200000000000003,9.514285714285716,9.3,-0.09999999999999964,9.433333333333334,9.385714285714286,3.6,385,-50.0,447.57142857142856,2.809583,2.9047913333333333,2.9562942857142858,1551.5809523809523,911.7333333333333,0.0,0.0,0.0,0.0,0.0,0.002857142857142857,52.0,0.0,-0.9903973200352558,0.1382503109109819,-1.0,-1.8369701987210297e-16
2023-10-10,3.0,0.0,3.0,2.8999999999999995,56.0,-2.200000000000003,57.46666666666667,55.44285714285714,3.0,-0.10000000000000009,3.1999999999999997,3.528571428571429,264.0,1.0,263.3333333333333,264.57142857142856,8.2,-0.10000000000000142,8.233333333333333,8.214285714285714,9.2,-0.20000000000000107,9.333333333333336,9.314285714285715,9.3,0.0,9.333333333333334,9.414285714285715,3.5,381,-4.0,435.42857142857144,2.799062,2.8457286666666666,2.9277228571428573,1393.3714285714284,844.8,0.0,0.0,0.0,0.0,0.0,0.002857142857142857,69.0,0.0,-0.9878726596350429,0.15526624985999563,-1.0,-1.8369701987210297e-16
2023-10-11,3.0,0.0,3.0,2.9285714285714284,55.4,-0.6000000000000014,56.53333333333333,55.57142857142857,2.8,-0.20000000000000018,2.9666666666666663,3.3999999999999995,263.0,-1.0,263.3333333333333,264.14285714285717,8.3,0.10000000000000142,8.266666666666667,8.228571428571428,9.3,0.10000000000000142,9.300000000000002,9.214285714285714,9.2,-0.10000000000000142,9.266666666666667,9.4,3.1,386,5.0,424.42857142857144,2.811041,2.806562,2.901963857142857,1259.138095238095,780.2333333333332,0.1,0.1,0.014285714285714287,0.0,0.0,0.002857142857142857,74.0,0.0,-0.9850556718215013,0.172236243027682,-1.0,-1.8369701987210297e-16
2023-10-12,3.0,0.0,3.0,2.9428571428571426,53.2,-2.1999999999999957,54.866666666666674,55.9,,,2.8999999999999995,3.3333333333333335,264.0,1.0,263.6666666666667,263.85714285714283,8.2,-0.10000000000000142,8.233333333333333,8.228571428571428,8.6,-0.7000000000000011,9.033333333333337,9.071428571428571,9.4,0.20000000000000107,9.299999999999999,9.4,3.3,434,48.0,420.0,2.92677,2.8456243333333333,2.891934,1217.9999999999998,765.5999999999999,0.2,0.1,0.042857142857142864,0.0,0.0,0.0,76.0,0.0,-0.981947190186646,0.18915526872004093,-1.0,-1.8369701987210297e-16
2023-10-13,3.0,0.0,3.0,2.9714285714285715,55.0,1.7999999999999972,54.53333333333334,56.042857142857144,3.0,,2.9,3.1999999999999997,264.0,0.0,263.6666666666667,263.57142857142856,8.2,0.0,8.233333333333333,8.228571428571428,7.9,-0.6999999999999993,8.600000000000001,8.942857142857143,9.7,0.29999999999999893,9.433333333333332,9.414285714285715,3.5,427,-7.0,414.85714285714283,2.910729,2.882846666666666,2.880282285714286,1203.0857142857142,765.6,0.3,0.09999999999999998,0.08571428571428572,0.0,0.0,0.0,76.0,0.0,-0.9785481345802031,0.20601832032517084,-1.0,-1.8369701987210297e-16
2023-10-14,3.0,0.0,3.0,3.0,54.2,-0.7999999999999972,54.13333333333333,55.74285714285715,2.9,-0.10000000000000009,2.95,3.0500000000000003,267.0,3.0,265.0,264.0,8.2,0.0,8.2,8.228571428571428,6.1,-1.8000000000000007,7.533333333333336,8.557142857142857,10.3,0.6000000000000014,9.799999999999999,9.514285714285714,3.2,388,-39.0,405.14285714285717,2.817604,2.8850343333333335,2.8576185714285716,1195.1714285714288,787.6500000000001,0.3,0.0,0.12857142857142856,0.12,0.03999999999999996,0.017142857142857144,74.0,0.0,-0.9748595108374125,0.22282040779479959,-1.0,-1.8369701987210297e-16
2023-10-15,3.0,0.0,3.0,3.0,54.3,0.09999999999999432,54.5,55.18571428571429,2.9,0.0,2.9333333333333336,2.9499999999999997,264.0,-3.0,265.0,264.14285714285717,8.2,0.0,8.2,8.228571428571428,6.5,0.40000000000000036,6.833333333333336,8.142857142857142,10.2,-0.10000000000000142,10.066666666666668,9.62857142857143,3.2,382,-6.0,397.57142857142856,2.80302,2.8437843333333337,2.839687,1166.209523809524,774.4000000000001,0.2,-0.09999999999999998,0.15714285714285717,0.02,0.04666666666666663,0.019999999999999997,57.0,0.0,-0.9708824104813836,0.23955655912092708,-1.0,-1.8369701987210297e-16
2023-10-16,2.9,-0.10000000000000009,2.9666666666666663,2.9857142857142853,55.5,1.2000000000000028,54.666666666666664,54.8,2.8,-0.10000000000000009,2.8666666666666667,2.9,265.0,1.0,265.3333333333333,264.42857142857144,8.1,-0.09999999999999964,8.166666666666666,8.2,7.5,1.0,6.700000000000003,7.871428571428572,9.9,-0.29999999999999893,10.133333333333333,9.714285714285714,3.2,361,-21.0,394.14285714285717,2.749895,2.7901730000000007,2.8311601428571427,1129.8761904761905,759.6666666666666,0.0,-0.2,0.15714285714285717,0.0,0.04666666666666663,0.019999999999999997,52.0,0.0,-0.9666180104000972,0.2562218218071163,-1.0,-1.8369701987210297e-16
2023-10-17,2.9,0.0,2.933333333333333,2.9714285714285715,55.5,0.0,55.1,54.72857142857142,2.7,-0.09999999999999964,2.7999999999999994,2.85,265.0,0.0,264.6666666666667,264.57142857142856,8.1,0.0,8.133333333333333,8.185714285714285,8.1,0.5999999999999996,7.36666666666667,7.714285714285714,9.6,-0.3000000000000007,9.9,9.757142857142856,3.5,364,3.0,391.7142857142857,2.757187,2.7700340000000003,2.825178,1096.7999999999997,741.9999999999999,0.0,0.0,0.15714285714285717,0.0,0.00666666666666663,0.019999999999999997,53.0,0.0,-0.9620675724981452,0.27281126433401914,-1.0,-1.8369701987210297e-16
2023-10-18,2.8,-0.10000000000000009,2.8666666666666667,2.942857142857143,54.0,-1.5,55.0,54.528571428571425,3.1,0.3999999999999999,2.8666666666666667,2.9,266.0,1.0,265.3333333333333,265.0,8.1,0.0,8.1,8.157142857142857,8.4,0.3000000000000007,8.000000000000002,7.585714285714286,9.6,0.0,9.7,9.814285714285713,3.9,389,25.0,392.14285714285717,2.81875,2.7752773333333334,2.8262792857142855,1124.1428571428573,762.5333333333333,0.0,0.0,0.14285714285714285,0.0,0.0,0.019999999999999997,62.0,0.0,-0.957232443323312,0.28931997761869527,-1.0,-1.8369701987210297e-16
2023-10-19,2.8,0.0,2.8333333333333335,2.914285714285714,53.5,-0.5,54.333333333333336,54.57142857142857,2.8,-0.30000000000000027,2.8666666666666667,2.8857142857142857,266.0,0.0,265.6666666666667,265.2857142857143,8.1,0.0,8.1,8.142857142857142,8.0,-0.40000000000000036,8.16666666666667,7.5,9.7,0.09999999999999964,9.633333333333333,9.857142857142858,3.2,389,0.0,385.7142857142857,2.820416,2.7987843333333333,2.811085857142857,1105.7142857142858,762.5333333333333,0.0,0.0,0.11428571428571428,0.0,0.0,0.019999999999999997,73.0,0.0,-0.9521140536681102,0.3057430764672831,-1.0,-1.8369701987210297e-16
2023-10-20,2.7,-0.09999999999999964,2.766666666666666,2.8714285714285714,53.0,-0.5,53.5,54.285714285714285,2.8,0.0,2.9,2.857142857142857,267.0,1.0,266.3333333333333,265.7142857142857,8.1,0.0,8.1,8.128571428571428,7.7,-0.2999999999999998,8.033333333333335,7.471428571428572,9.8,0.10000000000000142,9.7,9.87142857142857,6.1,391,2.0,380.57142857142856,2.825416,2.8215273333333335,2.798898285714286,1103.6571428571428,774.3,0.0,0.0,0.07142857142857142,0.0,0.0,0.019999999999999997,80.0,0.0,-0.9467139181463862,0.3220757010206104,-1.0,-1.8369701987210297e-16
2023-10-21,2.7,0.0,2.733333333333334,2.8285714285714287,51.0,-2.0,52.5,53.82857142857142,5.1,2.3,3.5666666666666664,3.1714285714285713,270.0,3.0,267.6666666666667,266.14285714285717,8.1,0.0,8.1,8.114285714285714,7.4,-0.2999999999999998,7.700000000000003,7.6571428571428575,9.8,0.0,9.766666666666667,9.799999999999999,7.5,458,67.0,390.57142857142856,2.9825,2.876110666666667,2.822454857142857,1393.0380952380951,962.9999999999999,0.0,0.0,0.028571428571428574,0.0,0.0,0.002857142857142857,69.0,0.0,-0.9410336347451197,0.3383130181923076,-1.0,-1.8369701987210297e-16
2023-10-22,2.6,-0.10000000000000009,2.6666666666666665,2.7714285714285714,50.4,-0.6000000000000014,51.46666666666667,53.27142857142858,3.7,-1.3999999999999995,3.866666666666666,3.2857142857142856,271.0,1.0,269.3333333333333,267.14285714285717,8.0,-0.09999999999999964,8.066666666666666,8.085714285714285,7.4,0.0,7.500000000000003,7.785714285714286,9.8,0.0,9.8,9.742857142857144,4.3,425,-33.0,396.7142857142857,2.903854,2.9039233333333336,2.8368597142857146,1533.9619047619044,1047.8666666666663,0.0,0.0,0.0,0.0,0.0,0.0,78.0,0.0,-0.9350748843515574,0.3544502230989869,-1.0,-1.8369701987210297e-16
2023-10-23,2.5,-0.10000000000000009,2.6,2.7142857142857144,48.5,-1.8999999999999986,49.96666666666667,52.27142857142858,2.6,-1.1,3.8000000000000003,3.257142857142857,268.0,-3.0,269.6666666666667,267.57142857142856,8.0,0.0,8.033333333333333,8.071428571428571,7.3,-0.10000000000000053,7.36666666666667,7.757142857142857,9.8,0.0,9.8,9.728571428571428,3.3,342,-83.0,394.0,2.700833,2.8623956666666666,2.8298508571428576,1497.2,1018.4000000000001,0.0,0.0,0.0,0.0,0.0,0.0,82.0,0.0,-0.9288394302558068,0.3704825404820963,-1.0,-1.8369701987210297e-16
2023-10-24,2.5,0.0,2.533333333333333,2.6571428571428575,50.0,1.5,49.63333333333333,51.48571428571429,2.6,0.0,2.966666666666667,3.2428571428571433,269.0,1.0,269.3333333333333,268.14285714285717,8.0,0.0,8.0,8.057142857142859,7.0,-0.2999999999999998,7.233333333333335,7.6000000000000005,9.9,0.09999999999999964,9.833333333333334,9.771428571428572,2.8,338,-4.0,390.2857142857143,2.688958,2.7645483333333334,2.820103857142857,1157.847619047619,798.0333333333334,0.0,0.0,0.0,0.0,0.0,0.0,76.0,0.0,-0.9223291176290545,0.3864052261209853,-1.0,-1.8369701987210297e-16
2023-10-25,2.4,-0.10000000000000009,2.466666666666667,2.6,50.0,0.0,49.5,50.91428571428572,2.5,-0.10000000000000009,2.566666666666667,3.1571428571428575,269.0,0.0,268.6666666666667,268.57142857142856,8.0,0.0,8.0,8.042857142857143,7.7,0.7000000000000002,7.333333333333336,7.5,9.7,-0.20000000000000107,9.799999999999999,9.785714285714286,3.7,330,-8.0,381.85714285714283,2.666145,2.6853119999999997,2.798303142857143,980.1,690.4333333333334,0.0,0.0,0.0,0.0,0.0,0.0,72.0,0.0,-0.9155458729775467,0.40221356823680365,-1.0,-1.8369701987210297e-16
2023-10-26,2.5,0.10000000000000009,2.466666666666667,2.557142857142857,50.5,0.5,50.166666666666664,50.48571428571429,3.4,0.8999999999999999,2.8333333333333335,3.242857142857143,262.0,-7.0,266.6666666666667,268.0,8.1,0.09999999999999964,8.033333333333333,8.042857142857143,8.0,0.2999999999999998,7.566666666666669,7.5,9.6,-0.09999999999999964,9.733333333333333,9.771428571428572,5.2,330,0.0,373.42857142857144,2.666979,2.6740273333333335,2.776383571428571,1058.047619047619,742.3333333333334,0.0,0.0,0.0,0.0,0.0,0.0,79.0,0.0,-0.9084917035725082,0.41790288888678667,-1.0,-1.8369701987210297e-16
2023-10-27,2.3,-0.20000000000000018,2.4,2.5,50.0,-0.5,50.166666666666664,50.057142857142864,3.2,-0.19999999999999973,3.033333333333333,3.3,256.0,-6.0,262.3333333333333,266.42857142857144,8.2,0.09999999999999964,8.1,8.057142857142857,7.7,-0.2999999999999998,7.800000000000002,7.5,9.7,0.09999999999999964,9.666666666666666,9.757142857142856,3.6,328,-2.0,364.42857142857144,2.661562,2.6648953333333334,2.752975857142857,1105.4333333333334,776.5333333333333,0.0,0.0,0.0,0.02,0.00666666666666663,0.002857142857142857,68.0,0.0,-0.9011686968561569,0.4334685453485363,-1.0,-1.8369701987210297e-16
2023-10-28,2.4,0.10000000000000009,2.4,2.457142857142857,47.0,-3.0,49.166666666666664,49.48571428571429,3.3,0.09999999999999964,3.3000000000000003,3.042857142857143,254.0,-2.0,257.3333333333333,264.14285714285717,8.1,-0.09999999999999964,8.133333333333333,8.057142857142855,4.3,-3.4000000000000004,6.666666666666669,7.057142857142857,10.7,1.0,9.999999999999998,9.885714285714286,3.6,317,-11.0,344.2857142857143,2.631458,2.653333,2.702827,1136.142857142857,838.2,0.8,0.8,0.1142857142857143,0.0,0.00666666666666663,0.002857142857142857,70.0,0.0,-0.8935790198239952,0.4489059314938798,-1.0,-1.8369701987210297e-16
2023-10-29,2.3,-0.10000000000000009,2.333333333333333,2.414285714285714,47.0,0.0,48.0,49.0,3.4,0.10000000000000009,3.2999999999999994,3.0,250.0,-4.0,253.33333333333334,261.14285714285717,8.2,0.09999999999999964,8.166666666666666,8.085714285714285,2.4,-1.9,4.8000000000000025,6.3428571428571425,11.4,0.7000000000000011,10.6,10.114285714285714,4.3,320,3.0,329.2857142857143,2.64,2.64434,2.6651335714285715,1086.6428571428569,824.9999999999999,1.0,0.19999999999999996,0.2571428571428572,0.01,0.009999999999999962,0.004285714285714286,55.0,0.0,-0.8857249183835637,0.4642104791518923,-1.0,-1.8369701987210297e-16
2023-10-30,2.4,0.10000000000000009,2.3666666666666667,2.4,47.3,0.29999999999999716,47.099999999999994,48.82857142857142,4.0,0.6000000000000001,3.5666666666666664,3.1999999999999997,264.0,14.0,256.0,260.57142857142856,8.1,-0.09999999999999964,8.133333333333333,8.1,0.4,-2.0,2.366666666666669,5.357142857142856,,,11.049999999999999,10.166666666666666,5.1,242,-78.0,315.0,2.406979,2.559479,2.6231544285714286,1123.5,941.5999999999999,1.1,0.10000000000000009,0.4142857142857143,0.0,0.0033333333333332963,0.004285714285714286,42.0,0.0,-0.8776087166898392,0.4793776594606945,-1.0,-1.8369701987210297e-16
2023-10-31,2.5,0.10000000000000009,2.4,2.4,47.5,0.20000000000000284,47.26666666666666,48.47142857142857,3.1,-0.8999999999999999,3.5,3.2714285714285714,263.0,-1.0,259.0,259.7142857142857,8.1,0.0,8.133333333333333,8.114285714285714,1.4,0.9999999999999999,1.4000000000000021,4.557142857142857,11.5,,11.45,10.433333333333332,4.0,248,6.0,302.14285714285717,2.425833,2.4909373333333336,2.585565142857143,1057.5,920.5,1.2,0.09999999999999987,0.5857142857142856,0.5,0.16999999999999996,0.07571428571428572,28.0,6.0,-0.8692328164574792,0.49440298420761813,-1.0,-1.8369701987210297e-16
2023-11-01,2.5,0.0,2.466666666666667,2.414285714285714,48.0,0.5,47.599999999999994,48.185714285714276,3.1,0.0,3.4,3.357142857142857,256.0,-7.0,261.0,257.85714285714283,8.1,0.0,8.1,8.128571428571428,2.7,1.3000000000000003,1.5000000000000024,3.8428571428571425,11.1,-0.40000000000000036,11.3,10.666666666666666,3.7,261,13.0,292.2857142857143,2.465833,2.432881666666667,2.556949142857143,993.7714285714285,870.4,1.2,0.0,0.7571428571428571,0.09,0.19666666666666663,0.08857142857142856,28.0,2.0,-0.8605996962501181,0.5092820071573356,-0.8660254037844386,0.5000000000000001
2023-11-02,2.5,0.0,2.5,2.414285714285714,48.8,0.7999999999999972,48.1,47.942857142857136,2.7,-0.3999999999999999,2.966666666666667,3.257142857142857,252.0,-4.0,257.0,256.42857142857144,8.2,0.09999999999999964,8.133333333333333,8.142857142857142,4.7,2.0,2.933333333333336,3.3714285714285714,10.6,-0.5,11.066666666666668,10.833333333333334,3.2,265,4.0,283.0,2.478229,2.4566316666666665,2.529984857142857,839.5666666666667,747.6,1.2,0.0,0.9285714285714286,0.0,0.19666666666666663,0.08857142857142856,44.0,0.0,-0.8517119107469189,0.5240103253675756,-0.8660254037844386,0.5000000000000001
2023-11-03,2.5,0.0,2.5,2.442857142857143,49.6,0.8000000000000043,48.800000000000004,47.885714285714286,2.6,-0.10000000000000009,2.8000000000000003,3.1714285714285717,250.0,-2.0,252.66666666666666,255.57142857142858,8.1,-0.09999999999999964,8.133333333333333,8.128571428571428,5.7,1.0,4.36666666666667,3.085714285714286,10.3,-0.29999999999999893,10.666666666666666,10.933333333333332,3.1,205,-60.0,265.42857142857144,2.2925,2.4121873333333332,2.477261714285714,743.2000000000002,700.0000000000001,1.2,0.0,1.1,0.0,0.02999999999999996,0.08571428571428572,50.0,0.0,-0.8425720899866032,0.5385835804920232,-0.8660254037844386,0.5000000000000001
2023-11-04,2.6,0.10000000000000009,2.533333333333333,2.4714285714285715,48.5,-1.1000000000000014,48.96666666666667,48.1,2.7,0.10000000000000009,2.6666666666666665,3.085714285714286,252.0,2.0,251.33333333333334,255.28571428571428,8.1,0.0,8.133333333333333,8.128571428571428,5.5,-0.20000000000000018,5.300000000000003,3.257142857142857,10.3,0.0,10.4,10.866666666666667,3.3,168,-37.0,244.14285714285714,2.167187,2.3126386666666665,2.410937285714286,651.047619047619,672.0,1.2,0.0,1.157142857142857,0.0,0.0,0.08571428571428572,61.0,0.0,-0.8331829385891785,0.5529974600700271,-0.8660254037844386,0.5000000000000001
2023-11-05,2.5,-0.10000000000000009,2.533333333333333,2.5,49.0,0.5,49.03333333333333,48.385714285714286,2.6,-0.10000000000000009,2.6333333333333333,2.971428571428572,243.0,-9.0,248.33333333333334,254.28571428571428,8.2,0.09999999999999964,8.133333333333333,8.128571428571428,5.6,0.09999999999999964,5.600000000000002,3.7142857142857144,10.2,-0.10000000000000142,10.266666666666667,10.666666666666666,2.9,151,-17.0,220.0,2.101979,2.187222,2.334077142857143,579.3333333333334,639.9,1.2,0.0,1.1857142857142857,0.0,0.0,0.08428571428571428,67.0,0.0,-0.8235472349556007,0.5672476988027229,-0.8660254037844386,0.5000000000000001
2023-11-06,2.6,0.10000000000000009,2.5666666666666664,2.5285714285714285,49.0,0.0,48.833333333333336,48.62857142857143,,,2.6500000000000004,2.8000000000000007,,,247.5,252.66666666666666,8.1,-0.09999999999999964,8.133333333333333,8.128571428571428,5.4,-0.1999999999999993,5.500000000000003,4.428571428571429,10.2,0.0,10.233333333333333,10.6,,150,-1.0,206.85714285714286,2.095625,2.121597,2.2895980000000002,548.1714285714287,,1.2,0.0,1.2,0.0,0.0,0.08428571428571428,70.0,0.0,-0.8136678304455991,0.5813300798152042,-0.8660254037844386,0.5000000000000001
2023-11-07,2.6,0.0,2.566666666666667,2.542857142857143,51.0,2.0,49.666666666666664,49.12857142857143,,,,2.7400000000000007,,,,250.6,,,8.149999999999999,8.133333333333333,,,5.5000000000000036,4.933333333333334,,,10.2,10.450000000000001,,144,-6.0,192.0,2.072083,2.0898956666666666,2.2390622857142857,,,1.2,0.0,1.2,0.0,0.0,0.012857142857142857,66.0,0.0,-0.8035476485339116,0.5952404359043674,-0.8660254037844386,0.5000000000000001
2023-11-08,2.5,-0.10000000000000009,2.566666666666667,2.542857142857143,50.3,-0.7000000000000028,50.1,49.45714285714286,,,,2.650000000000001,,,,249.25,7.8,,7.949999999999999,8.083333333333334,,,,5.380000000000001,,,,10.32,5.2,173,29.0,179.42857142857142,2.186562,2.11809,2.1991664285714285,,,1.3,0.10000000000000009,1.2142857142857142,0.0,0.0,0.0,77.0,0.0,-0.7931896839451843,0.6089746507720486,-0.8660254037844386,0.5000000000000001
2023-11-09,2.5,0.0,2.533333333333333,2.542857142857143,49.4,-0.8999999999999986,50.23333333333333,49.542857142857144,3.4,,,2.825,260.0,,,251.25,8.0,0.20000000000000018,7.8999999999999995,8.049999999999999,3.8,,,5.2,10.6,,,10.319999999999999,4.6,209,36.0,171.42857142857142,2.32177,2.1934716666666665,2.176815142857143,,,1.3,0.0,1.2285714285714284,0.0,0.0,0.0,71.0,0.0,-0.7825970017677834,0.6225286602431057,-0.8660254037844386,0.5000000000000001
2023-11-10,2.5,0.0,2.5,2.542857142857143,50.5,1.1000000000000014,50.06666666666666,49.67142857142857,3.0,-0.3999999999999999,3.2,2.9250000000000003,267.0,7.0,263.5,255.5,8.0,0.0,7.933333333333333,8.033333333333333,2.3,-1.5,3.0500000000000034,4.52,11.1,0.5,10.85,10.48,3.6,197,-12.0,170.28571428571428,2.279166,2.262499333333333,2.1749102857142857,544.9142857142857,854.4000000000001,1.3,0.0,1.2428571428571427,0.0,0.0,0.0,75.0,0.0,-0.7717727365467837,0.6358984534680745,-0.8660254037844386,0.5000000000000001
2023-11-11,2.6,0.10000000000000009,2.533333333333333,2.542857142857143,51.0,0.5,50.300000000000004,50.028571428571425,3.2,0.20000000000000018,3.1999999999999997,3.0500000000000003,270.0,3.0,265.6666666666667,260.0,8.0,0.0,8.0,8.016666666666667,2.0,-0.2999999999999998,2.7000000000000024,3.8199999999999994,11.2,0.09999999999999964,10.966666666666667,10.66,3.7,202,5.0,175.14285714285714,2.298854,2.29993,2.1937198571428573,560.4571428571428,863.9999999999999,1.3,0.0,1.2571428571428573,0.34,0.1133333333333333,0.04857142857142858,44.0,0.0,-0.7607200913564104,0.6490800741100398,-0.8660254037844386,0.5000000000000001
2023-11-12,2.5,-0.10000000000000009,2.533333333333333,2.542857142857143,50.5,-0.5,50.666666666666664,50.24285714285714,3.0,-0.20000000000000018,3.0666666666666664,3.1500000000000004,265.0,-5.0,267.3333333333333,265.5,8.0,0.0,8.0,7.983333333333333,2.1,0.10000000000000009,2.133333333333336,3.12,11.2,0.0,11.166666666666666,10.86,3.5,208,6.0,183.28571428571428,2.317395,2.2984716666666665,2.2244935714285714,562.0761904761904,812.6666666666666,1.4,0.09999999999999987,1.2857142857142858,0.0,0.1133333333333333,0.04857142857142858,44.0,0.0,-0.7494423368521953,0.6620696215153815,-0.8660254037844386,0.5000000000000001
2023-11-13,2.5,0.0,2.533333333333333,2.5285714285714285,50.5,0.0,50.666666666666664,50.457142857142856,3.8,0.7999999999999998,3.3333333333333335,3.2800000000000002,253.0,-12.0,262.6666666666667,263.0,8.0,0.0,8.0,7.966666666666666,2.5,0.3999999999999999,2.2000000000000024,2.54,11.1,-0.09999999999999964,11.166666666666666,11.04,4.2,228,20.0,194.42857142857142,2.389895,2.3353813333333333,2.266532142857143,648.0952380952381,843.3333333333334,1.4,0.0,1.3142857142857143,0.0,0.1133333333333333,0.04857142857142858,50.0,0.0,-0.7379428103031386,0.6748632518680403,-0.8660254037844386,0.5000000000000001
2023-11-14,2.5,0.0,2.5,2.5142857142857147,51.0,0.5,50.666666666666664,50.457142857142856,3.1,-0.6999999999999997,3.3000000000000003,3.25,241.0,-12.0,253.0,259.3333333333333,7.9,-0.09999999999999964,7.966666666666666,7.957142857142856,3.0,0.5,2.5333333333333354,2.6166666666666667,10.9,-0.1999999999999993,11.066666666666668,11.016666666666666,3.6,215,-13.0,204.57142857142858,2.343645,2.350311666666667,2.3053267142857146,675.0857142857144,795.3000000000001,1.4,0.0,1.342857142857143,0.0,0.0,0.04857142857142858,58.0,0.0,-0.7262249146041543,0.6874571793269664,-0.8660254037844386,0.5000000000000001
2023-11-15,2.5,0.0,2.5,2.5142857142857147,50.0,-1.0,50.5,50.41428571428571,3.2,0.10000000000000009,3.366666666666667,3.2428571428571433,239.0,-2.0,244.33333333333334,256.42857142857144,7.9,0.0,7.933333333333333,7.971428571428571,2.6,-0.3999999999999999,2.700000000000003,2.614285714285714,11.1,0.1999999999999993,11.033333333333333,11.028571428571427,3.8,216,1.0,210.71428571428572,2.348125,2.360555,2.328407142857143,709.404761904762,804.6333333333334,1.4,0.0,1.3571428571428572,0.0,0.0,0.04857142857142858,60.0,0.0,-0.7142921172691032,0.699847677146407,-0.8660254037844386,0.5000000000000001
2023-11-16,2.5,0.0,2.5,2.5142857142857147,52.5,2.5,51.166666666666664,50.857142857142854,3.4,0.19999999999999973,3.233333333333333,3.2428571428571433,236.0,-3.0,238.66666666666666,253.0,7.9,0.0,7.9,7.957142857142857,3.9,1.2999999999999998,3.166666666666669,2.6285714285714286,10.6,-0.5,10.866666666666665,11.028571428571428,3.8,220,4.0,212.28571428571428,2.362187,2.351319,2.334181,686.3904761904761,763.0666666666666,1.4,0.0,1.3714285714285714,0.0,0.0,0.04857142857142858,66.0,0.0,-0.7021479494046978,0.7120310787787131,-0.8660254037844386,0.5000000000000001
2023-11-17,2.5,0.0,2.5,2.5142857142857147,50.5,-2.0,51.0,50.857142857142854,3.2,-0.19999999999999973,3.266666666666667,3.271428571428572,235.0,-1.0,236.66666666666666,248.42857142857142,7.9,0.0,7.9,7.942857142857143,3.8,-0.10000000000000009,3.433333333333336,2.8428571428571425,10.6,0.0,10.766666666666666,10.957142857142856,3.5,219,-1.0,215.42857142857142,2.356354,2.3555553333333332,2.345207857142857,703.7333333333333,767.6666666666667,1.4,0.0,1.3857142857142857,0.0,0.0,0.04857142857142858,66.0,0.0,-0.6897960046655887,0.7240037789593305,-0.8660254037844386,0.5000000000000001
2023-11-18,2.4,-0.10000000000000009,2.466666666666667,2.4857142857142853,50.0,-0.5,51.0,50.714285714285715,3.2,0.0,3.266666666666667,3.2714285714285714,237.0,2.0,236.0,243.71428571428572,7.9,0.0,7.9,7.928571428571429,3.0,-0.7999999999999998,3.5666666666666687,2.9857142857142853,10.9,0.3000000000000007,10.699999999999998,10.914285714285715,3.5,214,-5.0,217.14285714285714,2.338645,2.3523953333333334,2.3508922857142855,709.3333333333334,774.2,1.4,0.0,1.4,0.0,0.0,0.0,59.0,0.0,-0.6772399381909491,0.7357622347736527,-0.8660254037844386,0.5000000000000001
2023-11-19,2.5,0.10000000000000009,2.466666666666667,2.4857142857142853,50.9,0.8999999999999986,50.46666666666666,50.771428571428565,3.3,0.09999999999999964,3.233333333333333,3.314285714285714,237.0,0.0,236.33333333333334,239.71428571428572,7.9,0.0,7.9,7.914285714285714,2.5,-0.5,3.100000000000002,3.042857142857143,11.0,0.09999999999999964,10.833333333333334,10.885714285714286,3.6,218,4.0,218.57142857142858,2.353125,2.3493746666666664,2.3559965714285718,706.7142857142857,766.3,1.6,0.20000000000000018,1.4285714285714286,0.0,0.0,0.0,69.0,0.0,-0.6644834655228552,0.7473029667054297,-0.8660254037844386,0.5000000000000001
2023-11-20,2.5,0.0,2.466666666666667,2.4857142857142853,51.5,0.6000000000000014,50.79999999999999,50.91428571428571,3.3,0.0,3.266666666666667,3.2428571428571433,234.0,-3.0,236.0,237.0,7.8,-0.10000000000000053,7.866666666666666,7.885714285714286,3.0,0.5,2.8333333333333357,3.1142857142857143,10.9,-0.09999999999999964,10.933333333333332,10.857142857142858,3.6,220,2.0,217.42857142857142,2.361979,2.3512496666666665,2.3520085714285712,710.2666666666668,764.4000000000001,1.7,0.09999999999999987,1.4714285714285713,0.0,0.0,0.0,63.0,0.0,-0.6515303615068021,0.75862255966641,-0.8660254037844386,0.5000000000000001
2023-11-21,2.4,-0.10000000000000009,2.466666666666667,2.4714285714285715,50.0,-1.5,50.79999999999999,50.771428571428565,3.0,-0.2999999999999998,3.1999999999999997,3.2285714285714286,249.0,15.0,240.0,238.14285714285714,7.9,0.10000000000000053,7.866666666666667,7.885714285714286,3.2,0.20000000000000018,2.9000000000000026,3.142857142857143,11.0,0.09999999999999964,10.966666666666667,10.87142857142857,3.1,194,-26.0,214.42857142857142,2.266458,2.3271873333333333,2.3409818571428573,686.1714285714285,796.8,1.7,0.0,1.5142857142857142,0.0,0.0,0.0,60.0,0.0,-0.6383844591746642,0.769717664006921,-0.8660254037844386,0.5000000000000001
2023-11-22,2.4,0.0,2.433333333333333,2.457142857142857,50.0,0.0,50.5,50.771428571428565,2.8,-0.20000000000000018,3.033333333333333,3.1714285714285717,272.0,23.0,251.66666666666666,242.85714285714286,7.9,0.0,7.866666666666666,7.885714285714286,1.9,-1.3000000000000003,2.700000000000003,3.042857142857143,11.3,0.3000000000000007,11.066666666666668,10.900000000000002,3.1,161,-33.0,206.57142857142858,2.139375,2.2559373333333332,2.3111604285714287,626.6,825.0666666666666,1.7,0.0,1.5571428571428572,0.04,0.013333333333333296,0.005714285714285714,47.0,0.0,-0.6250496486104377,0.7805849965070866,-0.8660254037844386,0.5000000000000001
2023-11-23,2.4,0.0,2.4,2.442857142857143,50.5,0.5,50.166666666666664,50.48571428571428,3.4,0.6000000000000001,3.0666666666666664,3.1714285714285713,260.0,-12.0,260.3333333333333,246.28571428571428,7.9,0.0,7.9,7.885714285714286,1.5,-0.3999999999999999,2.2000000000000024,2.7,11.4,0.09999999999999964,11.233333333333334,11.014285714285714,4.8,177,16.0,200.42857142857142,2.202083,2.2026386666666666,2.2882884285714282,614.647619047619,797.3333333333333,1.8,0.10000000000000009,1.6142857142857143,0.16,0.06666666666666664,0.028571428571428574,41.0,0.0,-0.6115298757991053,0.7912213413483807,-0.8660254037844386,0.5000000000000001
2023-11-24,2.4,0.0,2.4,2.4285714285714284,54.5,4.0,51.666666666666664,51.05714285714286,4.3,0.8999999999999999,3.5,3.3285714285714287,273.0,13.0,268.3333333333333,251.71428571428572,8.0,0.09999999999999964,7.933333333333333,7.8999999999999995,1.3,-0.19999999999999996,1.566666666666669,2.342857142857143,11.4,0.0,11.366666666666667,11.12857142857143,5.3,230,53.0,202.0,2.397916,2.246458,2.2942258571428575,707.0,955.5,1.9,0.09999999999999987,1.6857142857142855,0.0,0.06666666666666664,0.028571428571428574,49.0,0.0,-0.5978291414589552,0.801623551065242,-0.8660254037844386,0.5000000000000001
2023-11-25,2.4,0.0,2.4,2.4285714285714284,49.5,-5.0,51.5,50.98571428571428,3.5,-0.7999999999999998,3.733333333333333,3.3714285714285714,282.0,9.0,271.6666666666667,258.14285714285717,8.0,0.0,7.966666666666666,7.9142857142857155,0.5,-0.8,1.1000000000000023,1.9857142857142858,11.7,0.29999999999999893,11.5,11.242857142857144,3.8,222,-8.0,203.14285714285714,2.370937,2.3236453333333333,2.298839,758.3999999999999,1052.8,2.0,0.10000000000000009,1.7714285714285711,0.0,0.053333333333333295,0.028571428571428574,61.0,0.0,-0.5839514998576998,0.8117885474764613,-0.8660254037844386,0.5000000000000001
2023-11-26,2.5,0.10000000000000009,2.433333333333333,2.4285714285714284,51.5,2.0,51.833333333333336,51.07142857142857,3.3,-0.20000000000000018,3.6999999999999997,3.3714285714285714,292.0,10.0,282.3333333333333,266.0,7.9,-0.09999999999999964,7.966666666666666,7.9142857142857155,0.0,-0.5,0.6000000000000024,1.6285714285714286,,,11.55,11.283333333333333,4.4,208,-14.0,201.71428571428572,2.320729,2.363194,2.2942110000000002,746.3428571428572,1080.3999999999999,2.0,0.0,1.8285714285714287,0.12,0.03999999999999996,0.045714285714285714,39.0,1.0,-0.5699010576127624,0.821713322596059,-0.8660254037844386,0.5000000000000001
2023-11-27,2.5,0.0,2.466666666666667,2.4285714285714284,53.5,2.0,51.5,51.357142857142854,3.3,0.0,3.3666666666666667,3.371428571428571,296.0,4.0,290.0,274.85714285714283,7.9,0.0,7.933333333333333,7.928571428571429,0.0,0.0,0.16666666666666904,1.2,,,,11.360000000000001,4.5,208,0.0,200.0,2.319166,2.3369440000000004,2.2880948571428568,673.3333333333334,996.5333333333333,2.0,0.0,1.8714285714285717,0.02,0.04666666666666663,0.04857142857142858,27.0,0.0,-0.5556819724760489,0.8313949395234058,-0.8660254037844386,0.5000000000000001
2023-11-28,2.6,0.10000000000000009,2.533333333333333,2.457142857142857,55.5,2.0,53.5,52.142857142857146,3.9,0.6000000000000001,3.5,3.5,292.0,-4.0,293.3333333333333,281.0,8.0,0.09999999999999964,7.933333333333333,7.942857142857143,0.2,0.2,0.06666666666666904,0.7714285714285714,,,,11.450000000000001,5.3,238,30.0,206.28571428571428,2.421666,2.353853666666667,2.3102674285714286,722.0,1022.0,2.0,0.0,1.9142857142857141,0.04,0.05999999999999996,0.054285714285714284,22.0,0.5,-0.5412984521036173,0.8408305333122887,-0.8660254037844386,0.5000000000000001
2023-11-29,2.5,-0.10000000000000009,2.533333333333333,2.4714285714285715,56.5,1.0,55.166666666666664,53.07142857142857,4.0,0.10000000000000009,3.733333333333333,3.6714285714285717,286.0,-6.0,291.3333333333333,283.0,8.0,0.0,7.966666666666666,7.957142857142857,0.9,0.7,0.3666666666666691,0.6285714285714287,11.5,,,11.5,5.1,247,9.0,218.57142857142858,2.483437,2.4080896666666667,2.359419142857143,816.0,1067.7333333333331,2.0,0.0,1.957142857142857,0.0,0.019999999999999962,0.04857142857142858,37.0,0.0,-0.5267547528105542,0.8500173118187018,-0.8660254037844386,0.5000000000000001
2023-11-30,2.6,0.10000000000000009,2.5666666666666664,2.5,56.5,0.0,56.166666666666664,53.92857142857143,3.6,-0.3999999999999999,3.8333333333333335,3.6999999999999997,282.0,-4.0,286.6666666666667,286.14285714285717,8.0,0.0,8.0,7.971428571428571,1.2,0.29999999999999993,0.7666666666666689,0.5857142857142856,11.4,-0.09999999999999964,11.45,11.5,4.3,229,-18.0,226.0,2.494062,2.466388333333333,2.4011304285714283,866.3333333333334,1081.0,2.1,0.10000000000000009,2.0,0.0,0.013333333333333294,0.025714285714285714,38.0,0.0,-0.5120551783114646,0.8589525565270845,-0.8660254037844386,0.5000000000000001
2023-12-01,2.5,-0.10000000000000009,2.533333333333333,2.5142857142857147,59.2,2.700000000000003,57.4,54.60000000000001,,,3.8,3.6,,,284.0,288.3333333333333,,,8.0,7.966666666666666,,,1.0500000000000034,0.4666666666666666,,,11.45,,,207,-22.0,222.71428571428572,2.415208,2.4642356666666667,2.4036007142857145,846.3142857142857,,2.1,0.0,2.028571428571429,0.0,0.0,0.025714285714285714,50.0,0.0,-0.4972040784469378,0.8676336233547726,-0.5000000000000004,0.8660254037844384
2023-12-02,2.6,0.10000000000000009,2.566666666666667,2.542857142857143,56.5,-2.700000000000003,57.4,55.60000000000001,,,,3.62,,,,289.6,,,,7.959999999999999,,,,0.45999999999999996,,,,,,189,-18.0,218.0,2.34802,2.4190966666666665,2.4003268571428573,,,2.4,0.2999999999999998,2.085714285714286,0.0,0.0,0.025714285714285714,51.0,0.0,-0.4822058478963526,0.8760579434344281,-0.5000000000000004,0.8660254037844384
2023-12-03,2.6,0.0,2.5666666666666664,2.557142857142857,57.5,1.0,57.73333333333333,56.45714285714286,,,,3.7,,,,289.0,,,,7.975,,,,0.575,,,,,,171,-18.0,212.71428571428572,2.278854,2.347360666666667,2.3943447142857144,,,3.0,0.6000000000000001,2.2285714285714286,0.0,0.0,0.008571428571428572,40.0,0.0,-0.46706492487743034,0.8842230238742036,-0.5000000000000004,0.8660254037844384
2023-12-04,2.6,0.0,2.6,2.5714285714285716,57.5,0.0,57.166666666666664,57.02857142857143,,,,,,,,,,,,,,,,,,,,,,157,-14.0,205.42857142857142,2.222395,2.2830896666666667,2.3805202857142858,,,3.0,0.0,2.3714285714285714,0.0,0.0,0.005714285714285713,41.0,0.0,-0.451785789832884,0.8921264484954345,-0.5000000000000004,0.8660254037844384
2023-12-05,2.5,-0.10000000000000009,2.566666666666667,2.557142857142857,57.0,-0.5,57.333333333333336,57.24285714285715,,,,,,,,,,,,,,,,,,,,,,191,34.0,198.71428571428572,2.357812,2.2863536666666664,2.3713982857142857,,,3.0,0.0,2.5142857142857147,0.0,0.0,0.0,40.0,0.0,-0.4363729641045924,0.8997658785476209,-0.5000000000000004,0.8660254037844384
2023-12-06,2.4,-0.10000000000000009,2.5,2.542857142857143,56.5,-0.5,57.0,57.24285714285715,,,,,,,,,,,,,,,,,,,,,,190,-1.0,190.57142857142858,2.35125,2.3104856666666667,2.3525144285714283,,,3.0,0.0,2.6571428571428575,0.02,0.00666666666666663,0.002857142857142857,36.0,0.0,-0.42083100859565564,0.9071390534005044,-0.5000000000000004,0.8660254037844384
2023-12-07,2.5,0.10000000000000009,2.466666666666667,2.5285714285714285,57.5,1.0,57.0,57.38571428571429,,,,,,,,,,,,,,,,,,,,,,189,-1.0,184.85714285714286,2.346979,2.3520136666666667,2.3315025714285715,,,3.0,0.0,2.7857142857142856,0.0,0.00666666666666663,0.002857142857142857,58.0,0.0,-0.4051645224207563,0.9142437912130223,-0.5000000000000004,0.8660254037844384
2023-12-08,2.5,0.0,2.466666666666667,2.5285714285714285,59.0,1.5,57.666666666666664,57.357142857142854,,,,,,,,,,,,,,,,,,,,,,191,2.0,182.57142857142858,2.356562,2.351597,2.3231245714285715,,,3.2,0.20000000000000018,2.9428571428571426,0.0,0.00666666666666663,0.002857142857142857,54.0,0.0,-0.3893781415452015,0.9210779895789526,-0.5000000000000004,0.8660254037844384
2023-12-09,2.4,-0.10000000000000009,2.4666666666666663,2.5,58.0,-1.0,58.166666666666664,57.57142857142857,,,,,,,,,,,,,,,,,,,,,,163,-28.0,178.85714285714286,2.24625,2.316597,2.3085860000000005,,,3.2,0.0,3.057142857142857,0.0,0.0,0.002857142857142857,57.0,0.0,-0.37347653741307074,0.9276396261490467,-0.5000000000000004,0.8660254037844384
2023-12-10,2.4,0.0,2.4333333333333336,2.4714285714285715,57.5,-0.5,58.166666666666664,57.57142857142857,,,,,,,,,,,,,,,,,,,,,,148,-15.0,175.57142857142858,2.184583,2.262465,2.295118714285714,,,3.4,0.19999999999999973,3.1142857142857143,0.0,0.0,0.002857142857142857,61.0,0.0,-0.3574644155648614,0.9339267592294762,-0.5000000000000004,0.8660254037844384
2023-12-11,2.4,0.0,2.4,2.442857142857143,57.0,-0.5,57.5,57.5,,,,,,,,,,,,,,,,,,,,,,159,11.0,175.85714285714286,2.231979,2.220937333333333,2.296487857142857,,,3.4,0.0,3.1714285714285713,0.6,0.19999999999999996,0.08857142857142856,41.0,8.0,-0.34134651424503615,0.9399375283564133,-0.5000000000000004,0.8660254037844384
2023-12-12,2.3,-0.10000000000000009,2.3666666666666667,2.414285714285714,57.0,0.0,57.166666666666664,57.5,,,,,,,,,,,,,,,,,,,,,,162,3.0,171.71428571428572,2.24427,2.220277333333333,2.2802675714285714,,,3.5,0.10000000000000009,3.242857142857143,0.0,0.19999999999999996,0.08857142857142856,28.0,0.0,-0.3251276029999093,0.9456701548465688,-0.5000000000000004,0.8660254037844384
2023-12-13,2.3,0.0,2.333333333333333,2.3999999999999995,55.5,-1.5,56.5,57.357142857142854,,,,,,,,,,,,,,,,,,,,,,163,1.0,167.85714285714286,2.246875,2.2410413333333334,2.2653568571428573,,,3.8,0.2999999999999998,3.357142857142857,0.0,0.19999999999999996,0.08571428571428572,41.0,0.0,-0.30881248126625377,0.9511229423235357,-0.5000000000000004,0.8660254037844384
2023-12-14,2.3,0.0,2.3,2.371428571428571,56.0,0.5,56.166666666666664,57.142857142857146,,,,,,,,,,,,,,,,,,,,,,137,-26.0,160.42857142857142,2.139791,2.210312,2.2357585714285717,,,3.8,0.0,3.4714285714285715,0.0,0.0,0.08571428571428572,48.0,0.0,-0.29240597695107734,0.9562942772197719,-0.5000000000000004,0.8660254037844384
2023-12-15,2.3,0.0,2.3,2.3428571428571425,55.5,-0.5,55.666666666666664,56.642857142857146,,,,,,,,,,,,,,,,,,,,,,122,-15.0,150.57142857142858,2.075729,2.1541316666666668,2.1956395714285715,,,3.8,0.0,3.557142857142857,0.05,0.016666666666666632,0.09285714285714286,34.0,0.5,-0.27591294500296043,0.9611826292540837,-0.5000000000000004,0.8660254037844384
2023-12-16,2.4,0.10000000000000009,2.3333333333333335,2.3428571428571425,55.0,-0.5,55.5,56.214285714285715,,,,,,,,,,,,,,,,,,,,,,183,61.0,153.42857142857142,2.323541,2.179687,2.206681142857143,,,3.8,0.0,3.642857142857143,0.08,0.0433333333333333,0.10428571428571429,35.0,0.5,-0.2593382659754056,0.9657865518844574,-0.5000000000000004,0.8660254037844384
2023-12-17,2.3,-0.10000000000000009,2.3333333333333335,2.3285714285714287,58.5,3.5,56.333333333333336,56.357142857142854,,,,,,,,,,,,,,,,,,,,,,211,28.0,162.42857142857142,2.43125,2.27684,2.241919285714286,,,3.8,0.0,3.6999999999999997,0.0,0.0433333333333333,0.10428571428571429,34.0,0.0,-0.2426868445825954,0.9701046827361175,-0.5000000000000004,0.8660254037844384
2023-12-18,2.2,-0.09999999999999964,2.3000000000000003,2.3,56.5,-2.0,56.666666666666664,56.285714285714285,,,,,,,,,,,,,,,,,,,,,,188,-23.0,166.57142857142858,2.343333,2.3660413333333334,2.2578270000000003,,,3.8,0.0,3.757142857142857,0.0,0.02666666666666663,0.018571428571428572,40.0,0.0,-0.22596360824801906,0.974135744004672,-0.5000000000000004,0.8660254037844384
2023-12-19,2.3,0.09999999999999964,2.266666666666666,2.3,59.2,2.700000000000003,58.06666666666666,56.6,,,,,,,,,,,,,,,,,,,,,,170,-18.0,167.71428571428572,2.274895,2.3498259999999997,2.262202,,,3.8,0.0,3.8,0.0,0.0,0.018571428571428572,51.0,0.0,-0.20917350564635637,0.9778785428342386,-0.5000000000000004,0.8660254037844384
2023-12-20,2.3,0.0,2.266666666666667,2.3,58.2,-1.0,57.96666666666667,56.98571428571429,,,,,,,,,,,,,,,,,,,,,,176,6.0,169.57142857142858,2.298229,2.3054856666666668,2.269538285714286,,,3.8,0.0,3.8,0.0,0.0,0.018571428571428572,52.0,0.0,-0.19232150523909483,0.9813319716704275,-0.5000000000000004,0.8660254037844384
2023-12-21,2.3,0.0,2.3,2.3,58.0,-0.20000000000000284,58.46666666666667,57.271428571428565,,,,,,,,,,,,,,,,,,,,,,195,19.0,177.85714285714286,2.372395,2.315173,2.3027674285714284,,,3.8,0.0,3.8,0.0,0.0,0.018571428571428572,51.0,0.0,-0.17541259380427843,0.9844950085880858,-0.5000000000000004,0.8660254037844384
2023-12-22,2.4,0.10000000000000009,2.3333333333333335,2.314285714285714,58.5,0.5,58.23333333333333,57.699999999999996,,,,,,,,,,,,,,,,,,,,,,190,-5.0,187.57142857142858,2.35375,2.341458,2.3424847142857144,,,3.8,0.0,3.8,0.0,0.0,0.011428571428571429,62.0,0.0,-0.15845177496083632,0.9873667175937016,-0.5000000000000004,0.8660254037844384
2023-12-23,2.4,0.0,2.3666666666666667,2.314285714285714,58.8,0.29999999999999716,58.43333333333334,58.24285714285714,,,,,,,,,,,,,,,,,,,,,,197,7.0,189.57142857142858,2.37802,2.368055,2.3502674285714282,,,3.9,0.10000000000000009,3.814285714285714,0.0,0.0,0.0,54.0,0.0,-0.14144406768794202,0.9899462489023779,-0.5000000000000004,0.8660254037844384
2023-12-24,2.3,-0.10000000000000009,2.3666666666666667,2.314285714285714,57.0,-1.7999999999999972,58.1,58.02857142857143,,,,,,,,,,,,,,,,,,,,,,198,1.0,187.71428571428572,2.382395,2.3713883333333334,2.343288142857143,,,4.0,0.10000000000000009,3.8428571428571425,0.0,0.0,0.0,50.0,0.0,-0.12439450483979998,0.9922328391893008,-0.5000000000000004,0.8660254037844384
2023-12-25,2.4,0.10000000000000009,2.3666666666666667,2.3428571428571425,58.6,1.6000000000000014,58.13333333333333,58.32857142857143,,,,,,,,,,,,,,,,,,,,,,174,-24.0,185.71428571428572,2.291875,2.350763333333333,2.335937,,,4.0,0.0,3.871428571428571,0.0,0.0,0.0,51.0,0.0,-0.10730813165636247,0.9942258118156161,-0.5000000000000004,0.8660254037844384
2023-12-26,2.4,0.0,2.3666666666666667,2.357142857142857,58.0,-0.6000000000000014,57.86666666666667,58.15714285714285,,,,,,,,,,,,,,,,,,,,,,186,12.0,188.0,2.337708,2.3373260000000005,2.3449102857142856,,,4.1,0.09999999999999964,3.914285714285714,0.26,0.08666666666666663,0.037142857142857144,48.0,4.0,-0.09019000427034513,0.9959245770286599,-0.5000000000000004,0.8660254037844384
2023-12-27,2.5,0.10000000000000009,2.4333333333333336,2.3857142857142857,59.5,1.5,58.699999999999996,58.34285714285714,,,,,,,,,,,,,,,,,,,,,,195,9.0,190.71428571428572,2.373541,2.3343746666666667,2.355669142857143,,,4.2,0.10000000000000053,3.9714285714285715,0.08,0.1133333333333333,0.04857142857142858,25.0,2.0,-0.07304518821104743,0.9973286321364752,-0.5000000000000004,0.8660254037844384
2023-12-28,2.7,0.20000000000000018,2.533333333333333,2.442857142857143,65.0,5.5,60.833333333333336,59.34285714285714,,,,,,,,,,,,,,,,,,,,,,166,-29.0,186.57142857142858,2.259895,2.323714666666667,2.339597714285714,,,4.2,0.0,4.0285714285714285,0.0,0.1133333333333333,0.04857142857142858,25.0,0.0,-0.05587875690537313,0.9984375616565666,-0.5000000000000004,0.8660254037844384
2023-12-29,2.2,-0.5,2.466666666666667,2.414285714285714,58.5,-6.5,61.0,59.34285714285714,,,,,,,,,,,,,,,,,,,,,,174,8.0,184.28571428571428,2.257083,2.2968396666666666,2.3257881428571427,,,4.2,0.0,4.085714285714285,0.0,0.02666666666666663,0.04857142857142858,39.0,0.0,-0.03869579017652689,0.9992510374388481,-0.5000000000000004,0.8660254037844384
2023-12-30,2.4,0.19999999999999973,2.433333333333333,2.414285714285714,60.5,2.0,61.333333333333336,59.58571428571429,,,,,,,,,,,,,,,,,,,,,,217,43.0,187.14285714285714,2.37052,2.295832666666667,2.324716714285714,,,4.2,0.0,4.128571428571428,0.0,0.0,0.04857142857142858,44.0,0.0,-0.021501372740813793,0.999768818762748,-0.5000000000000004,0.8660254037844384
2023-12-31,2.4,0.0,2.3333333333333335,2.4285714285714284,61.5,1.0,60.166666666666664,60.228571428571435,,,,,,,,,,,,,,,,,,,,,,226,9.0,191.14285714285714,2.4025,2.343367666666667,2.327588857142857,,,4.2,0.0,4.1571428571428575,0.0,0.0,0.04857142857142858,37.0,0.0,-0.004300592702981974,0.9999907524084426,-0.5000000000000004,0.8660254037844384
2024-01-01,,,2.4,2.433333333333333,,,61.0,60.50000000000001,,,,,,,,,,,,,,,,,,,,,,233,7.0,199.57142857142858,2.428125,2.4003816666666666,2.347053142857143,,,4.2,0.0,4.185714285714286,0.0,0.0,0.04857142857142858,43.0,0.0,0.017201575418260506,0.9998520419557735,0.0,1.0
2024-01-02,,,,2.44,,,,61.000000000000014,,,,,,,,,,,,,,,,,,,,,,235,2.0,206.57142857142858,2.431666,2.4207636666666663,2.3604757142857147,,,4.2,0.0,4.2,0.0,0.0,0.011428571428571429,47.0,0.0,0.03439806061360801,0.9994082116062598,0.0,1.0
2024-01-03,,,,2.425,,,,61.37500000000001,,,,,,,,,,,,,,,,,,,,,,199,-36.0,207.14285714285714,2.305208,2.388333,2.3507138571428574,,,4.2,0.0,4.2,0.0,0.0,0.0,40.0,0.0,0.051584366869408364,0.9986686402879997,0.0,1.0
2024-01-04,,,,,,,,,,,,,,,,,,,,,,,,,,,,,,190,-9.0,210.57142857142858,2.271979,2.3362843333333334,2.352440142857143,,,4.4,0.20000000000000018,4.228571428571429,0.0,0.0,0.0,45.0,0.0,0.06875540848113941,0.9976335468520451,0.0,1.0
2024-01-05,,,,,,,,,,,,,,,,,,,,,,,,,,,,,,201,11.0,214.42857142857142,2.313958,2.297048333333333,2.360565142857143,,,4.4,0.0,4.257142857142858,0.0,0.0,0.0,47.0,0.0,0.08590610426133272,0.9963032375991965,0.0,1.0
2024-01-06,,,,,,,,,,,,,,,,,,,,,,,,,,,,,,167,-34.0,207.28571428571428,2.18427,2.2567356666666663,2.333958,,,4.5,0.09999999999999964,4.3,0.0,0.0,0.0,44.0,0.0,0.10303137904317879,0.9946781061893646,0.0,1.0
2024-01-07,,,,,,,,,,,,,,,,,,,,,,,,,,,,,,144,-23.0,195.57142857142858,2.092291,2.1968396666666665,2.2896424285714287,,,4.6,0.09999999999999964,4.357142857142857,0.0,0.0,0.0,37.0,0.0,0.1201261651823505,0.9927586335250793,0.0,1.0
2024-01-08,,,,,,,,,,,,,,,,,,,,,,,,,,,,,,165,21.0,185.85714285714286,2.1775,2.1513536666666666,2.253838857142857,,,4.6,0.0,4.414285714285714,0.02,0.00666666666666663,0.002857142857142857,38.0,0.2,0.13718540405660057,0.9905453876091833,0.0,1.0
2024-01-09,,,,,,,,,,,,,,,,,,,,,,,,,,,,,,146,-19.0,173.14285714285714,2.099062,2.122951,2.206324,,,4.8,0.20000000000000018,4.5,0.0,0.00666666666666663,0.002857142857142857,36.0,0.0,0.1542040475626894,0.988039023376751,0.0,1.0
2024-01-10,,,,,,,,,,,,,,,,,,,,,,,,,,,,,,247,101.0,180.0,2.46677,2.2477773333333335,2.2294042857142857,,,5.0,0.20000000000000018,4.614285714285714,0.19,0.06999999999999997,0.03,34.0,4.0,0.17117705961019986,0.985240282501282,0.0,1.0
2024-01-11,,,,,,,,,,,,,,,,,,,,,,,,,,,,,,292,45.0,194.57142857142858,2.604375,2.390069,2.2768894285714287,,,5.3,0.2999999999999998,4.742857142857143,0.07,0.08666666666666663,0.04,33.0,1.5,0.18809941761179758,0.9821499931752291,0.0,1.0
2024-01-12,,,,,,,,,,,,,,,,,,,,,,,,,,,,,,239,-53.0,200.0,2.443229,2.5047913333333334,2.2953567142857145,,,5.6,0.2999999999999998,4.914285714285714,0.0,0.08666666666666663,0.04,36.0,0.0,0.20496611396949532,0.9787690698649216,0.0,1.0
2024-01-13,,,,,,,,,,,,,,,,,,,,,,,,,,,,,,324,85.0,222.42857142857142,2.697291,2.5816316666666665,2.3686454285714285,,,5.8,0.20000000000000018,5.1000000000000005,0.0,0.0233333333333333,0.04,37.0,0.0,0.22177215755648186,0.975098513039961,0.0,1.0
2024-01-14,,,,,,,,,,,,,,,,,,,,,,,,,,,,,,366,42.0,254.14285714285714,2.811562,2.650694,2.4713984285714288,,,6.7,0.9000000000000004,5.3999999999999995,0.0,0.0,0.04,26.0,0.0,0.23851257519407648,0.9711394088771653,0.0,1.0
2024-01-15,,,,,,,,,,,,,,,,,,,,,,,,,,,,,,367,1.0,283.0,2.815,2.7746176666666664,2.5624698571428572,,,7.2,0.5,5.771428571428571,0.05,0.016666666666666632,0.04428571428571428,33.0,1.0,0.2551824131233728,0.9668929289391521,0.0,1.0
2024-01-16,,,,,,,,,,,,,,,,,,,,,,,,,,,,,,398,31.0,319.0,2.885937,2.8374996666666665,2.6748805714285715,,,7.3,0.09999999999999964,6.128571428571428,0.0,0.016666666666666632,0.04428571428571428,1.0,0.0,0.2717767384711357,0.9623603298276545,0.0,1.0
2024-01-17,,,,,,,,,,,,,,,,,,,,,,,,,,,,,,367,-31.0,336.14285714285717,2.808125,2.836354,2.723645571428571,,,7.6,0.2999999999999998,6.5,0.01,0.019999999999999966,0.018571428571428572,13.0,0.0,0.2882906407095177,0.9575429528116719,0.0,1.0
2024-01-18,,,,,,,,,,,,,,,,,,,,,,,,,,,,,,242,-125.0,329.0,2.455416,2.716492666666667,2.702365714285714,,,7.9,0.3000000000000007,6.871428571428572,0.18,0.0633333333333333,0.03428571428571429,-1.0,3.5,0.3047192331091634,0.9524422234305676,0.0,1.0
2024-01-19,,,,,,,,,,,,,,,,,,,,,,,,,,,,,,220,-22.0,326.2857142857143,2.398958,2.5541663333333333,2.6960412857142857,,,8.0,0.09999999999999964,7.214285714285714,0.0,0.0633333333333333,0.03428571428571429,28.0,0.0,0.321057654185271,0.9470596510722283,0.0,1.0
2024-01-20,,,,,,,,,,,,,,,,,,,,,,,,,,,,,,233,13.0,313.2857142857143,2.486666,2.447013333333333,2.6659520000000003,,,8.0,0.0,7.528571428571428,0.0,0.05999999999999996,0.03428571428571429,54.0,0.0,0.3373010691361842,0.9413968285264122,0.0,1.0
2024-01-21,,,,,,,,,,,,,,,,,,,,,,,,,,,,,,225,-8.0,293.14285714285717,2.459479,2.4483676666666665,2.6156544285714287,,,8.0,0.0,7.714285714285714,0.0,0.0,0.03428571428571429,49.0,0.0,0.3534446712740877,0.9354554315134164,0.0,1.0
2024-01-22,,,,,,,,,,,,,,,,,,,,,,,,,,,,,,185,-40.0,267.14285714285717,2.311354,2.419166333333333,2.543705,,,8.0,0.0,7.828571428571428,0.0,0.0,0.027142857142857142,32.0,0.0,0.3694836834473831,0.9292372181882051,0.0,1.0
2024-01-23,,,,,,,,,,,,,,,,,,,,,,,,,,,,,,162,-23.0,233.42857142857142,2.22427,2.3317010000000002,2.449181142857143,,,8.0,0.0,7.928571428571429,0.0,0.0,0.027142857142857142,53.0,0.0,0.38541335945432564,0.9227440286201427,0.0,1.0
2024-01-24,,,,,,,,,,,,,,,,,,,,,,,,,,,,,,165,3.0,204.57142857142858,2.236562,2.2573953333333336,2.367529285714286,,,8.1,0.09999999999999964,8.0,0.0,0.0,0.025714285714285714,53.0,0.0,0.4012289854475009,0.9159777842484877,0.0,1.0
2024-01-25,,,,,,,,,,,,,,,,,,,,,,,,,,,,,,203,38.0,199.0,2.379791,2.2802076666666666,2.3567257142857145,,,8.1,0.0,8.028571428571428,0.0,0.0,0.0,51.0,0.0,0.4169258813287287,0.908940487313808,0.0,1.0
2024-01-26,,,,,,,,,,,,,,,,,,,,,,,,,,,,,,223,20.0,199.42857142857142,2.451562,2.3559716666666666,2.3642405714285712,,,8.1,0.0,8.042857142857143,0.0,0.0,0.0,51.0,0.0,0.4324994021339788,0.901634220265486,0.0,1.0
2024-01-27,,,,,,,,,,,,,,,,,,,,,,,,,,,,,,222,-1.0,197.85714285714286,2.448854,2.4267356666666666,2.358838857142857,,,8.1,0.0,8.057142857142857,0.0,0.0,0.0,47.0,0.0,0.44794493940789115,0.8940611451454876,0.0,1.0
2024-01-28,,,,,,,,,,,,,,,,,,,,,,,,,,,,,,215,-7.0,196.42857142857142,2.423333,2.4412496666666663,2.353675142857143,,,8.2,0.09999999999999964,8.085714285714285,0.21,0.06999999999999997,0.03,47.0,2.5,0.4632579225674917,0.88622350294858,0.0,1.0
2024-01-29,,,,,,,,,,,,,,,,,,,,,,,,,,,,,,180,-35.0,195.71428571428572,2.293541,2.388576,2.351130428571429,,,8.2,0.0,8.114285714285714,0.07,0.09333333333333331,0.04,37.0,1.0,0.4784338202547012,0.8781236129591848,0.0,1.0
2024-01-30,,,,,,,,,,,,,,,,,,,,,,,,,,,,,,163,-17.0,195.85714285714286,2.228854,2.315242666666667,2.3517852857142856,,,8.2,0.0,8.142857142857142,0.0,0.09333333333333331,0.04,41.0,0.0,0.49346814167723735,0.8697638720650646,0.0,1.0
2024-01-31,,,,,,,,,,,,,,,,,,,,,,,,,,,,,,165,2.0,195.85714285714286,2.235,2.2524649999999995,2.351562142857143,,,8.2,0.0,8.157142857142857,0.0,0.0233333333333333,0.04,51.0,0.0,0.5083564379375122,0.8611467540480452,0.0,1.0
2024-02-01,,,,,,,,,,,,,,,,,,,,,,,,,,,,,,191,26.0,194.14285714285714,2.336458,2.2667706666666665,2.3453717142857142,,,8.2,0.0,8.17142857142857,0.0,0.0,0.04,51.0,0.0,0.5230943033491326,0.8522748088519838,0.49999999999999994,0.8660254037844387
2024-02-02,,,,,,,,,,,,,,,,,,,,,,,,,,,,,,203,12.0,191.28571428571428,2.381875,2.3177776666666667,2.3354164285714285,,,9.0,0.8000000000000007,8.299999999999999,0.0,0.0,0.04,55.0,0.0,0.5376773767406141,0.8431506618282,0.49999999999999994,0.8660254037844387
2024-02-03,,,,,,,,,,,,,,,,,,,,,,,,,,,,,,209,6.0,189.42857142857142,2.403437,2.3739233333333334,2.328928285714286,,,9.5,0.5,8.5,0.0,0.0,0.04,55.0,0.0,0.5521013427459208,0.8337770129585915,0.49999999999999994,0.8660254037844387
2024-02-04,,,,,,,,,,,,,,,,,,,,,,,,,,,,,,201,-8.0,187.42857142857142,2.375,2.3867706666666666,2.3220235714285713,,,9.5,0.0,8.685714285714285,0.0,0.0,0.01,58.0,0.0,0.5663619330814524,0.8241566360566663,0.49999999999999994,0.8660254037844387
2024-02-05,,,,,,,,,,,,,,,,,,,,,,,,,,,,,,150,-51.0,183.14285714285714,2.176666,2.3183676666666666,2.3053271428571427,,,9.6,0.09999999999999964,8.885714285714286,0.2,0.06666666666666664,0.028571428571428574,50.0,0.0,0.580454927809098,0.8142923779467267,0.49999999999999994,0.8660254037844387
2024-02-06,,,,,,,,,,,,,,,,,,,,,,,,,,,,,,157,7.0,182.28571428571428,2.205937,2.252534333333333,2.302053285714286,,,9.6,0.0,9.085714285714285,1.3,0.5,0.21428571428571427,34.0,8.0,0.5943761565849831,0.804187157621448,0.49999999999999994,0.8660254037844387
2024-02-07,,,,,,,,,,,,,,,,,,,,,,,,,,,,,,214,57.0,189.28571428571428,2.392708,2.258437,2.324583,,,9.6,0.0,9.285714285714286,0.0,0.5,0.21428571428571427,36.0,0.0,0.6081214998935418,0.7938439653781019,0.49999999999999994,0.8660254037844387
2024-02-08,,,,,,,,,,,,,,,,,,,,,,,,,,,,,,223,9.0,193.85714285714286,2.383229,2.327291333333333,2.3312645714285716,,,9.7,0.09999999999999964,9.5,0.0,0.43333333333333335,0.21428571428571427,45.0,0.0,0.6216868902665479,0.7832658619336791,0.49999999999999994,0.8660254037844387
2024-02-09,,,,,,,,,,,,,,,,,,,,,,,,,,,,,,221,-2.0,196.42857142857142,2.376458,2.3841316666666668,2.330490714285714,,,9.9,0.20000000000000107,9.628571428571428,0.0,0.0,0.21428571428571427,62.0,0.0,0.6350683134867438,0.7724559775191742,0.49999999999999994,0.8660254037844387
2024-02-10,,,,,,,,,,,,,,,,,,,,,,,,,,,,,,221,0.0,198.14285714285714,2.376145,2.378610666666667,2.326591857142857,,,10.1,0.1999999999999993,9.714285714285714,0.0,0.0,0.21428571428571427,52.0,0.0,0.6482618097757122,0.7614175109532997,0.49999999999999994,0.8660254037844387
2024-02-11,,,,,,,,,,,,,,,,,,,,,,,,,,,,,,219,-2.0,200.71428571428572,2.3675,2.3733676666666668,2.3255204285714286,,,10.1,0.0,9.799999999999999,0.0,0.0,0.21428571428571427,49.0,0.0,0.6612634749656386,0.7501537286959042,0.49999999999999994,0.8660254037844387
2024-02-12,,,,,,,,,,,,,,,,,,,,,,,,,,,,,,213,-6.0,209.71428571428572,2.347291,2.363645333333334,2.3498954285714286,,,10.2,0.09999999999999964,9.885714285714286,0.14,0.04666666666666667,0.2057142857142857,43.0,0.0,0.6740694616546161,0.7386679638813748,0.49999999999999994,0.8660254037844387
2024-02-13,,,,,,,,,,,,,,,,,,,,,,,,,,,,,,222,9.0,219.0,2.376666,2.363819,2.374285285714286,,,10.2,0.0,9.971428571428572,0.14,0.09333333333333334,0.04,28.0,2.0,0.6866759803451553,0.726963615332308,0.49999999999999994,0.8660254037844387
2024-02-14,,,,,,,,,,,,,,,,,,,,,,,,,,,,,,236,14.0,222.14285714285714,2.426979,2.3836453333333334,2.379181142857143,,,10.2,0.0,10.057142857142855,0.0,0.09333333333333334,0.04,36.0,0.0,0.6990793005655562,0.7150441465537444,0.49999999999999994,0.8660254037844387
2024-02-15,,,,,,,,,,,,,,,,,,,,,,,,,,,,,,236,0.0,224.0,2.426666,2.4101036666666666,2.385386428571429,,,10.5,0.3000000000000007,10.171428571428569,0.0,0.04666666666666667,0.04,52.0,0.0,0.7112757519738152,0.7029130847082615,0.49999999999999994,0.8660254037844387
2024-02-16,,,,,,,,,,,,,,,,,,,,,,,,,,,,,,237,1.0,226.28571428571428,2.431354,2.428333,2.3932287142857143,,,10.9,0.40000000000000036,10.314285714285713,0.0,0.0,0.04,51.0,0.0,0.7232617254437388,0.6905740195722294,0.49999999999999994,0.8660254037844387
2024-02-17,,,,,,,,,,,,,,,,,,,,,,,,,,,,,,218,-19.0,225.85714285714286,2.364791,2.4076036666666667,2.3916067142857145,,,10.9,0.0,10.428571428571429,0.0,0.0,0.04,52.0,0.0,0.7350336741329412,0.6780306024735382,0.49999999999999994,0.8660254037844387
2024-02-18,,,,,,,,,,,,,,,,,,,,,,,,,,,,,,211,-7.0,224.71428571428572,2.339375,2.3785066666666665,2.3875888571428576,,,11.0,0.09999999999999964,10.557142857142859,0.0,0.0,0.04,57.0,0.0,0.746588114532413,0.6652865452111116,0.49999999999999994,0.8660254037844387
2024-02-19,,,,,,,,,,,,,,,,,,,,,,,,,,,,,,217,6.0,225.28571428571428,2.360312,2.354826,2.389449,,,11.0,0.0,10.671428571428573,0.08,0.02666666666666667,0.03142857142857143,34.0,1.0,0.7579216274973472,0.6523456189565257,0.49999999999999994,0.8660254037844387
2024-02-20,,,,,,,,,,,,,,,,,,,,,,,,,,,,,,218,1.0,224.71428571428572,2.363229,2.354305333333333,2.387529428571429,,,11.1,0.09999999999999964,10.799999999999999,0.0,0.02666666666666667,0.011428571428571429,36.0,0.0,0.7690308592589181,0.6392116531380588,0.49999999999999994,0.8660254037844387
2024-02-21,,,,,,,,,,,,,,,,,,,,,,,,,,,,,,208,-10.0,220.71428571428572,2.330937,2.3514926666666667,2.373809142857143,,,11.1,0.0,10.928571428571429,0.0,0.02666666666666667,0.011428571428571429,50.0,0.0,0.7799125224167177,0.6258885343075018,0.49999999999999994,0.8660254037844387
2024-02-22,,,,,,,,,,,,,,,,,,,,,,,,,,,,,,210,2.0,217.0,2.33802,2.344062,2.3611454285714286,,,11.1,0.0,11.014285714285716,0.0,0.0,0.011428571428571429,57.0,0.0,0.7905633969115482,0.612380204990065,0.49999999999999994,0.8660254037844387
2024-02-23,,,,,,,,,,,,,,,,,,,,,,,,,,,,,,224,14.0,215.14285714285714,2.381458,2.3501383333333337,2.3540174285714284,,,11.1,0.0,11.042857142857143,0.0,0.0,0.011428571428571429,63.0,0.0,0.8009803309782905,0.5986906625177214,0.49999999999999994,0.8660254037844387
2024-02-24,,,,,,,,,,,,,,,,,,,,,,,,,,,,,,224,0.0,216.0,2.375312,2.3649299999999998,2.3555204285714284,,,11.1,0.0,11.071428571428571,0.0,0.0,0.011428571428571429,60.0,0.0,0.8111602420785621,0.5848239578463322,0.49999999999999994,0.8660254037844387
2024-02-25,,,,,,,,,,,,,,,,,,,,,,,,,,,,,,228,4.0,218.42857142857142,2.39052,2.38243,2.3628268571428572,,,11.2,0.09999999999999964,11.099999999999998,0.0,0.0,0.011428571428571429,42.0,0.0,0.8211001178128892,0.5707841943569036,0.49999999999999994,0.8660254037844387
2024-02-26,,,,,,,,,,,,,,,,,,,,,,,,,,,,,,230,2.0,220.28571428571428,2.395104,2.3869786666666664,2.367797142857143,,,11.2,0.0,11.128571428571428,0.0,0.0,0.0,51.0,0.0,0.8307970168121247,0.5565755266413303,0.49999999999999994,0.8660254037844387
2024-02-27,,,,,,,,,,,,,,,,,,,,,,,,,,,,,,219,-11.0,220.42857142857142,2.359166,2.381596666666667,2.367216714285714,,,12.2,1.0,11.285714285714286,0.0,0.0,0.0,64.0,0.0,0.8402480696078469,0.5422021592729844,0.49999999999999994,0.8660254037844387
2024-02-28,,,,,,,,,,,,,,,,,,,,,,,,,,,,,,203,-16.0,219.71428571428572,2.299166,2.351145333333333,2.362678,,,12.4,0.20000000000000107,11.471428571428572,0.0,0.0,0.0,64.0,0.0,0.8494504794814806,0.527668345562516,0.49999999999999994,0.8660254037844387
2024-02-29,,,,,,,,,,,,,,,,,,,,,,,,,,,,,,212,9.0,220.0,2.333541,2.330624333333333,2.3620381428571426,,,12.4,0.0,11.657142857142857,0.0,0.0,0.0,60.0,0.0,0.8584015232918917,0.512978386299228,0.49999999999999994,0.8660254037844387
2024-03-01,,,,,,,,,,,,,,,,,,,,,,,,,,,,,,216,4.0,218.85714285714286,2.345312,2.3260063333333334,2.356874428571429,,,12.4,0.0,11.842857142857143,0.25,0.08333333333333333,0.03571428571428571,44.0,3.0,0.8670985522812081,0.4981366284784055,0.8660254037844386,0.5000000000000001
2024-03-02,,,,,,,,,,,,,,,,,,,,,,,,,,,,,,218,2.0,218.0,2.353645,2.344166,2.353779142857143,,,12.5,0.09999999999999964,12.042857142857144,0.0,0.08333333333333333,0.03571428571428571,50.0,0.0,0.8755389928586302,0.4831474640149687,0.8660254037844386,0.5000000000000001
2024-03-03,,,,,,,,,,,,,,,,,,,,,,,,,,,,,,221,3.0,217.0,2.364895,2.3546173333333336,2.3501184285714287,,,12.9,0.40000000000000036,12.285714285714286,0.0,0.08333333333333333,0.03571428571428571,60.0,0.0,0.8837203473619977,0.4680153284438345,0.8660254037844386,0.5000000000000001
2024-03-04,,,,,,,,,,,,,,,,,,,,,,,,,,,,,,213,-8.0,214.57142857142858,2.335104,2.351214666666667,2.341547,,,13.0,0.09999999999999964,12.542857142857143,0.0,0.0,0.03571428571428571,64.0,0.0,0.8916401947968874,0.45274469960737107,0.8660254037844386,0.5000000000000001
2024-03-05,,,,,,,,,,,,,,,,,,,,,,,,,,,,,,210,-3.0,213.28571428571428,2.326145,2.342048,2.336829714285714,,,13.0,0.0,12.657142857142857,0.04,0.013333333333333334,0.041428571428571426,64.0,0.0,0.8992961915530253,0.4373400963303323,0.8660254037844386,0.5000000000000001
2024-03-06,,,,,,,,,,,,,,,,,,,,,,,,,,,,,,211,1.0,214.42857142857142,2.33052,2.3305896666666666,2.341308857142857,,,13.0,0.0,12.742857142857144,0.0,0.013333333333333334,0.041428571428571426,52.0,0.0,0.9066860720977985,0.4218060770826634,0.8660254037844386,0.5000000000000001
2024-03-07,,,,,,,,,,,,,,,,,,,,,,,,,,,,,,223,12.0,216.0,2.370625,2.34243,2.346606571428571,,,13.1,0.09999999999999964,12.842857142857143,0.0,0.013333333333333334,0.041428571428571426,48.0,0.0,0.9138076496466615,0.40614723863057883,0.8660254037844386,0.5000000000000001
2024-03-08,,,,,,,,,,,,,,,,,,,,,,,,,,,,,,212,-11.0,215.42857142857142,2.332708,2.3446176666666667,2.3448059999999997,,,13.5,0.40000000000000036,13.0,0.0,0.0,0.005714285714285714,42.0,0.0,0.9206588168102428,0.3903682146763026,0.8660254037844386,0.5000000000000001
2024-03-09,,,,,,,,,,,,,,,,,,,,,,,,,,,,,,177,-35.0,209.57142857142858,2.204583,2.3026386666666667,2.3235114285714284,,,13.6,0.09999999999999964,13.157142857142857,0.0,0.0,0.005714285714285714,57.0,0.0,0.9272375462179537,0.374473674486883,0.8660254037844386,0.5000000000000001
2024-03-10,,,,,,,,,,,,,,,,,,,,,,,,,,,,,,184,7.0,204.28571428571428,2.229565,2.2556186666666664,2.3041785714285714,,,13.6,0.0,13.257142857142856,0.15,0.049999999999999996,0.027142857142857142,42.0,0.0,0.9335418911179212,0.35846832151248087,0.8660254037844386,0.5000000000000001
2024-03-11,,,,,,,,,,,,,,,,,,,,,,,,,,,,,,191,7.0,201.14285714285714,2.255104,2.229750666666667,2.2927500000000003,,,13.6,0.0,13.342857142857143,0.08,0.07666666666666666,0.038571428571428576,30.0,0.0,0.9395699859530622,0.342356891994542,0.8660254037844386,0.5000000000000001
2024-03-12,,,,,,,,,,,,,,,,,,,,,,,,,,,,,,180,-11.0,196.85714285714286,2.214895,2.233188,2.276857142857143,,,13.8,0.20000000000000107,13.457142857142857,0.0,0.07666666666666666,0.032857142857142856,51.0,0.0,0.945320046913132,0.3261441535642696,0.8660254037844386,0.5000000000000001
2024-03-13,,,,,,,,,,,,,,,,,,,,,,,,,,,,,,184,4.0,193.0,2.229784,2.233261,2.262466285714286,,,15.0,1.1999999999999993,13.742857142857144,0.0,0.02666666666666667,0.032857142857142856,64.0,0.0,0.9507903724625832,0.3098349038318025,0.8660254037844386,0.5000000000000001
2024-03-14,,,,,,,,,,,,,,,,,,,,,,,,,,,,,,200,16.0,189.71428571428572,2.288909,2.244529333333333,2.2507925714285713,,,16.0,1.0,14.157142857142857,0.0,0.0,0.032857142857142856,63.0,0.0,0.9559793438440766,0.2934339689665273,0.8660254037844386,0.5000000000000001
2024-03-15,,,,,,,,,,,,,,,,,,,,,,,,,,,,,,188,-12.0,186.28571428571428,2.245104,2.254599,2.238277714285714,,,16.2,0.1999999999999993,14.542857142857143,0.0,0.0,0.032857142857142856,59.0,0.0,0.9608854255574977,0.27694620226893646,0.8660254037844386,0.5000000000000001
2024-03-16,,,,,,,,,,,,,,,,,,,,,,,,,,,,,,190,2.0,188.14285714285714,2.25427,2.262761,2.2453758571428573,,,16.2,0.0,14.914285714285715,1.84,0.6133333333333334,0.29571428571428576,48.0,12.0,0.9655071658143364,0.2603764827344581,0.8660254037844386,0.5000000000000001
2024-03-17,,,,,,,,,,,,,,,,,,,,,,,,,,,,,,202,12.0,190.71428571428572,2.2975,2.265624666666666,2.255080857142857,,,16.2,0.0,15.285714285714286,1.02,0.9533333333333335,0.42000000000000004,34.0,8.0,0.969843196967294,0.24372971360968387,0.8660254037844386,0.5000000000000001
2024-03-18,,,,,,,,,,,,,,,,,,,,,,,,,,,,,,192,-10.0,190.85714285714286,2.263125,2.2716316666666665,2.256226714285714,,,16.2,0.0,15.657142857142857,0.0,0.9533333333333335,0.40857142857142864,44.0,0.0,0.9738922359149924,0.22701082094141847,0.8660254037844386,0.5000000000000001
2024-03-19,,,,,,,,,,,,,,,,,,,,,,,,,,,,,,198,6.0,193.42857142857142,2.284791,2.2818053333333332,2.266211857142857,,,16.2,0.0,16.0,0.0,0.34,0.40857142857142864,45.0,0.0,0.9776530844816641,0.2102247521189836,0.8660254037844386,0.5000000000000001
2024-03-20,,,,,,,,,,,,,,,,,,,,,,,,,,,,,,211,13.0,197.28571428571428,2.329479,2.292465,2.280454,,,16.2,0.0,16.17142857142857,0.0,0.0,0.40857142857142864,45.0,0.0,0.981124629771712,0.19337647441020586,0.8660254037844386,0.5000000000000001
2024-03-21,,,,,,,,,,,,,,,,,,,,,,,,,,,,,,218,7.0,199.85714285714286,2.352187,2.3221523333333334,2.2894937142857144,,,16.3,0.10000000000000142,16.214285714285715,0.0,0.0,0.40857142857142864,53.0,0.0,0.984305844499033,0.17647097349152166,0.8660254037844386,0.5000000000000001
2024-03-22,,,,,,,,,,,,,,,,,,,,,,,,,,,,,,222,4.0,204.71428571428572,2.37052,2.3507286666666665,2.3074102857142855,,,16.3,0.0,16.228571428571428,0.0,0.0,0.40857142857142864,59.0,0.0,0.9871957872910085,0.15951325197263655,0.8660254037844386,0.5000000000000001
2024-03-23,,,,,,,,,,,,,,,,,,,,,,,,,,,,,,215,-7.0,208.28571428571428,2.343437,2.3553813333333333,2.3201484285714287,,,16.4,0.09999999999999787,16.25714285714286,0.0,0.0,0.1457142857142857,57.0,0.0,0.9897936029670716,0.14250832791617088,0.8660254037844386,0.5000000000000001
2024-03-24,,,,,,,,,,,,,,,,,,,,,,,,,,,,,,197,-18.0,207.57142857142858,2.278854,2.330937,2.3174847142857145,,,17.2,0.8000000000000007,16.4,0.0,0.0,0.0,62.0,0.0,0.992098522791769,0.12546123335273648,0.8660254037844386,0.5000000000000001
2024-03-25,,,,,,,,,,,,,,,,,,,,,,,,,,,,,,176,-21.0,205.28571428571428,2.199583,2.2739580000000004,2.308407285714286,,,17.3,0.10000000000000142,16.557142857142857,0.0,0.0,0.0,60.0,0.0,0.9941098647022418,0.10837701279187609,0.8660254037844386,0.5000000000000001
2024-03-26,,,,,,,,,,,,,,,,,,,,,,,,,,,,,,157,-19.0,199.42857142857142,2.12427,2.2009023333333335,2.2854757142857145,,,17.4,0.09999999999999787,16.728571428571428,0.0,0.0,0.0,65.0,0.0,0.9958270335100595,0.09126072172931188,0.8660254037844386,0.5000000000000001
2024-03-27,,,,,,,,,,,,,,,,,,,,,,,,,,,,,,157,0.0,191.71428571428572,2.125625,2.149826,2.2563537142857144,,,17.4,0.0,16.900000000000002,0.88,0.29333333333333333,0.12571428571428572,52.0,10.0,0.9972495210773451,0.07411742515094437,0.8660254037844386,0.5000000000000001
2024-03-28,,,,,,,,,,,,,,,,,,,,,,,,,,,,,,176,19.0,185.71428571428572,2.199583,2.1498260000000005,2.234553142857143,,,17.5,0.10000000000000142,17.071428571428573,0.0,0.29333333333333333,0.12571428571428572,27.0,0.0,0.998376906467142,0.056952196034039754,0.8660254037844386,0.5000000000000001
2024-03-29,,,,,,,,,,,,,,,,,,,,,,,,,,,,,,218,42.0,185.14285714285714,2.356145,2.2271176666666666,2.2324995714285714,,,17.6,0.10000000000000142,17.257142857142856,0.0,0.29333333333333333,0.12571428571428572,40.0,0.0,0.9992088560679753,0.03977011384605572,0.8660254037844386,0.5000000000000001
2024-03-30,,,,,,,,,,,,,,,,,,,,,,,,,,,,,,217,-1.0,185.42857142857142,2.349583,2.3017703333333333,2.2333775714285715,,,17.6,0.0,17.428571428571427,0.0,0.0,0.12571428571428572,49.0,0.0,0.9997451236925734,0.022576263041545485,0.8660254037844386,0.5000000000000001
2024-03-31,,,,,,,,,,,,,,,,,,,,,,,,,,,,,,224,7.0,189.28571428571428,2.37427,2.3599993333333336,2.2470084285714287,,,17.7,0.09999999999999787,17.5,0.0,0.0,0.12571428571428572,64.0,0.0,0.9999855506507186,0.005375731557583884,0.8660254037844386,0.5000000000000001
2024-04-01,2.6,,,,67.0,,,,4.7,,,,270.0,,,,8.3,,,,6.5,,,,10.2,,,,6.0,190,-34.0,191.28571428571428,2.254479,2.3261106666666667,2.2548507142857144,,,17.8,0.10000000000000142,17.571428571428573,0.0,0.0,0.12571428571428572,53.0,0.0,0.9999300657962057,-0.011826390691832589,1.0,6.123233995736766e-17
2024-04-02,2.75,0.1499999999999999,2.675,,65.5,-1.5,66.25,,6.6,1.8999999999999995,5.65,,265.0,-5.0,267.5,,8.4,0.09999999999999964,8.35,,7.0,0.5,6.7500000000000036,,10.3,0.10000000000000142,10.25,,8.4,188,-2.0,195.71428571428572,2.24625,2.291666333333333,2.2722764285714283,1105.7857142857144,1497.25,17.8,0.0,17.62857142857143,0.0,0.0,0.12571428571428572,59.0,0.0,0.9995786855478958,-0.029025013321975237,1.0,6.123233995736766e-17
2024-04-03,2.7,-0.04999999999999982,2.6833333333333336,,68.4,2.9000000000000057,66.96666666666667,,4.4,-2.1999999999999993,5.233333333333333,,268.0,3.0,267.6666666666667,,8.4,0.0,8.366666666666667,,7.9,0.9000000000000004,7.1333333333333355,,10.2,-0.10000000000000142,10.233333333333333,,6.5,189,1.0,200.28571428571428,2.248541,2.2497566666666664,2.289835857142857,1048.1619047619047,1402.5333333333333,17.9,0.09999999999999787,17.7,0.0,0.0,0.0,65.0,0.0,0.9989315138848577,-0.046215046983708354,1.0,6.123233995736766e-17
2024-04-04,2.7,0.0,2.716666666666667,2.6875,64.0,-4.400000000000006,65.96666666666667,66.225,6.9,2.5,5.966666666666668,5.65,273.0,5.0,268.6666666666667,269.0,8.4,0.0,8.4,8.375,8.6,0.6999999999999993,7.833333333333336,7.5,10.0,-0.1999999999999993,10.166666666666666,10.175,8.6,226,37.0,207.42857142857142,2.380416,2.2917356666666664,2.3156691428571428,1237.657142857143,1628.9000000000003,17.7,-0.1999999999999993,17.72857142857143,0.4,0.13333333333333333,0.05714285714285715,47.0,0.0,0.9979887423155984,-0.06339140486951038,1.0,6.123233995736766e-17
2024-04-05,2.8,0.09999999999999964,2.733333333333334,2.71,64.5,0.5,65.63333333333334,65.88,7.6,0.6999999999999993,6.3,6.040000000000001,275.0,2.0,272.0,270.2,8.4,0.0,8.4,8.38,8.7,0.09999999999999964,8.400000000000002,7.74,9.9,-0.09999999999999964,10.033333333333333,10.120000000000001,9.1,261,35.0,213.57142857142858,2.501041,2.3766659999999997,2.3363685714285714,1345.5,1732.5,17.7,0.0,17.742857142857144,0.0,0.13333333333333333,0.05714285714285715,55.0,0.0,0.9967506498213929,-0.08054900421874167,1.0,6.123233995736766e-17
2024-04-06,2.8,0.0,2.766666666666666,2.725,64.9,0.4000000000000057,64.46666666666667,65.71666666666667,8.6,1.0,7.7,6.466666666666666,271.0,-4.0,273.0,270.3333333333333,8.4,0.0,8.4,8.383333333333335,7.8,-0.8999999999999995,8.366666666666669,7.75,10.1,0.1999999999999993,10.0,10.116666666666667,9.6,274,13.0,221.71428571428572,2.5475,2.4763189999999997,2.3646424285714285,1707.2,2086.7000000000003,18.0,0.3000000000000007,17.8,0.0,0.13333333333333333,0.05714285714285715,66.0,0.0,0.9952176027737294,-0.09768276782171598,1.0,6.123233995736766e-17
2024-04-07,2.8,0.0,2.8,2.7357142857142853,66.2,1.2999999999999972,65.2,65.78571428571429,9.5,0.9000000000000004,8.566666666666666,6.8999999999999995,272.0,1.0,272.6666666666667,270.57142857142856,8.4,0.0,8.4,8.385714285714286,6.1,-1.7000000000000002,7.533333333333335,7.514285714285714,10.6,0.5,10.200000000000001,10.185714285714285,14.1,267,-7.0,227.85714285714286,2.524687,2.5244093333333333,2.386130571428571,1951.9761904761904,2330.133333333333,18.1,0.10000000000000142,17.857142857142858,0.0,0.0,0.05714285714285715,74.0,0.0,0.9933900548258936,-0.11478762552212701,1.0,6.123233995736766e-17
2024-04-08,2.8,0.0,2.8,2.764285714285714,65.0,-1.2000000000000028,65.36666666666667,65.5,10.1,0.5999999999999996,9.4,7.671428571428571,275.0,3.0,272.6666666666667,271.2857142857143,8.4,0.0,8.4,8.4,5.8,-0.2999999999999998,6.566666666666669,7.414285714285714,10.7,0.09999999999999964,10.466666666666667,10.257142857142856,14.4,257,-10.0,237.42857142857142,2.493854,2.5220136666666666,2.420327,2231.828571428571,2585.0,18.1,0.0,17.9,0.0,0.0,0.05714285714285715,73.0,0.0,0.9912685467787256,-0.13185851571739118,1.0,6.123233995736766e-17
2024-04-09,2.8,0.0,2.8,2.7714285714285714,74.5,9.5,68.56666666666666,66.78571428571429,8.0,-2.0999999999999996,9.200000000000001,7.871428571428572,269.0,-6.0,272.0,271.85714285714283,8.3,-0.09999999999999964,8.366666666666665,8.385714285714286,6.9,1.1000000000000005,6.266666666666668,7.3999999999999995,10.5,-0.1999999999999993,10.6,10.285714285714286,10.0,229,-28.0,243.28571428571428,2.402916,2.473819,2.442707857142857,2238.2285714285717,2474.8,18.2,0.09999999999999787,17.957142857142856,0.0,0.0,0.05714285714285715,51.0,0.0,0.9888537064205885,-0.1488903868564548,1.0,6.123233995736766e-17
2024-04-10,2.9,0.10000000000000009,2.8333333333333335,2.8,76.5,2.0,72.0,67.94285714285715,7.6,-0.40000000000000036,8.566666666666666,8.328571428571427,268.0,-1.0,270.6666666666667,271.85714285714283,8.4,0.09999999999999964,8.366666666666667,8.385714285714286,7.7,0.7999999999999998,6.800000000000003,7.371428571428572,10.4,-0.09999999999999964,10.533333333333333,10.314285714285713,15.4,223,-6.0,248.14285714285714,2.382708,2.426492666666667,2.4618745714285715,2125.7571428571428,2295.866666666667,18.2,0.0,18.0,0.0,0.0,0.05714285714285715,58.0,0.0,0.986146248341595,-0.16587819893463143,1.0,6.123233995736766e-17
2024-04-11,3.0,0.10000000000000009,2.9,2.8428571428571425,76.2,-0.29999999999999716,75.73333333333333,69.6857142857143,8.9,1.3000000000000007,8.166666666666666,8.614285714285714,270.0,2.0,269.0,271.42857142857144,8.4,0.0,8.366666666666667,8.385714285714286,8.7,0.9999999999999991,7.766666666666669,7.385714285714286,10.1,-0.3000000000000007,10.333333333333334,10.328571428571427,11.1,225,2.0,248.0,2.389583,2.391735666666667,2.4631841428571426,2025.3333333333333,2205.0,18.3,0.10000000000000142,18.085714285714285,0.0,0.0,0.0,52.0,0.0,0.9831469737221499,-0.1828169249850199,1.0,6.123233995736766e-17
2024-04-12,3.0,0.0,2.9666666666666663,2.871428571428571,78.1,1.8999999999999915,76.93333333333332,71.62857142857143,10.5,1.5999999999999996,9.0,9.028571428571428,272.0,2.0,270.0,271.0,8.4,0.0,8.4,8.385714285714286,9.1,0.40000000000000036,8.500000000000002,7.442857142857142,10.1,0.0,10.2,10.357142857142858,13.4,259,34.0,247.71428571428572,2.499479,2.423923333333333,2.462961,2229.4285714285716,2448.0,18.0,-0.3000000000000007,18.12857142857143,0.0,0.0,0.0,61.0,0.0,0.9798567700958665,-0.1997015525660636,1.0,6.123233995736766e-17
2024-04-13,3.0,0.0,3.0,2.8999999999999995,77.5,-0.5999999999999943,77.26666666666667,73.42857142857143,10.0,-0.5,9.799999999999999,9.228571428571428,269.0,-3.0,270.3333333333333,270.7142857142857,8.4,0.0,8.4,8.385714285714286,9.5,0.40000000000000036,9.100000000000001,7.685714285714285,10.0,-0.09999999999999964,10.066666666666666,10.342857142857143,12.9,290,31.0,250.0,2.594375,2.494479,2.4696574285714283,2449.9999999999995,2636.2,18.0,0.0,18.12857142857143,0.0,0.0,0.0,59.0,0.0,0.9762766110869321,-0.21652708524481437,1.0,6.123233995736766e-17
2024-04-14,3.0,0.0,3.0,2.9285714285714284,78.0,0.5,77.86666666666666,75.11428571428571,9.6,-0.40000000000000036,10.033333333333333,9.242857142857142,262.0,-7.0,267.6666666666667,269.2857142857143,8.3,-0.09999999999999964,8.366666666666665,8.371428571428572,10.0,0.5,9.533333333333337,8.242857142857142,9.9,-0.09999999999999964,10.0,10.242857142857144,12.5,307,17.0,255.71428571428572,2.64302,2.578958,2.4865621428571427,2565.6666666666665,2628.733333333333,17.8,-0.1999999999999993,18.085714285714285,0.0,0.0,0.0,61.0,0.0,0.9724075561219968,-0.23328854407545518,1.0,6.123233995736766e-17
2024-04-15,3.1,0.10000000000000009,3.033333333333333,2.9714285714285715,66.0,-12.0,73.83333333333333,75.25714285714285,10.5,0.9000000000000004,10.033333333333333,9.299999999999999,255.0,-7.0,262.0,266.42857142857144,8.4,0.09999999999999964,8.366666666666667,8.371428571428572,9.7,-0.3000000000000007,9.733333333333334,8.8,9.9,0.0,9.933333333333334,10.12857142857143,17.1,326,19.0,265.57142857142856,2.696354,2.644583,2.5154907142857144,2664.5666666666666,2558.5,17.9,0.09999999999999787,18.057142857142857,0.0,0.0,0.0,74.0,0.0,0.9682507501166718,-0.2499809690726521,1.0,6.123233995736766e-17
2024-04-16,3.1,0.0,3.0666666666666664,3.0142857142857147,64.0,-2.0,69.33333333333333,73.75714285714285,12.4,1.9000000000000004,10.833333333333334,9.928571428571429,252.0,-3.0,256.3333333333333,264.0,8.3,-0.09999999999999964,8.333333333333334,8.371428571428572,9.6,-0.09999999999999964,9.766666666666667,9.185714285714285,9.8,-0.09999999999999964,9.866666666666667,10.028571428571428,143.0,320,-6.0,278.57142857142856,2.677916,2.67243,2.5547764285714285,3017.8571428571427,2730.0,18.2,0.3000000000000007,18.057142857142857,0.0,0.0,0.0,73.0,0.0,0.9638074231367307,-0.26659942067929354,1.0,6.123233995736766e-17
2024-04-17,3.2,0.10000000000000009,3.1333333333333333,3.0571428571428574,65.5,1.5,65.16666666666667,72.18571428571428,14.1,1.6999999999999993,12.333333333333334,10.857142857142858,248.0,-4.0,251.66666666666666,261.14285714285717,8.3,0.0,8.333333333333334,8.357142857142858,10.1,0.5,9.800000000000002,9.528571428571428,9.7,-0.10000000000000142,9.8,9.928571428571429,49.5,276,-44.0,286.14285714285717,2.553333,2.6425343333333333,2.5791514285714285,3529.0952380952385,3058.666666666667,18.2,0.0,18.057142857142857,0.0,0.0,0.0,79.0,0.0,0.9590788900341131,-0.28313898122818354,1.0,6.123233995736766e-17
2024-04-18,3.1,-0.10000000000000009,3.1333333333333333,3.0714285714285716,64.0,-1.5,64.5,70.44285714285715,13.6,-0.5,13.366666666666665,11.528571428571427,242.0,-6.0,247.33333333333334,257.14285714285717,8.2,-0.10000000000000142,8.266666666666666,8.32857142857143,7.6,-2.5,9.100000000000003,9.37142857142857,10.4,0.7000000000000011,9.966666666666667,9.971428571428572,52.9,266,-10.0,292.0,2.52,2.5837496666666664,2.5977824285714286,3903.066666666666,3234.733333333333,18.2,0.0,18.04285714285714,0.03,0.01,0.004285714285714286,70.0,0.0,0.9540665500578387,-0.2995947563972602,1.0,6.123233995736766e-17
2024-04-19,3.2,0.10000000000000009,3.1666666666666665,3.1000000000000005,62.8,-1.2000000000000028,64.10000000000001,68.25714285714285,12.0,-1.5999999999999996,13.233333333333334,11.742857142857142,240.0,-2.0,243.33333333333334,252.57142857142858,8.2,0.0,8.233333333333333,8.3,5.2,-2.3999999999999995,7.6333333333333355,8.814285714285715,11.1,0.6999999999999993,10.4,10.114285714285716,23.2,260,-6.0,292.14285714285717,2.501979,2.5251040000000002,2.5981395714285713,3866.02380952381,3176.0,18.1,-0.09999999999999787,18.057142857142857,0.0,0.01,0.004285714285714286,66.0,0.0,0.9487718864399473,-0.31596187665790293,1.0,6.123233995736766e-17
2024-04-20,3.3,0.09999999999999964,3.1999999999999997,3.142857142857143,62.0,-0.7999999999999972,62.93333333333334,66.04285714285714,11.5,-0.5,12.366666666666665,11.957142857142856,243.0,3.0,241.66666666666666,248.85714285714286,8.2,0.0,8.2,8.27142857142857,4.9,-0.2999999999999998,5.900000000000002,8.157142857142857,11.2,0.09999999999999964,10.9,10.285714285714286,73.1,251,-9.0,286.57142857142856,2.474583,2.498854,2.581026428571428,3543.933333333333,3005.1,18.4,0.29999999999999716,18.114285714285717,0.02,0.016666666666666666,0.0071428571428571435,74.0,0.0,0.9431964659565866,-0.33223549871590435,1.0,6.123233995736766e-17
2024-04-21,3.2,-0.09999999999999964,3.233333333333334,3.1714285714285717,61.0,-1.0,61.93333333333334,63.614285714285714,9.0,-2.5,10.833333333333334,11.87142857142857,245.0,2.0,242.66666666666666,246.42857142857142,8.2,0.0,8.2,8.257142857142856,8.5,3.5999999999999996,6.200000000000003,7.942857142857143,10.3,-0.8999999999999986,10.866666666666667,10.342857142857143,78.5,247,-4.0,278.0,2.462812,2.479791333333333,2.555282428571428,3011.666666666667,2654.166666666667,18.4,0.0,18.2,0.09,0.03666666666666667,0.02,33.0,0.0,0.9373419384643772,-0.3484108069446808,1.0,6.123233995736766e-17
2024-04-22,3.2,0.0,3.233333333333333,3.185714285714286,60.5,-0.5,61.166666666666664,62.82857142857143,6.0,-3.0,8.833333333333334,11.228571428571428,244.0,-1.0,244.0,244.85714285714286,8.3,0.10000000000000142,8.233333333333333,8.242857142857142,10.4,1.9000000000000004,7.933333333333336,8.042857142857143,9.7,-0.6000000000000014,10.4,10.314285714285715,14.0,245,-2.0,266.42857142857144,2.455416,2.4642703333333333,2.5208627142857147,2353.452380952381,2155.3333333333335,18.2,-0.1999999999999993,18.242857142857144,0.24,0.11666666666666665,0.054285714285714284,37.0,0.5,0.9312100364121947,-0.3644830148102912,1.0,6.123233995736766e-17
2024-04-23,3.3,0.09999999999999964,3.233333333333334,3.214285714285715,60.5,0.0,60.666666666666664,62.32857142857143,6.5,0.5,7.166666666666667,10.385714285714284,240.0,-4.0,243.0,243.14285714285714,8.2,-0.10000000000000142,8.233333333333333,8.228571428571428,10.0,-0.40000000000000036,9.633333333333335,8.1,9.9,0.20000000000000107,9.966666666666667,10.328571428571427,19.5,251,6.0,256.57142857142856,2.474375,2.464201,2.4917854285714287,1838.7619047619048,1720.0,17.9,-0.3000000000000007,18.2,0.04,0.12333333333333331,0.06,34.0,0.0,0.9248025743285089,-0.38044736628785164,1.0,6.123233995736766e-17
2024-04-24,3.2,-0.09999999999999964,3.233333333333333,3.2142857142857144,60.5,0.0,60.5,61.614285714285714,5.8,-0.7000000000000002,6.1000000000000005,9.200000000000001,232.0,-8.0,238.66666666666666,240.85714285714286,8.2,0.0,8.233333333333333,8.214285714285714,10.8,0.8000000000000007,10.400000000000002,8.200000000000001,9.7,-0.20000000000000107,9.766666666666666,10.328571428571427,7.8,246,-5.0,252.28571428571428,2.459166,2.4629856666666665,2.478333,1538.9428571428573,1415.2,17.2,-0.6999999999999993,18.057142857142857,0.0,0.09333333333333332,0.06,61.0,0.0,0.9181214482844365,-0.39629913726891813,1.0,6.123233995736766e-17
2024-04-25,3.2,0.0,3.233333333333334,3.2285714285714286,59.0,-1.5,60.0,60.9,6.0,0.20000000000000018,6.1000000000000005,8.114285714285714,228.0,-4.0,233.33333333333334,238.85714285714286,8.3,0.10000000000000142,8.233333333333333,8.228571428571428,11.3,0.5,10.700000000000003,8.72857142857143,9.5,-0.1999999999999993,9.700000000000001,10.200000000000001,11.0,251,5.0,250.14285714285714,2.47375,2.469097,2.4717258571428573,1525.8714285714286,1390.8000000000002,17.2,0.0,17.914285714285715,0.0,0.013333333333333334,0.055714285714285716,75.0,0.0,0.9111686353326631,-0.41203363695942635,1.0,6.123233995736766e-17
2024-04-26,3.2,0.0,3.2,3.228571428571428,57.5,-1.5,59.0,60.142857142857146,6.7,0.7000000000000002,6.166666666666667,7.357142857142857,223.0,-5.0,227.66666666666666,236.42857142857142,8.3,0.0,8.266666666666666,8.242857142857142,10.8,-0.5,10.966666666666669,9.528571428571428,9.6,0.09999999999999964,9.6,9.985714285714286,16.4,246,-5.0,248.14285714285714,2.460937,2.464617666666667,2.465862714285714,1530.2142857142858,1375.1666666666667,17.2,0.0,17.785714285714285,0.0,0.0,0.055714285714285716,61.0,0.0,0.9039461929224011,-0.42764620926777464,1.0,6.123233995736766e-17
2024-04-27,3.3,0.09999999999999964,3.233333333333334,3.2285714285714286,58.0,0.5,58.166666666666664,59.57142857142857,11.5,4.8,8.066666666666666,7.357142857142857,214.0,-9.0,221.66666666666666,232.28571428571428,8.1,-0.20000000000000107,8.233333333333333,8.22857142857143,8.1,-2.700000000000001,10.06666666666667,9.985714285714286,10.2,0.5999999999999996,9.766666666666667,9.842857142857142,22.3,296,50.0,254.57142857142858,2.608437,2.514374666666667,2.4849847142857144,2053.542857142857,1726.2666666666667,18.3,1.1000000000000014,17.77142857142857,0.0,0.0,0.05285714285714286,76.0,0.0,0.8964562582905575,-0.44313223418263453,1.0,6.123233995736766e-17
2024-04-28,3.2,-0.09999999999999964,3.233333333333333,3.228571428571428,57.5,-0.5,57.666666666666664,59.07142857142857,9.8,-1.6999999999999993,9.333333333333334,7.471428571428571,216.0,2.0,217.66666666666666,228.14285714285714,8.2,0.09999999999999964,8.2,8.22857142857143,8.9,0.8000000000000007,9.266666666666667,10.042857142857143,10.2,0.0,9.999999999999998,9.828571428571427,13.0,289,-7.0,260.57142857142856,2.592604,2.5539926666666664,2.5035264285714285,2432.0,2016.0000000000002,18.7,0.3999999999999986,17.814285714285713,0.0,0.0,0.039999999999999994,70.0,0.0,0.8887010478292915,-0.45848712914008766,1.0,6.123233995736766e-17
2024-04-29,3.3,0.09999999999999964,3.266666666666667,3.242857142857143,54.5,-3.0,56.666666666666664,58.214285714285715,8.2,-1.6000000000000014,9.833333333333334,7.785714285714286,223.0,7.0,217.66666666666666,225.14285714285714,8.2,0.0,8.166666666666666,8.214285714285714,10.3,1.4000000000000004,9.100000000000003,10.028571428571428,9.8,-0.3999999999999986,10.066666666666666,9.842857142857142,11.8,286,-3.0,266.42857142857144,2.583229,2.5947566666666666,2.521785428571429,2619.8809523809527,2192.8333333333335,18.7,0.0,17.885714285714283,0.81,0.27,0.12142857142857144,67.0,0.0,0.8806828564301475,-0.47370635037968,1.0,6.123233995736766e-17
2024-04-30,3.4,0.10000000000000009,3.2999999999999994,3.2571428571428567,53.0,-1.5,55.0,57.142857142857146,7.2,-0.9999999999999991,8.4,7.885714285714285,225.0,2.0,221.33333333333334,223.0,8.2,0.0,8.2,8.214285714285714,11.6,1.299999999999999,10.266666666666667,10.257142857142858,9.4,-0.40000000000000036,9.799999999999999,9.77142857142857,10.6,286,0.0,271.42857142857144,2.5825,2.5861110000000003,2.537231857142857,2280.0000000000005,1890.0,18.5,-0.1999999999999993,17.97142857142857,0.85,0.5533333333333333,0.23714285714285716,41.0,0.0,0.8724040568049612,-0.48878539428899265,1.0,6.123233995736766e-17
2024-05-01,3.2,-0.19999999999999973,3.3000000000000003,3.257142857142857,47.5,-5.5,51.666666666666664,55.285714285714285,7.3,0.09999999999999964,7.566666666666666,8.1,221.0,-4.0,223.0,221.42857142857142,8.2,0.0,8.2,8.214285714285714,11.8,0.20000000000000107,11.233333333333336,10.4,9.3,-0.09999999999999964,9.5,9.714285714285714,12.0,296,10.0,278.57142857142856,2.611458,2.5923956666666665,2.5589878571428573,2107.8571428571427,1672.2333333333333,18.5,0.0,18.157142857142855,0.0,0.5533333333333333,0.23714285714285716,59.0,0.0,0.8638670987837349,-0.503719798736334,0.8660254037844387,-0.4999999999999998
2024-05-02,3.4,0.19999999999999973,3.3333333333333335,3.2857142857142856,44.0,-3.5,48.166666666666664,53.142857142857146,8.2,0.8999999999999995,7.566666666666666,8.414285714285715,232.0,11.0,226.0,222.0,8.4,0.20000000000000107,8.266666666666666,8.22857142857143,11.0,-0.8000000000000007,11.466666666666669,10.357142857142858,9.7,0.3999999999999986,9.466666666666667,9.742857142857144,14.2,348,52.0,292.42857142857144,2.753958,2.649305333333333,2.5990175714285715,2212.709523809524,1755.4666666666667,18.4,-0.10000000000000142,18.328571428571426,0.0,0.2833333333333333,0.23714285714285716,67.0,0.0,0.8550745085896932,-0.518505144391157,0.8660254037844387,-0.4999999999999998
2024-05-03,3.5,0.10000000000000009,3.3666666666666667,3.3285714285714287,44.5,0.5,45.333333333333336,51.285714285714285,9.6,1.4000000000000004,8.366666666666667,8.828571428571427,249.0,17.0,234.0,225.71428571428572,8.3,-0.09999999999999964,8.299999999999999,8.228571428571428,11.1,0.09999999999999964,11.300000000000002,10.4,9.7,0.0,9.566666666666668,9.757142857142856,29.9,397,49.0,314.0,2.876458,2.747291333333333,2.658377714285714,2627.1333333333337,2083.3,18.4,0.0,18.5,0.0,0.0,0.23714285714285716,74.0,0.0,0.8460288880917339,-0.533137056031809,0.8660254037844387,-0.4999999999999998
2024-05-04,3.5,0.0,3.466666666666667,3.357142857142857,46.6,2.1000000000000014,45.03333333333333,49.65714285714285,19.2,9.6,12.333333333333334,9.928571428571429,264.0,15.0,248.33333333333334,232.85714285714286,8.3,0.0,8.333333333333334,8.257142857142856,10.4,-0.6999999999999993,10.833333333333336,10.72857142857143,9.9,0.20000000000000107,9.766666666666666,9.714285714285714,29.2,466,69.0,338.2857142857143,3.039895,2.8901036666666666,2.7200145714285715,4172.190476190476,3256.0,18.2,-0.1999999999999993,18.485714285714284,0.04,0.013333333333333334,0.24285714285714285,67.0,0.0,0.8367329140344921,-0.5476112038402312,0.8660254037844387,-0.4999999999999998
2024-05-05,3.7,0.20000000000000018,3.5666666666666664,3.4285714285714284,49.8,3.1999999999999957,46.96666666666667,48.55714285714286,16.3,-2.8999999999999986,15.033333333333331,10.857142857142858,261.0,-3.0,258.0,239.28571428571428,8.2,-0.10000000000000142,8.266666666666666,8.257142857142856,10.1,-0.3000000000000007,10.533333333333335,10.9,9.9,0.0,9.833333333333334,9.671428571428573,22.4,470,4.0,364.14285714285717,3.048229,2.988194,2.785103857142857,5474.280952380952,3923.6999999999994,17.7,-0.5,18.342857142857145,0.0,0.013333333333333334,0.24285714285714285,59.0,0.0,0.8271893372462497,-0.5619233046832195,0.8660254037844387,-0.4999999999999998
2024-05-06,3.7,0.0,3.6333333333333333,3.485714285714286,51.7,1.9000000000000057,49.36666666666667,48.15714285714285,16.1,-0.1999999999999993,17.2,11.985714285714286,258.0,-3.0,261.0,244.28571428571428,8.2,0.0,8.233333333333333,8.257142857142856,8.7,-1.4000000000000004,9.733333333333336,10.671428571428573,10.2,0.29999999999999893,10.0,9.72857142857143,23.4,473,3.0,390.85714285714283,3.05552,3.047881333333333,2.852574,6722.742857142856,4437.599999999999,17.9,0.1999999999999993,18.228571428571428,0.0,0.013333333333333334,0.12714285714285714,74.0,0.0,0.8174009818249189,-0.5760691233798758,0.8660254037844387,-0.4999999999999998
2024-05-07,3.7,0.0,3.7,3.5285714285714285,55.75,4.049999999999997,52.416666666666664,48.55,13.6,-2.5000000000000018,15.333333333333334,12.9,260.0,2.0,259.6666666666667,249.28571428571428,8.2,0.0,8.2,8.257142857142856,7.4,-1.299999999999999,8.733333333333334,10.071428571428571,10.6,0.40000000000000036,10.233333333333333,9.9,16.7,465,-8.0,416.42857142857144,3.025937,3.0432286666666664,2.9159221428571427,6385.238095238095,3986.666666666667,18.4,0.5,18.214285714285715,0.0,0.0,0.005714285714285714,62.0,0.0,0.8073707443023492,-0.5900444739548627,0.8660254037844387,-0.4999999999999998
2024-05-08,3.7,0.0,3.7,3.6,55.5,-0.25,54.31666666666666,49.692857142857136,13.5,-0.09999999999999964,14.4,13.785714285714286,264.0,4.0,260.6666666666667,255.42857142857142,8.3,0.10000000000000142,8.233333333333333,8.27142857142857,8.1,0.6999999999999993,8.066666666666668,9.542857142857143,10.5,-0.09999999999999964,10.433333333333332,10.071428571428571,14.6,464,-1.0,440.42857142857144,3.005833,3.0290966666666663,2.9722614285714286,6342.171428571429,3801.6,18.4,0.0,18.2,0.0,0.0,0.005714285714285714,76.0,0.0,0.7971015927871943,-0.6038452208771035,0.8660254037844387,-0.4999999999999998
2024-05-09,3.5,-0.20000000000000018,3.6333333333333333,3.6142857142857143,58.2,2.700000000000003,56.48333333333334,51.721428571428575,12.0,-1.5,13.033333333333333,14.328571428571427,265.0,1.0,263.0,260.14285714285717,8.3,0.0,8.266666666666666,8.257142857142856,7.5,-0.5999999999999996,7.666666666666669,9.042857142857143,10.7,0.1999999999999993,10.6,10.214285714285714,13.9,462,-2.0,456.7142857142857,2.999791,3.0105203333333335,3.007380428571429,5952.509523809524,3453.8333333333335,18.7,0.3000000000000007,18.24285714285714,0.0,0.0,0.005714285714285714,54.0,0.0,0.7865965660866021,-0.6174672802835514,0.8660254037844387,-0.4999999999999998
2024-05-10,3.5,0.0,3.566666666666667,3.6142857142857143,58.9,0.6999999999999957,57.53333333333334,53.778571428571425,9.4,-2.5999999999999996,11.633333333333333,14.299999999999999,263.0,-2.0,264.0,262.14285714285717,8.3,0.0,8.3,8.257142857142858,7.5,0.0,7.700000000000002,8.528571428571428,10.8,0.10000000000000142,10.666666666666666,10.37142857142857,12.4,473,11.0,467.57142857142856,3.024375,3.009999666666667,3.028511428571428,5439.414285714285,3059.5666666666666,18.8,0.10000000000000142,18.3,0.0,0.0,0.005714285714285714,55.0,0.0,0.7758587728069828,-0.6309066211876704,0.8660254037844387,-0.4999999999999998
2024-05-11,3.5,0.0,3.5,3.6142857142857143,60.5,1.6000000000000014,59.20000000000001,55.76428571428572,9.5,0.09999999999999964,10.299999999999999,12.914285714285715,262.0,-1.0,263.3333333333333,261.85714285714283,8.3,0.0,8.3,8.257142857142856,8.2,0.6999999999999993,7.733333333333334,8.214285714285714,10.6,-0.20000000000000107,10.700000000000001,10.471428571428572,15.3,476,3.0,469.0,3.030416,3.018194,3.027157285714286,4830.7,2698.6,19.8,1.0,18.52857142857143,0.0,0.0,0.0,56.0,0.0,0.7648913904341226,-0.6441592666722685,0.8660254037844387,-0.4999999999999998
2024-05-12,3.6,0.10000000000000009,3.533333333333333,3.6000000000000005,60.5,0.0,59.96666666666666,57.292857142857144,29.1,19.6,16.0,14.742857142857144,246.0,-16.0,257.0,259.7142857142857,8.1,-0.20000000000000107,8.233333333333333,8.242857142857142,7.2,-0.9999999999999991,7.6333333333333355,7.8,10.6,0.0,10.666666666666666,10.571428571428571,89.4,600,124.0,487.57142857142856,3.274166,3.1096523333333335,3.059434,7801.142857142857,3936.0,20.9,1.0999999999999979,18.985714285714284,0.18,0.06,0.025714285714285714,51.0,0.0,0.753697664392914,-0.6572212950663319,0.8660254037844387,-0.4999999999999998
2024-05-13,3.5,-0.10000000000000009,3.533333333333333,3.5714285714285716,61.0,0.5,60.666666666666664,58.621428571428574,55.8,26.699999999999996,31.46666666666667,20.41428571428571,239.0,-7.0,249.0,257.0,7.8,-0.2999999999999998,8.066666666666666,8.185714285714287,8.5,1.2999999999999998,7.966666666666669,7.771428571428571,10.1,-0.5,10.433333333333332,10.557142857142859,76.7,670,70.0,515.7142857142857,3.406666,3.237082666666667,3.1095977142857145,16227.809523809523,7520.533333333334,20.8,-0.09999999999999787,19.400000000000002,0.0,0.06,0.025714285714285714,50.0,0.0,0.742280907086982,-0.6700888411055113,0.8660254037844387,-0.4999999999999998
2024-05-14,3.5,0.0,3.533333333333333,3.542857142857143,61.5,0.5,61.0,59.44285714285714,47.7,-8.099999999999994,44.199999999999996,25.285714285714285,222.0,-17.0,235.66666666666666,251.57142857142858,7.9,0.10000000000000053,7.933333333333333,8.142857142857144,10.3,1.8000000000000007,8.66666666666667,8.185714285714285,9.5,-0.5999999999999996,10.066666666666665,10.4,56.8,622,-48.0,538.1428571428571,3.322291,3.334374333333333,3.1519340000000002,23785.914285714283,9812.4,20.9,0.09999999999999787,19.757142857142856,0.07,0.08333333333333333,0.03571428571428571,63.0,0.0,0.7306444969184916,-0.6827580970759147,0.8660254037844387,-0.4999999999999998
2024-05-15,3.9,0.3999999999999999,3.6333333333333333,3.5714285714285716,61.0,-0.5,61.166666666666664,60.228571428571435,41.2,-6.5,48.23333333333334,29.24285714285714,209.0,-13.0,223.33333333333334,243.71428571428572,7.9,0.0,7.866666666666666,8.085714285714285,11.4,1.0999999999999996,10.06666666666667,8.657142857142857,9.3,-0.1999999999999993,9.633333333333333,10.228571428571428,59.9,730,108.0,576.1428571428571,3.498125,3.409027333333333,3.2222614285714286,27789.29047619048,10080.766666666668,20.6,-0.29999999999999716,20.071428571428573,0.75,0.2733333333333334,0.14285714285714285,53.0,0.0,0.7187918772884232,-0.6952253139408722,0.8660254037844387,-0.4999999999999998
2024-05-16,4.8,0.8999999999999999,4.066666666666666,3.757142857142857,58.0,-3.0,60.166666666666664,60.199999999999996,47.7,6.5,45.53333333333333,34.34285714285714,231.0,22.0,220.66666666666666,238.85714285714286,7.9,0.0,7.9,8.028571428571428,12.3,0.9000000000000004,11.333333333333336,9.342857142857143,9.2,-0.10000000000000142,9.333333333333334,10.014285714285714,60.0,1060,330.0,661.5714285714286,4.006979,3.6091316666666664,3.3661454285714285,30123.55238095238,10518.199999999999,20.3,-0.3000000000000007,20.3,0.04,0.2866666666666667,0.14857142857142858,71.0,0.0,0.7067265555776158,-0.7074868024503348,0.8660254037844387,-0.4999999999999998
2024-05-17,5.3,0.5,4.666666666666667,4.014285714285714,55.5,-2.5,58.166666666666664,59.714285714285715,29.8,-17.900000000000002,39.56666666666667,37.25714285714286,234.0,3.0,224.66666666666666,234.71428571428572,8.0,0.09999999999999964,7.933333333333334,7.985714285714287,12.5,0.1999999999999993,12.06666666666667,10.057142857142859,9.1,-0.09999999999999964,9.2,9.771428571428572,42.7,1090,30.0,749.7142857142857,4.076979,3.8606943333333335,3.516517428571429,29663.69523809524,9258.6,19.9,-0.40000000000000213,20.457142857142856,0.04,0.27666666666666667,0.1542857142857143,74.0,0.0,0.6944521021088763,-0.719538934232584,0.8660254037844387,-0.4999999999999998
2024-05-18,6.4,1.1000000000000005,5.5,4.428571428571429,56.0,0.5,56.5,59.07142857142857,25.9,-3.900000000000002,34.46666666666666,39.6,229.0,-5.0,231.33333333333334,230.0,8.0,0.0,7.966666666666666,7.942857142857144,11.8,-0.6999999999999993,12.200000000000003,10.571428571428571,9.4,0.3000000000000007,9.233333333333333,9.6,31.1,1070,-20.0,834.5714285714286,4.033437,4.039131666666667,3.6598061428571427,28764.895238095232,7892.866666666666,19.6,-0.29999999999999716,20.428571428571427,0.04,0.04,0.16,65.0,0.0,0.6819721490904629,-0.7313781428679254,0.8660254037844387,-0.4999999999999998
2024-05-19,5.5,-0.9000000000000004,5.733333333333333,4.7,56.0,0.0,55.833333333333336,58.42857142857143,24.0,-1.8999999999999986,26.566666666666666,38.871428571428574,224.0,-5.0,229.0,226.85714285714286,8.0,0.0,8.0,7.928571428571429,12.2,0.3999999999999986,12.16666666666667,11.285714285714286,9.3,-0.09999999999999964,9.266666666666667,9.414285714285715,27.9,1060,-10.0,900.2857142857143,4.017708,4.042708,3.7660264285714287,23917.59047619048,5950.933333333333,19.2,-0.40000000000000213,20.185714285714287,0.0,0.02666666666666666,0.13428571428571429,72.0,0.0,0.6692903895412567,-0.7430009249440493,0.8660254037844387,-0.4999999999999998
2024-05-20,5.6,0.09999999999999964,5.833333333333333,5.0,54.5,-1.5,55.5,57.5,23.4,-0.6000000000000014,24.433333333333334,34.24285714285714,219.0,-5.0,224.0,224.0,8.0,0.0,8.0,7.957142857142857,12.3,0.10000000000000142,12.100000000000001,11.828571428571427,9.2,-0.10000000000000142,9.299999999999999,9.285714285714286,25.3,1040,-20.0,953.1428571428571,4.001562,4.017568999999999,3.8510115714285713,23288.457142857143,5350.9,18.9,-0.3000000000000007,19.914285714285715,0.0,0.013333333333333334,0.13428571428571429,77.0,0.0,0.6564105761979381,-0.7544038410927472,0.8660254037844387,-0.4999999999999998
2024-05-21,5.1,-0.5,5.3999999999999995,5.228571428571429,55.0,0.5,55.166666666666664,56.57142857142857,23.4,0.0,23.599999999999998,30.771428571428572,214.0,-5.0,219.0,222.85714285714286,8.0,0.0,8.0,7.971428571428571,11.3,-1.0,11.933333333333337,11.971428571428573,9.4,0.20000000000000107,9.3,9.271428571428572,24.9,1050,10.0,1014.2857142857143,4.01427,4.0111799999999995,3.949865714285714,23937.142857142855,5050.4,19.2,0.3000000000000007,19.67142857142857,0.0,0.0,0.12428571428571429,70.0,0.0,0.6433365204044917,-0.765583517007675,0.8660254037844387,-0.4999999999999998
2024-05-22,5.2,0.10000000000000053,5.3,5.414285714285714,54.5,-0.5,54.666666666666664,55.642857142857146,23.6,0.20000000000000284,23.466666666666665,28.257142857142856,216.0,2.0,216.33333333333334,223.85714285714286,8.1,0.09999999999999964,8.033333333333333,8.0,10.7,-0.6000000000000014,11.433333333333335,11.87142857142857,9.6,0.1999999999999993,9.4,9.314285714285715,25.9,993,-57.0,1051.857142857143,3.920625,3.978819,4.010222857142857,24683.58095238095,5068.799999999999,19.0,-0.1999999999999993,19.442857142857143,0.0,0.0,0.017142857142857144,78.0,0.0,0.6300720909843687,-0.7765366444428655,0.8660254037844387,-0.4999999999999998
2024-05-23,5.0,-0.20000000000000018,5.1000000000000005,5.442857142857142,53.5,-1.0,54.333333333333336,55.0,21.6,-2.0,22.86666666666667,24.52857142857143,216.0,0.0,215.33333333333334,221.71428571428572,8.1,0.0,8.066666666666665,8.028571428571428,11.7,1.0,11.233333333333336,11.785714285714286,9.2,-0.40000000000000036,9.399999999999999,9.314285714285715,24.0,942,-51.0,1035.0,3.838854,3.9245829999999997,3.9862050000000004,23667.000000000004,4939.200000000001,18.4,-0.6000000000000014,19.17142857142857,0.01,0.0033333333333333335,0.012857142857142857,66.0,0.0,0.6166212130956382,-0.7872599821916922,0.8660254037844387,-0.4999999999999998
2024-05-24,4.9,-0.09999999999999964,5.033333333333333,5.385714285714286,53.0,-0.5,53.666666666666664,54.642857142857146,23.2,1.5999999999999979,22.8,23.585714285714285,211.0,-5.0,214.33333333333334,218.42857142857142,8.0,-0.09999999999999964,8.066666666666665,8.028571428571428,11.9,0.20000000000000107,11.433333333333335,11.700000000000001,9.1,-0.09999999999999964,9.299999999999999,9.314285714285715,28.5,930,-12.0,1012.1428571428571,3.825416,3.8616316666666664,3.9502674285714283,23076.85714285714,4810.8,18.0,-0.3999999999999986,18.900000000000002,0.16,0.05666666666666667,0.030000000000000002,59.0,0.0,0.6029878670694714,-0.7977503570459932,0.8660254037844387,-0.4999999999999998
2024-05-25,4.9,0.0,4.933333333333334,5.171428571428572,51.5,-1.5,52.666666666666664,54.0,22.6,-0.5999999999999979,22.46666666666667,23.114285714285717,209.0,-2.0,212.0,215.57142857142858,8.0,0.0,8.033333333333331,8.028571428571428,12.0,0.09999999999999964,11.866666666666669,11.72857142857143,9.0,-0.09999999999999964,9.1,9.257142857142856,28.0,885,-45.0,985.7142857142857,3.782083,3.815451,3.914359714285714,22145.714285714286,4695.533333333334,17.6,-0.3999999999999986,18.614285714285717,0.0,0.05666666666666667,0.024285714285714282,71.0,0.0,0.5891760872322963,-0.8080046647350754,0.8660254037844387,-0.4999999999999998
2024-05-26,4.8,-0.10000000000000053,4.866666666666667,5.071428571428571,54.0,2.5,52.833333333333336,53.714285714285715,24.8,2.1999999999999993,23.53333333333333,23.22857142857143,208.0,-1.0,209.33333333333334,213.28571428571428,8.0,0.0,8.0,8.028571428571428,12.6,0.5999999999999996,12.16666666666667,11.785714285714286,8.9,-0.09999999999999964,9.0,9.2,30.2,848,-37.0,955.4285714285714,3.73625,3.781249666666667,3.874151428571429,22484.419047619045,4894.9333333333325,17.2,-0.40000000000000213,18.32857142857143,0.0,0.05333333333333334,0.024285714285714282,79.0,0.0,0.5751899607119775,-0.8180198708443175,0.8660254037844387,-0.4999999999999998
2024-05-27,4.8,0.0,4.833333333333333,4.957142857142857,52.0,-2.0,52.5,53.357142857142854,21.8,-3.0,23.066666666666666,23.0,208.0,0.0,208.33333333333334,211.71428571428572,8.0,0.0,8.0,8.028571428571428,12.3,-0.29999999999999893,12.300000000000002,11.785714285714286,9.1,0.1999999999999993,9.0,9.185714285714285,28.8,813,-35.0,923.0,3.69125,3.736527666666667,3.829821142857143,21290.533333333333,4797.866666666667,16.7,-0.5,18.014285714285712,0.0,0.0,0.024285714285714282,65.0,0.0,0.5610336262283677,-0.8277930117131022,0.8660254037844387,-0.4999999999999998
2024-05-28,4.6,-0.20000000000000018,4.733333333333333,4.885714285714286,49.0,-3.0,51.666666666666664,52.5,21.3,-0.5,22.633333333333336,22.7,202.0,-6.0,206.0,210.0,8.0,0.0,8.0,8.028571428571428,12.5,0.1999999999999993,12.466666666666669,11.957142857142856,9.0,-0.09999999999999964,9.0,9.128571428571428,27.4,826,13.0,891.0,3.707916,3.711805333333333,3.786056285714286,20166.300000000003,4571.933333333334,16.0,-0.6999999999999993,17.557142857142857,0.0,0.0,0.024285714285714282,74.0,0.0,0.5467112728685939,-0.8373211953118121,0.8660254037844387,-0.4999999999999998
2024-05-29,4.6,0.0,4.666666666666666,4.799999999999999,52.0,3.0,51.0,52.142857142857146,21.9,0.5999999999999979,21.666666666666668,22.45714285714286,200.0,-2.0,203.33333333333334,207.71428571428572,,,8.0,8.016666666666667,12.2,-0.3000000000000007,12.333333333333336,12.171428571428573,,,9.05,9.049999999999999,23.6,838,12.0,868.8571428571429,3.723958,3.7077080000000002,3.7579610000000003,18825.238095238095,4333.333333333334,15.3,-0.6999999999999993,17.02857142857143,0.0,0.0,0.024285714285714282,70.0,0.0,0.5322271388474397,-0.8466016020976267,0.8660254037844387,-0.4999999999999998
2024-05-30,4.5,-0.09999999999999964,4.566666666666666,4.728571428571428,50.0,-2.0,50.333333333333336,51.642857142857146,23.1,1.2000000000000028,22.099999999999998,22.671428571428574,197.0,-3.0,199.66666666666666,205.0,,,,8.0,12.3,0.10000000000000142,12.333333333333336,12.257142857142856,,,,9.02,25.1,854,16.0,856.2857142857143,3.744062,3.725312,3.7444192857142857,18923.914285714283,4353.7,14.4,-0.9000000000000004,16.45714285714286,0.0,0.0,0.022857142857142857,76.0,0.0,0.5175855102531889,-0.8556314858488706,0.8660254037844387,-0.4999999999999998
2024-05-31,4.6,0.09999999999999964,4.566666666666666,4.685714285714285,50.0,0.0,50.666666666666664,51.214285714285715,26.0,2.8999999999999986,23.666666666666668,23.071428571428573,193.0,-4.0,196.66666666666666,202.42857142857142,,,,8.0,12.7,0.3999999999999986,12.400000000000004,12.37142857142857,,,,9.0,29.7,885,31.0,849.8571428571429,3.786666,3.751562,3.738883571428572,20113.285714285717,4567.666666666667,13.5,-0.9000000000000004,15.814285714285715,0.0,0.0,0.0,75.0,0.0,0.5027907197793043,-0.8644081744776648,0.8660254037844387,-0.4999999999999998
2024-06-01,4.5,-0.09999999999999964,4.533333333333333,4.628571428571428,45.9,-4.100000000000001,48.63333333333333,50.41428571428571,26.0,0.0,25.03333333333333,23.557142857142857,191.0,-2.0,193.66666666666666,199.85714285714286,,,,,12.6,-0.09999999999999964,12.533333333333337,12.457142857142856,,,,,35.7,891,6.0,850.7142857142857,3.794375,3.7750343333333336,3.7406395714285714,21296.214285714283,4781.366666666666,12.9,-0.5999999999999996,15.142857142857142,0.0,0.0,0.0,81.0,0.0,0.4878471454423119,-0.8729290708206411,0.49999999999999994,-0.8660254037844387
2024-06-02,4.6,0.09999999999999964,4.566666666666666,4.6000000000000005,49.8,3.8999999999999986,48.56666666666666,49.81428571428571,28.8,2.8000000000000007,26.933333333333337,24.128571428571426,191.0,0.0,191.66666666666666,197.42857142857142,,,,,12.7,0.09999999999999964,12.66666666666667,12.471428571428572,,,,,38.1,907,16.0,859.1428571428571,3.815208,3.798749666666667,3.751919285714286,23139.580952380955,5144.266666666667,11.9,-1.0,14.385714285714286,0.0,0.0,0.0,75.0,0.0,0.47275920928627757,-0.881191653407483,0.49999999999999994,-0.8660254037844387
2024-06-03,4.5,-0.09999999999999964,4.533333333333333,4.557142857142857,47.7,-2.0999999999999943,47.800000000000004,49.199999999999996,28.8,0.0,27.86666666666667,25.12857142857143,190.0,-1.0,190.66666666666666,194.85714285714286,,,,,13.1,0.40000000000000036,12.800000000000002,12.585714285714287,,,,,39.2,929,22.0,875.7142857142857,3.848541,3.8193746666666666,3.7743894285714283,24403.2380952381,5294.666666666668,11.1,-0.8000000000000007,13.585714285714285,0.0,0.0,0.0,70.0,0.0,0.4575313760742512,-0.8891934772070711,0.49999999999999994,-0.8660254037844387
2024-06-04,4.5,0.0,4.533333333333333,4.542857142857143,49.5,1.7999999999999972,49.0,49.271428571428565,24.2,-4.600000000000001,27.26666666666667,25.542857142857144,193.0,3.0,191.33333333333334,193.57142857142858,,,,,13.6,0.5,13.133333333333335,12.742857142857144,,,,,43.0,932,3.0,890.8571428571429,3.853541,3.8390966666666664,3.795193,24290.704761904766,5262.466666666667,10.1,-1.0,12.742857142857144,0.0,0.0,0.0,80.0,0.0,0.44216815196707204,-0.8969321743510065,0.49999999999999994,-0.8660254037844387
2024-06-05,4.5,0.0,4.5,4.5285714285714285,50.5,1.0,49.23333333333334,49.05714285714286,27.5,3.3000000000000007,26.833333333333332,26.342857142857138,193.0,0.0,192.0,192.57142857142858,,,,,13.9,0.3000000000000007,13.533333333333337,12.985714285714286,,,,,35.0,948,16.0,906.5714285714286,3.878125,3.8600689999999998,3.817216857142857,24326.333333333332,5178.833333333333,8.8,-1.299999999999999,11.814285714285715,0.0,0.0,0.0,82.0,0.0,0.42667408318992467,-0.9044054548343001,0.49999999999999994,-0.8660254037844387
2024-06-06,4.4,-0.09999999999999964,4.466666666666667,4.514285714285714,49.8,-0.7000000000000028,49.93333333333333,49.028571428571425,33.5,6.0,28.400000000000002,27.82857142857143,,,193.0,191.83333333333334,,,,,14.9,1.0,14.133333333333335,13.357142857142858,,,,,55.3,1010,62.0,928.8571428571429,3.98177,3.9044786666666664,3.851175142857143,26379.54285714286,,7.4,-1.4000000000000004,10.814285714285715,0.0,0.0,0.0,84.0,0.0,0.4110537546870351,-0.9116111071930239,0.49999999999999994,-0.8660254037844387
2024-06-07,4.4,0.0,4.433333333333334,4.485714285714286,50.8,1.0,50.36666666666667,49.142857142857146,37.0,3.5,32.666666666666664,29.400000000000002,,,,191.6,,,,,14.9,0.0,14.56666666666667,13.671428571428573,,,,,50.2,1060,50.0,953.8571428571429,4.058437,3.972777333333333,3.889999571428571,31159.333333333332,,5.9,-1.5,9.728571428571428,0.0,0.0,0.0,84.0,0.0,0.3953117887649151,-0.9185469991587165,0.49999999999999994,-0.8660254037844387
2024-06-08,4.4,0.0,4.4,4.471428571428571,49.0,-1.7999999999999972,49.86666666666667,49.58571428571429,,,35.25,29.96666666666667,,,,191.75,,,,,14.7,-0.20000000000000107,14.833333333333336,13.971428571428572,,,,,,1120,60.0,986.5714285714286,4.155312,4.065173,3.9415620000000002,34776.642857142855,,4.5,-1.4000000000000004,8.528571428571428,0.0,0.0,0.0,86.0,0.0,0.37945284372454435,-0.925211078289358,0.49999999999999994,-0.8660254037844387
2024-06-09,4.5,0.09999999999999964,4.433333333333334,4.457142857142857,48.0,-1.0,49.26666666666667,49.32857142857143,,,,30.2,,,,,,,,,14.3,-0.3999999999999986,14.633333333333335,14.200000000000001,,,,,,1140,20.0,1019.8571428571429,4.1725,4.128749666666667,3.992603714285714,,,3.0,-1.5,7.257142857142858,0.0,0.0,0.0,86.0,0.0,0.36348161248290634,-0.9316013725767187,0.49999999999999994,-0.8660254037844387
2024-06-10,4.4,-0.09999999999999964,4.433333333333334,4.442857142857143,46.5,-1.5,47.833333333333336,49.15714285714286,,,,30.550000000000004,,,,,,,,,,,14.500000000000004,14.383333333333333,,,,,,1220,80.0,1061.4285714285713,4.293437,4.207083,4.056160285714286,,,1.7,-1.3,5.914285714285714,0.0,0.0,0.0,89.0,0.0,0.3474028211842774,-0.9377159910299093,0.49999999999999994,-0.8660254037844387
2024-06-11,4.5,0.09999999999999964,4.466666666666667,4.442857142857143,45.3,-1.2000000000000028,46.599999999999994,48.557142857142864,,,,,,,,,,,,,,,,14.540000000000001,,,,,,1240,20.0,1105.4285714285713,4.33625,4.267395666666666,4.125118714285715,,,0.6,-1.1,4.557142857142857,0.0,0.0,0.0,81.0,0.0,0.3312212278016865,-0.9435531242349544,0.49999999999999994,-0.8660254037844387
2024-06-12,4.5,0.0,4.466666666666667,4.442857142857143,48.0,2.700000000000003,46.599999999999994,48.2,,,,,,,,,,,,,,,,14.700000000000001,,,,,,1280,40.0,1152.857142857143,4.383437,4.337708,4.197306142857143,,,0.0,-0.6,3.3000000000000003,0.02,0.006666666666666667,0.002857142857142857,76.0,0.0,0.31494162072895193,-0.9491110448902284,0.49999999999999994,-0.8660254037844387
2024-06-13,4.5,0.0,4.5,4.457142857142857,50.0,2.0,47.76666666666666,48.228571428571435,,,,,,,,,,,,,,,,,,,,,,1300,20.0,1194.2857142857142,4.425833,4.3818399999999995,4.260743714285715,,,0.0,0.0,2.242857142857143,0.0,0.006666666666666667,0.002857142857142857,78.0,0.0,0.2985688173637202,-0.9543881083175908,0.49999999999999994,-0.8660254037844387
2024-06-14,4.4,-0.09999999999999964,4.466666666666667,4.457142857142857,49.5,-0.5,49.166666666666664,48.042857142857144,,,,,,,,,,,,,,,,,,,,,,1290,-10.0,1227.142857142857,4.416979,4.408749666666666,4.311964000000001,,,0.0,0.0,1.4000000000000001,0.0,0.006666666666666667,0.002857142857142857,83.0,0.0,0.2821076626819194,-0.9593827529490743,0.49999999999999994,-0.8660254037844387
2024-06-15,4.3,-0.10000000000000053,4.3999999999999995,4.442857142857143,52.5,3.0,50.666666666666664,48.542857142857144,,,,,,,,,,,,,,,,,,,,,,1270,-20.0,1248.5714285714287,4.379895,4.407569,4.344047285714286,,,0.0,0.0,0.7571428571428571,0.0,0.0,0.002857142857142857,86.0,0.0,0.26556302780405594,-0.9640935007889755,0.49999999999999994,-0.8660254037844387
2024-06-16,4.2,-0.09999999999999964,4.3,4.4,54.0,1.5,52.0,49.4,,,,,,,,,,,,,,,,,,,,,,1280,10.0,1268.5714285714287,4.404791,4.400555000000001,4.377231714285714,,,0.0,0.0,0.32857142857142857,0.0,0.0,0.002857142857142857,90.0,0.0,0.24893980855376657,-0.9685189578512204,0.49999999999999994,-0.8660254037844387
2024-06-17,4.1,-0.10000000000000053,4.2,4.357142857142857,54.5,0.5,53.666666666666664,50.542857142857144,,,,,,,,,,,,,,,,,,,,,,1290,10.0,1278.5714285714287,4.415312,4.399999333333334,4.394642428571428,,,0.0,0.0,0.08571428571428572,0.0,0.0,0.002857142857142857,78.0,0.0,0.23224292400907015,-0.9726578145718654,0.49999999999999994,-0.8660254037844387
2024-06-18,4.0,-0.09999999999999964,4.1000000000000005,4.285714285714286,59.0,4.5,55.833333333333336,52.5,,,,,,,,,,,,,,,,,,,,,,1320,30.0,1290.0,4.459166,4.426423,4.412201857142857,,,0.0,0.0,0.0,0.0,0.0,0.002857142857142857,85.0,0.0,0.21547731504673012,-0.976508846196619,0.49999999999999994,-0.8660254037844387
2024-06-19,4.0,0.0,4.033333333333333,4.214285714285714,57.4,-1.6000000000000014,56.96666666666667,53.84285714285714,,,,,,,,,,,,,,,,,,,,,,1370,50.0,1302.857142857143,4.524583,4.4663536666666666,4.432365571428571,,,0.0,0.0,0.0,0.0,0.0,0.0,82.0,0.0,0.19864794288017112,-0.9800709131432666,0.49999999999999994,-0.8660254037844387
2024-06-20,4.1,0.09999999999999964,4.033333333333333,4.1571428571428575,57.5,0.10000000000000142,57.96666666666667,54.91428571428571,,,,,,,,,,,,,,,,,,,,,,1360,-10.0,1311.4285714285713,4.516979,4.500242666666667,4.445386428571429,,,0.0,0.0,0.0,0.0,0.0,0.0,92.0,0.0,0.18175978759137534,-0.9833429613388902,0.49999999999999994,-0.8660254037844387
2024-06-21,4.1,0.0,4.066666666666666,4.114285714285715,59.5,2.0,58.13333333333333,56.34285714285714,,,,,,,,,,,,,,,,,,,,,,1380,20.0,1324.2857142857142,4.55427,4.531943999999999,4.464999428571429,,,0.0,0.0,0.0,0.0,0.0,0.0,71.0,0.0,0.16481784665719793,-0.9863240225317866,0.49999999999999994,-0.8660254037844387
2024-06-22,4.1,0.0,4.1,4.085714285714286,57.5,-2.0,58.166666666666664,57.05714285714286,,,,,,,,,,,,,,,,,,,,,,1340,-40.0,1334.2857142857142,4.4875,4.519583,4.480371571428571,,,0.0,0.0,0.0,0.0,0.0,0.0,72.0,0.0,0.14782713347053048,-0.9890132145779883,0.49999999999999994,-0.8660254037844387
2024-06-23,4.2,0.10000000000000053,4.133333333333333,4.085714285714285,60.0,2.5,59.0,57.91428571428571,,,,,,,,,,,,,,,,,,,,,,1270,-70.0,1332.857142857143,4.382291,4.474687,4.477157285714286,,,0.0,0.0,0.0,0.15,0.049999999999999996,0.02142857142857143,89.0,0.0,0.13079267585675922,-0.9914097417023038,0.49999999999999994,-0.8660254037844387
2024-06-24,4.1,-0.10000000000000053,4.133333333333333,4.085714285714285,60.5,0.5,59.333333333333336,58.771428571428565,,,,,,,,,,,,,,,,,,,,,,1200,-70.0,1320.0,4.285625,4.385138666666666,4.458630571428571,,,0.0,0.0,0.0,0.4,0.18333333333333335,0.07857142857142858,79.0,0.0,0.11371951458594969,-0.9935128947338007,0.49999999999999994,-0.8660254037844387
2024-06-25,4.1,0.0,4.133333333333333,4.1,59.0,-1.5,59.833333333333336,58.771428571428565,,,,,,,,,,,,,,,,,,,,,,1160,-40.0,1297.142857142857,4.226041,4.2979856666666665,4.425327,,,0.0,0.0,0.0,0.0,0.18333333333333335,0.07857142857142858,85.0,0.0,0.0966127018812031,-0.9953220513156602,0.49999999999999994,-0.8660254037844387
2024-06-26,4.0,-0.09999999999999964,4.066666666666666,4.1,58.7,-0.29999999999999716,59.4,58.957142857142856,,,,,,,,,,,,,,,,,,,,,,1150,-10.0,1265.7142857142858,4.209791,4.240485666666667,4.380356714285715,,,0.0,0.0,0.0,0.0,0.13333333333333333,0.07857142857142858,90.0,0.0,0.07947729992362097,-0.9968366760893436,0.49999999999999994,-0.8660254037844387
2024-06-27,4.0,0.0,4.033333333333332,4.085714285714286,62.4,3.6999999999999957,60.03333333333333,59.65714285714286,,,,,,,,,,,,,,,,,,,,,,1130,-20.0,1232.857142857143,4.176145,4.203992333333333,4.331666142857143,,,0.0,0.0,0.0,0.03,0.01,0.08285714285714287,87.0,0.0,0.062318379354325076,-0.998056320853012,0.49999999999999994,-0.8660254037844387
2024-06-28,3.9,-0.10000000000000009,3.966666666666667,4.057142857142857,61.6,-0.7999999999999972,60.9,59.957142857142856,,,,,,,,,,,,,,,,,,,,,,1120,-10.0,1195.7142857142858,4.153333,4.179756333333334,4.274389428571428,,,0.0,0.0,0.0,0.0,0.01,0.08285714285714287,92.0,0.0,0.04514101777397193,-0.9989806246941579,0.49999999999999994,-0.8660254037844387
2024-06-29,3.9,0.0,3.9333333333333336,4.028571428571428,62.5,0.8999999999999986,62.166666666666664,60.67142857142857,,,,,,,,,,,,,,,,,,,,,,1090,-30.0,1160.0,4.111145,4.146874333333334,4.220624428571428,,,0.0,0.0,0.0,0.22,0.08333333333333333,0.1142857142857143,85.0,0.0,0.02795029824021032,-0.999609314096404,0.49999999999999994,-0.8660254037844387
2024-06-30,3.8,-0.10000000000000009,3.8666666666666667,3.971428571428571,65.5,3.0,63.199999999999996,61.457142857142856,,,,,,,,,,,,,,,,,,,,,,1090,0.0,1134.2857142857142,4.117187,4.127221666666667,4.182752428571429,,,0.0,0.0,0.0,0.0,0.07333333333333333,0.09285714285714286,89.0,0.0,0.01075130776352193,-0.9999422030204416,0.49999999999999994,-0.8660254037844387
2024-07-01,3.7,-0.09999999999999964,3.7999999999999994,3.914285714285714,63.0,-2.5,63.666666666666664,61.81428571428571,,,,,,,,,,,,,,,,,,,,,,1110,20.0,1121.4285714285713,4.14302,4.123784000000001,4.162380285714286,,,0.0,0.0,0.0,0.0,0.07333333333333333,0.03571428571428571,88.0,0.0,-0.00645086419810515,-0.9999791929590823,1.2246467991473532e-16,-1.0
2024-07-02,3.6,-0.10000000000000009,3.6999999999999997,3.8428571428571425,63.1,0.10000000000000142,63.86666666666667,62.4,,,,,,,,,,,,,,,,,,,,,,1100,-10.0,1112.857142857143,4.127604,4.129270333333333,4.148317857142857,,,0.0,0.0,0.0,0.07,0.023333333333333334,0.045714285714285714,79.0,0.0,-0.023651127245231586,-0.9997202729664083,1.2246467991473532e-16,-1.0
2024-07-03,3.5,-0.10000000000000009,3.6,3.7714285714285714,65.6,2.499999999999993,63.9,63.38571428571429,,,,,,,,,,,,,,,,,,,,,,1060,-40.0,1100.0,4.070416,4.11368,4.128407142857143,,,0.0,0.0,0.0,0.06,0.043333333333333335,0.054285714285714284,81.0,0.0,-0.04084439154329611,-0.9991655196610109,1.2246467991473532e-16,-1.0
2024-07-04,3.5,0.0,3.533333333333333,3.6999999999999997,64.2,-1.3999999999999915,64.3,63.642857142857146,,,,,,,,,,,,,,,,,,,,,,1020,-40.0,1084.2857142857142,4.0,4.0660066666666665,4.103243571428572,,,0.0,0.0,0.0,0.15,0.09333333333333334,0.07142857142857142,83.0,0.0,-0.05802556932878035,-0.9983150972033183,1.2246467991473532e-16,-1.0
2024-07-05,3.4,-0.10000000000000009,3.466666666666667,3.6285714285714286,66.5,2.299999999999997,65.43333333333334,64.34285714285714,,,,,,,,,,,,,,,,,,,,,,991,-29.0,1065.857142857143,3.957395,4.009270333333333,4.075252428571429,,,0.0,0.0,0.0,0.0,0.06999999999999999,0.07142857142857142,83.0,0.0,-0.07518957641475855,-0.9971692572470178,1.2246467991473532e-16,-1.0
2024-07-06,3.3,-0.10000000000000009,3.4,3.542857142857143,67.0,0.5,65.89999999999999,64.9857142857143,,,,,,,,,,,,,,,,,,,,,,979,-12.0,1050.0,3.938333,3.9652426666666667,4.050565,,,0.0,0.0,0.0,0.0,0.049999999999999996,0.04,88.0,0.0,-0.09233133369539122,-0.9957283388645872,1.2246467991473532e-16,-1.0
2024-07-07,3.2,-0.09999999999999964,3.3000000000000003,3.4571428571428577,63.5,-3.5,65.66666666666667,64.7,,,,,,,,,,,,,,,,,,,,,,968,-11.0,1032.5714285714287,3.92125,3.938992666666667,4.022574,,,0.0,0.0,0.0,0.0,0.0,0.04,80.0,0.0,-0.10944576864891556,-0.993992768446958,1.2246467991473532e-16,-1.0
2024-07-08,3.2,0.0,3.233333333333333,3.3857142857142857,64.5,1.0,65.0,64.91428571428573,,,,,,,,,,,,,,,,,,,,,,959,-9.0,1011.0,3.906562,3.922048333333333,3.9887942857142855,,,0.0,0.0,0.0,0.0,0.0,0.04,76.0,0.0,-0.12652781683868314,-0.9919630595773397,1.2246467991473532e-16,-1.0
2024-07-09,3.2,0.0,3.2,3.3285714285714287,64.5,0.0,64.16666666666667,65.11428571428571,,,,,,,,,,,,,,,,,,,,,,948,-11.0,989.2857142857143,3.888854,3.9055553333333335,3.954687142857143,,,0.0,0.0,0.0,0.0,0.0,0.03,85.0,0.0,-0.1435724234118113,-0.9896398128792412,1.2246467991473532e-16,-1.0
2024-07-10,3.2,0.0,3.2,3.2857142857142856,66.6,2.0999999999999943,65.2,65.25714285714285,,,,,,,,,,,,,,,,,,,,,,947,-1.0,973.1428571428571,3.887187,3.8942010000000002,3.9285115714285714,,,0.0,0.0,0.0,0.0,0.0,0.02142857142857143,74.0,0.0,-0.16057454459499376,-0.9870237158387383,1.2246467991473532e-16,-1.0
2024-07-11,3.3,0.09999999999999964,3.233333333333333,3.257142857142857,64.0,-2.5999999999999943,65.03333333333333,65.22857142857143,,,,,,,,,,,,,,,,,,,,,,915,-32.0,958.1428571428571,3.83677,3.870937,3.905193,,,0.0,0.0,0.0,0.0,0.0,0.0,79.0,0.0,-0.17752914918703497,-0.984115542601034,1.2246467991473532e-16,-1.0
2024-07-12,3.2,-0.09999999999999964,3.233333333333333,3.228571428571428,67.0,3.0,65.86666666666666,65.3,,,,,,,,,,,,,,,,,,,,,,790,-125.0,929.4285714285714,3.658229,3.7940620000000003,3.862455,,,0.0,0.0,0.0,0.0,0.0,0.0,84.0,0.0,-0.19443122004766195,-0.9809161537413774,1.2246467991473532e-16,-1.0
2024-07-13,3.2,0.0,3.233333333333333,3.2142857142857144,65.5,-1.5,65.5,65.08571428571427,,,,,,,,,,,,,,,,,,,,,,733,-57.0,894.2857142857143,3.566875,3.687291333333333,3.8093895714285715,,,0.0,0.0,0.0,0.0,0.0,0.0,87.0,0.0,-0.2112757555821793,-0.9774264960104055,1.2246467991473532e-16,-1.0
2024-07-14,3.3,0.09999999999999964,3.233333333333333,3.228571428571428,65.5,0.0,66.0,65.37142857142857,,,,,,,,,,,,,,,,,,,,,,645,-88.0,848.1428571428571,3.41427,3.546458,3.7369638571428574,,,0.0,0.0,0.0,0.0,0.0,0.0,91.0,0.0,-0.2280577712215198,-0.9736476020539838,1.2246467991473532e-16,-1.0
2024-07-15,3.3,0.0,3.266666666666667,3.242857142857143,63.5,-2.0,64.83333333333333,65.22857142857143,,,,,,,,,,,,,,,,,,,,,,575,-70.0,793.2857142857143,3.283229,3.421458,3.6479162857142855,,,0.0,0.0,0.0,0.0,0.0,0.0,96.0,0.0,-0.24477230089725957,-0.9695805901076308,1.2246467991473532e-16,-1.0
2024-07-16,3.2,-0.09999999999999964,3.266666666666667,3.242857142857143,70.4,6.900000000000006,66.46666666666667,66.07142857142857,,,,,,,,,,,,,,,,,,,,,,511,-64.0,730.8571428571429,3.155416,3.2843050000000003,3.5431394285714286,,,0.0,0.0,0.0,0.0,0.0,0.0,94.0,0.0,-0.2614143985111562,-0.965226663665613,1.2246467991473532e-16,-1.0
2024-07-17,3.2,0.0,3.233333333333333,3.2428571428571433,67.0,-3.4000000000000057,66.96666666666667,66.12857142857143,,,,,,,,,,,,,,,,,,,,,,505,-6.0,667.7142857142857,3.141666,3.193437,3.4366364285714286,,,0.0,0.0,0.0,0.0,0.0,0.0,92.0,0.0,-0.2779791393987801,-0.9605871111248129,1.2246467991473532e-16,-1.0
2024-07-18,3.1,-0.10000000000000009,3.1666666666666665,3.2142857142857144,62.5,-4.5,66.63333333333334,65.91428571428573,,,,,,,,,,,,,,,,,,,,,,491,-14.0,607.1428571428571,3.113541,3.1368743333333335,3.333318,,,0.0,0.0,0.0,0.06,0.02,0.008571428571428572,91.0,0.0,-0.2944616217868012,-0.9556633054034704,1.2246467991473532e-16,-1.0
2024-07-19,3.0,-0.10000000000000009,3.1,3.185714285714286,63.0,0.5,64.16666666666667,65.34285714285714,,,,,,,,,,,,,,,,,,,,,,576,85.0,576.5714285714286,3.286041,3.1804159999999997,3.280148285714286,,,0.0,0.0,0.0,0.06,0.04,0.017142857142857144,82.0,0.0,-0.3108569682435036,-0.9504567035349151,1.2246467991473532e-16,-1.0
2024-07-20,3.3,0.2999999999999998,3.1333333333333333,3.2,60.0,-3.0,61.833333333333336,64.55714285714286,,,,,,,,,,,,,,,,,,,,,,633,57.0,562.2857142857143,3.392916,3.264166,3.255297,,,0.0,0.0,0.0,0.0,0.04,0.017142857142857144,81.0,0.0,-0.3271603271220951,-0.9449688462364056,1.2246467991473532e-16,-1.0
2024-07-21,3.1,-0.19999999999999973,3.1333333333333333,3.1714285714285717,53.5,-6.5,58.833333333333336,62.84285714285715,,,,,,,,,,,,,,,,,,,,,,675,42.0,566.5714285714286,3.468645,3.3825339999999997,3.263064857142857,,,0.0,0.0,0.0,0.0,0.02,0.017142857142857144,87.0,0.0,-0.34336687399638804,-0.939201357453208,1.2246467991473532e-16,-1.0
2024-07-22,3.0,-0.10000000000000009,3.1333333333333333,3.1285714285714286,52.5,-1.0,55.333333333333336,61.27142857142858,,,,,,,,,,,,,,,,,,,,,,566,-109.0,565.2857142857143,3.264687,3.375416,3.2604159999999998,,,0.0,0.0,0.0,0.0,0.0,0.017142857142857144,87.0,0.0,-0.3594718130884232,-0.9331559438780432,1.2246467991473532e-16,-1.0
2024-07-23,2.9,-0.10000000000000009,3.0,3.085714285714286,51.0,-1.5,52.333333333333336,58.5,,,,,,,,,,,,,,,,,,,,,,508,-58.0,564.8571428571429,3.149687,3.294339666666667,3.2595975714285714,,,0.0,0.0,0.0,0.07,0.023333333333333334,0.027142857142857142,85.0,0.0,-0.3754703786876202,-0.9268343944460494,1.2246467991473532e-16,-1.0
2024-07-24,2.9,0.0,2.9333333333333336,3.0428571428571423,52.2,1.2000000000000028,51.9,56.385714285714286,,,,,,,,,,,,,,,,,,,,,,487,-21.0,562.2857142857143,3.104166,3.1728466666666666,3.254240428571429,,,0.0,0.0,0.0,0.21,0.09333333333333334,0.05714285714285715,72.0,0.0,-0.3913578365610259,-0.9202385798054075,1.2246467991473532e-16,-1.0
2024-07-25,2.9,0.0,2.9,3.0142857142857147,49.0,-3.200000000000003,50.73333333333333,54.457142857142856,,,,,,,,,,,,,,,,,,,,,,565,78.0,572.8571428571429,3.264583,3.172812,3.275817857142857,,,0.0,0.0,0.0,0.0,0.09333333333333334,0.048571428571428564,77.0,0.0,-0.4071294853542516,-0.9133704517637858,1.2246467991473532e-16,-1.0
2024-07-26,2.9,0.0,2.9,3.0,50.0,1.0,50.4,52.6,,,,,,,,,,,,,,,,,,,,,,612,47.0,578.0,3.355104,3.241284333333333,3.285684,,,0.0,0.0,0.0,0.0,0.06999999999999999,0.04,83.0,0.0,-0.4227806579826773,-0.9062320427107697,1.2246467991473532e-16,-1.0
2024-07-27,2.8,-0.10000000000000009,2.8666666666666667,2.9285714285714284,48.2,-1.7999999999999972,49.06666666666666,50.91428571428571,6.1,,,,240.0,,,,7.9,,,,14.3,,,,8.5,,,,7.4,662,50.0,582.1428571428571,3.446562,3.355416333333334,3.2933477142857144,,,0.0,0.0,0.0,0.0,0.0,0.04,89.0,0.0,-0.4383067230125192,-0.898825465016444,1.2246467991473532e-16,-1.0
2024-07-28,2.8,0.0,2.8333333333333335,2.8857142857142852,44.0,-4.200000000000003,47.4,49.55714285714286,4.7,-1.3999999999999995,5.4,,242.0,2.0,241.0,,7.9,0.0,7.9,,14.9,0.5999999999999996,14.600000000000005,,8.5,0.0,8.5,,5.8,639,-23.0,577.0,3.404166,3.4019440000000003,3.2841364285714287,3115.8,1306.8000000000002,0.0,0.0,0.0,0.0,0.0,0.04,92.0,0.0,-0.45370308603134424,-0.8911529104063088,1.2246467991473532e-16,-1.0
2024-07-29,2.7,-0.09999999999999964,2.766666666666667,2.8428571428571425,47.0,3.0,46.4,48.771428571428565,3.9,-0.8000000000000003,4.8999999999999995,,242.0,0.0,241.33333333333334,,,,7.9,,14.8,-0.09999999999999964,14.66666666666667,,8.5,0.0,8.5,,5.3,585,-54.0,579.7142857142857,3.303541,3.3847563333333333,3.2896870000000002,2840.5999999999995,1185.8,0.0,0.0,0.0,0.08,0.02666666666666667,0.05142857142857143,87.0,0.0,-0.46896519100763184,-0.8832166493127127,1.2246467991473532e-16,-1.0
2024-07-30,2.7,0.0,2.733333333333333,2.814285714285714,48.5,1.5,46.5,48.41428571428571,3.7,-0.19999999999999973,4.1000000000000005,4.6,246.0,4.0,243.33333333333334,242.5,,,,,14.7,-0.10000000000000142,14.800000000000002,14.675,8.6,0.09999999999999964,8.533333333333333,8.525,11.7,586,1.0,590.8571428571429,3.305625,3.3377773333333334,3.311963857142857,2422.514285714286,1008.6000000000001,0.0,0.0,0.0,0.04,0.04,0.047142857142857146,90.0,0.0,-0.48408852163897587,-0.8750190302029955,1.2246467991473532e-16,-1.0
2024-07-31,2.6,-0.10000000000000009,2.6666666666666665,2.771428571428572,48.5,0.0,48.0,47.885714285714286,3.4,-0.30000000000000027,3.6666666666666665,4.36,243.0,-3.0,243.66666666666666,242.6,,,,,14.9,0.20000000000000107,14.800000000000002,14.719999999999999,8.6,0.0,8.566666666666666,8.540000000000001,7.4,638,52.0,612.4285714285714,3.402291,3.3371523333333335,3.3545531428571427,2245.5714285714284,891.0,0.0,0.0,0.0,0.0,0.04,0.017142857142857144,93.0,0.0,-0.4990686026885319,-0.8665624788845385,1.2246467991473532e-16,-1.0
2024-08-01,2.6,0.0,2.6333333333333333,2.728571428571428,47.6,-0.8999999999999986,48.199999999999996,47.68571428571429,3.2,-0.19999999999999973,3.4333333333333336,4.166666666666667,242.0,-1.0,243.66666666666666,242.5,,,,,14.8,-0.09999999999999964,14.800000000000002,14.733333333333334,8.6,0.0,8.6,8.549999999999999,3.7,635,-3.0,622.4285714285714,3.396979,3.3682983333333336,3.373466857142857,2137.0047619047623,830.8666666666667,0.0,0.0,0.0,0.0,0.013333333333333334,0.017142857142857144,95.0,0.0,-0.5139010013093103,-0.8578494977869301,-0.4999999999999997,-0.8660254037844388
2024-08-02,2.6,0.0,2.6,2.685714285714286,48.6,1.0,48.23333333333333,47.48571428571428,2.9,-0.30000000000000027,3.1666666666666665,3.9857142857142853,243.0,1.0,242.66666666666666,242.57142857142858,8.2,,,,15.3,0.5,15.000000000000005,14.814285714285715,8.6,0.0,8.6,8.557142857142857,3.6,647,12.0,627.4285714285714,3.395208,3.3981593333333335,3.379196,1986.857142857143,769.5,0.0,0.0,0.0,0.0,0.0,0.017142857142857144,95.0,0.0,-0.5285813283559292,-0.8488826652214553,-0.4999999999999997,-0.8660254037844388
2024-08-03,2.6,0.0,2.6,2.6571428571428575,48.5,-0.10000000000000142,48.23333333333333,47.52857142857143,2.9,0.0,3.0,3.5285714285714285,242.0,-1.0,242.33333333333334,242.85714285714286,8.2,0.0,8.2,,15.5,0.1999999999999993,15.200000000000003,14.985714285714286,8.5,-0.09999999999999964,8.566666666666666,8.557142857142857,4.5,668,21.0,628.2857142857143,3.396458,3.3962149999999998,3.3720382857142854,1884.8571428571431,726.0,0.0,0.0,0.0,0.0,0.0,0.017142857142857144,92.0,0.0,-0.5431052396834317,-0.8396646346181327,-0.4999999999999997,-0.8660254037844388
2024-08-04,2.6,0.0,2.6,2.628571428571429,48.0,-0.5,48.366666666666674,48.10000000000001,2.8,-0.10000000000000009,2.8666666666666667,3.2571428571428567,243.0,1.0,242.66666666666666,243.0,8.2,0.0,8.2,,14.8,-0.6999999999999993,15.200000000000003,14.971428571428572,8.6,0.09999999999999964,8.566666666666668,8.571428571428571,3.1,655,-13.0,630.5714285714286,3.372812,3.388159333333333,3.367559142857143,1807.6380952380953,696.6,0.0,0.0,0.0,0.0,0.0,0.017142857142857144,94.0,0.0,-0.5574684374327892,-0.8301981337405212,-0.4999999999999997,-0.8660254037844388
2024-08-05,3.0,0.3999999999999999,2.733333333333334,2.6714285714285717,49.5,1.5,48.666666666666664,48.45714285714286,2.8,0.0,2.8333333333333335,3.1,241.0,-2.0,242.0,242.85714285714286,8.1,-0.09999999999999964,8.166666666666666,8.174999999999999,15.3,0.5,15.200000000000003,15.042857142857144,8.6,0.0,8.566666666666666,8.585714285714285,6.3,682,27.0,644.4285714285714,3.42,3.3964233333333333,3.3841961428571428,1825.8809523809525,682.8333333333334,0.0,0.0,0.0,0.0,0.0,0.005714285714285714,93.0,0.0,-0.5716666713027052,-0.8204859638785327,-0.4999999999999997,-0.8660254037844388
2024-08-06,2.7,-0.2999999999999998,2.766666666666667,2.6714285714285713,48.25,-1.25,48.583333333333336,48.42142857142858,12.8,10.0,6.133333333333334,4.4,235.0,-6.0,239.66666666666666,241.28571428571428,8.0,-0.09999999999999964,8.1,8.139999999999999,14.8,-0.5,14.966666666666669,15.057142857142859,8.7,0.09999999999999964,8.633333333333333,8.6,321.0,685,3.0,658.5714285714286,3.425312,3.406041333333333,3.401294285714286,4039.2380952380954,1441.3333333333335,0.0,0.0,0.0,0.0,0.0,0.0,93.0,0.0,-0.5856957398073508,-0.8105309990194823,-0.4999999999999997,-0.8660254037844388
2024-08-07,2.7,0.0,2.8000000000000003,2.685714285714286,49.0,0.75,48.916666666666664,48.49285714285715,4.8,-8.0,6.800000000000001,4.6,238.0,3.0,238.0,240.57142857142858,8.1,0.09999999999999964,8.066666666666665,8.133333333333333,14.7,-0.10000000000000142,14.933333333333337,15.028571428571427,8.7,0.0,8.666666666666666,8.614285714285714,6.5,570,-115.0,648.8571428571429,3.213229,3.352847,3.3742854285714285,4412.228571428572,1618.4,0.0,0.0,0.0,0.04,0.013333333333333334,0.005714285714285714,96.0,0.0,-0.5995514915196489,-0.8003361849976323,-0.4999999999999997,-0.8660254037844388
2024-08-08,2.7,0.0,2.7,2.6999999999999997,47.5,-1.5,48.25,48.478571428571435,4.3,-0.5,7.3,4.757142857142857,230.0,-8.0,234.33333333333334,238.85714285714286,8.1,0.0,8.066666666666665,8.128571428571428,14.6,-0.09999999999999964,14.700000000000003,15.0,8.7,0.0,8.7,8.628571428571428,8.3,447,-123.0,622.0,2.957395,3.1986453333333333,3.3114877142857146,4540.599999999999,1679.0,0.0,0.0,0.0,0.37,0.13666666666666666,0.058571428571428566,89.0,0.0,-0.6132298262997502,-0.7899045386224707,-0.4999999999999997,-0.8660254037844388
2024-08-09,2.8,0.09999999999999964,2.733333333333333,2.7285714285714286,47.0,-0.5,47.833333333333336,48.25,,,4.55,5.066666666666666,,,234.0,238.16666666666666,8.1,0.0,8.1,8.114285714285714,14.6,0.0,14.633333333333335,14.9,,,8.7,8.633333333333333,,474,27.0,597.2857142857143,3.014687,3.0617703333333335,3.2571275714285717,2717.65,,0.0,0.0,0.0,0.0,0.13666666666666666,0.058571428571428566,90.0,0.0,-0.6267266965083301,-0.7792391467859886,-0.4999999999999997,-0.8660254037844388
2024-08-10,2.7,-0.09999999999999964,2.733333333333334,2.742857142857143,47.0,0.0,47.166666666666664,48.035714285714285,4.5,,4.4,5.333333333333333,228.0,,229.0,235.83333333333334,8.2,0.09999999999999964,8.133333333333333,8.114285714285714,15.5,0.9000000000000004,14.9,14.9,8.6,,8.649999999999999,8.65,8.9,531,57.0,577.7142857142857,3.13625,3.036110666666667,3.219955,2541.942857142857,1003.2,0.0,0.0,0.0,0.02,0.13,0.06142857142857143,87.0,0.0,-0.6400381082043503,-0.7683431655492202,-0.4999999999999997,-0.8660254037844388
2024-08-11,2.7,0.0,2.733333333333333,2.757142857142857,46.5,-0.5,46.833333333333336,47.82142857142857,4.6,0.09999999999999964,4.550000000000001,5.633333333333333,226.0,-2.0,227.0,233.0,8.1,-0.09999999999999964,8.133333333333331,8.1,15.2,-0.3000000000000007,15.100000000000001,14.957142857142857,8.6,0.0,8.6,8.649999999999999,11.6,543,12.0,561.7142857142857,3.160937,3.103958,3.1896871428571427,2555.8,1028.3000000000002,0.0,0.0,0.0,0.64,0.22,0.15285714285714286,76.0,0.0,-0.65316012232693,-0.7572198192083127,-0.4999999999999997,-0.8660254037844388
2024-08-12,2.7,0.0,2.7,2.7142857142857144,43.0,-3.5,45.5,46.892857142857146,3.8,-0.7999999999999998,4.300000000000001,5.8,229.0,3.0,227.66666666666666,231.0,8.2,0.09999999999999964,8.166666666666666,8.114285714285714,15.3,0.10000000000000142,15.333333333333336,14.957142857142857,8.6,0.0,8.6,8.65,4.9,527,-16.0,539.5714285714286,3.128333,3.14184,3.1480204285714284,2320.1571428571433,984.7000000000002,0.0,0.0,0.0,0.54,0.4000000000000001,0.22999999999999998,62.0,0.0,-0.666088855860977,-0.7458723993404063,-0.4999999999999997,-0.8660254037844388
2024-08-13,2.7,0.0,2.7,2.7142857142857144,46.5,3.5,45.333333333333336,46.642857142857146,4.6,0.7999999999999998,4.333333333333333,4.433333333333333,231.0,2.0,228.66666666666666,230.33333333333334,8.1,-0.09999999999999964,8.133333333333333,8.128571428571428,15.5,0.1999999999999993,15.333333333333336,15.057142857142855,8.6,0.0,8.6,8.633333333333333,7.1,602,75.0,527.7142857142857,3.27427,3.1878466666666667,3.1264429999999996,2286.7619047619046,1000.9999999999999,0.0,0.0,0.0,0.56,0.5800000000000001,0.31,82.0,0.0,-0.6788204829862355,-0.734304263829602,-0.4999999999999997,-0.8660254037844388
2024-08-14,2.8,0.09999999999999964,2.733333333333334,2.7285714285714286,47.0,0.5,45.5,46.357142857142854,5.2,0.6000000000000005,4.533333333333334,4.5,236.0,5.0,232.0,230.0,8.1,0.0,8.133333333333331,8.128571428571428,14.5,-1.0,15.100000000000003,15.028571428571427,8.8,0.20000000000000107,8.666666666666666,8.649999999999999,6.3,685,83.0,544.1428571428571,3.427604,3.2767356666666667,3.1570679999999998,2466.780952380953,1069.8666666666668,0.0,0.0,0.0,0.0,0.3666666666666667,0.30428571428571427,82.0,0.0,-0.6913512362094071,-0.722518835873311,-0.4999999999999997,-0.8660254037844388
2024-08-15,2.8,0.0,2.766666666666666,2.7428571428571433,46.0,-1.0,46.5,46.142857142857146,,,4.9,4.540000000000001,,,233.5,230.0,,,8.1,8.133333333333333,,,15.000000000000005,15.1,,,8.7,8.639999999999999,,650,-35.0,573.1428571428571,3.364166,3.355346666666667,3.2151781428571424,2808.4,,0.0,0.0,0.0,0.25,0.27,0.2871428571428572,82.0,0.0,-0.7036774074790128,-0.7105196029692745,-0.4999999999999997,-0.8660254037844388
2024-08-16,2.8,0.0,2.8,2.742857142857143,45.2,-0.7999999999999972,46.06666666666666,45.885714285714286,,,,4.540000000000001,244.0,,240.0,232.33333333333334,8.2,,8.149999999999999,8.15,14.8,,14.650000000000004,15.133333333333335,8.8,,8.8,8.666666666666666,,649,-1.0,598.1428571428571,3.362812,3.3848606666666665,3.264910285714286,,,0.0,0.0,0.0,0.47,0.24,0.35428571428571426,83.0,0.0,-0.7157953492826642,-0.6983101158835584,-0.4999999999999997,-0.8660254037844388
2024-08-17,2.9,0.10000000000000009,2.8333333333333335,2.771428571428572,46.5,1.2999999999999972,45.9,45.814285714285724,,,,4.550000000000001,245.0,1.0,244.5,235.16666666666666,8.2,0.0,8.2,8.15,14.9,0.09999999999999964,14.850000000000005,15.033333333333333,8.8,0.0,8.8,8.700000000000001,,698,49.0,622.0,3.450208,3.392395333333333,3.3097614285714285,,,0.0,0.0,0.0,0.04,0.25333333333333335,0.35714285714285715,83.0,0.0,-0.7277014757264236,-0.6858939875998223,-0.4999999999999997,-0.8660254037844388
2024-08-18,2.9,0.0,2.8666666666666667,2.8,48.0,1.5,46.56666666666666,46.02857142857143,,,,,241.0,-4.0,243.33333333333334,237.66666666666666,8.1,-0.09999999999999964,8.166666666666666,8.149999999999999,14.8,-0.09999999999999964,14.833333333333336,14.966666666666667,8.8,0.0,8.8,8.733333333333334,,758,60.0,652.7142857142857,3.55125,3.454756666666667,3.3655204285714286,,,0.0,0.0,0.0,0.0,0.17,0.2657142857142857,83.0,0.0,-0.7393922635959241,-0.673274892250183,-0.4999999999999997,-0.8660254037844388
2024-08-19,2.9,0.0,2.9,2.8285714285714283,49.0,1.0,47.833333333333336,46.88571428571429,,,,,240.0,-1.0,242.0,239.5,8.1,0.0,8.133333333333333,8.133333333333333,14.1,-0.7000000000000011,14.600000000000003,14.766666666666667,8.9,0.09999999999999964,8.833333333333334,8.783333333333333,,752,-6.0,684.8571428571429,3.541354,3.514270666666667,3.4245234285714288,,,0.0,0.0,0.0,0.0,0.013333333333333334,0.18857142857142856,87.0,0.0,-0.7508642533989489,-0.6604565640279754,-0.4999999999999997,-0.8660254037844388
2024-08-20,2.9,0.0,2.9,2.857142857142857,50.5,1.5,49.166666666666664,47.45714285714286,,,,,241.0,1.0,240.66666666666666,241.16666666666666,8.1,0.0,8.1,8.133333333333333,15.0,0.9000000000000004,14.633333333333335,14.683333333333335,8.7,-0.20000000000000107,8.799999999999999,8.8,,702,-50.0,699.1428571428571,3.456041,3.5162150000000003,3.4504907142857144,,,0.0,0.0,0.0,0.0,0.0,0.10857142857142857,92.0,0.0,-0.7621140503891487,-0.6474427960827475,-0.4999999999999997,-0.8660254037844388
2024-08-21,2.9,0.0,2.9,2.871428571428571,50.6,0.10000000000000142,50.03333333333333,47.971428571428575,,,,,242.0,1.0,241.0,242.16666666666666,8.2,0.09999999999999964,8.133333333333331,8.149999999999999,15.1,0.09999999999999964,14.733333333333334,14.783333333333333,8.7,0.0,8.766666666666666,8.783333333333333,,601,-101.0,687.1428571428571,3.273645,3.4236799999999996,3.4284965714285716,,,0.0,0.0,0.0,0.0,0.0,0.10857142857142857,90.0,0.0,-0.7731383255706026,-0.6342374393978054,-0.4999999999999997,-0.8660254037844388
2024-08-22,3.1,0.20000000000000018,2.966666666666667,2.914285714285714,51.5,0.8999999999999986,50.86666666666667,48.75714285714285,,,,,238.0,-4.0,240.33333333333334,241.57142857142858,8.2,0.0,8.166666666666666,8.157142857142857,15.6,0.5,15.233333333333334,14.900000000000002,8.6,-0.09999999999999964,8.666666666666666,8.757142857142856,,606,5.0,680.8571428571429,3.282604,3.33743,3.416844857142857,,,0.0,0.0,0.0,0.16,0.05333333333333334,0.09571428571428571,83.0,0.0,-0.7839338166829201,-0.620844401650647,-0.4999999999999997,-0.8660254037844388
2024-08-23,3.3,0.19999999999999973,3.0999999999999996,2.985714285714286,54.0,2.5,52.03333333333333,50.01428571428571,,,,,238.0,0.0,239.33333333333334,240.71428571428572,8.3,0.10000000000000142,8.233333333333333,8.171428571428573,15.7,0.09999999999999964,15.466666666666669,15.028571428571427,8.6,0.0,8.633333333333333,8.72857142857143,,599,-7.0,673.7142857142857,3.269375,3.2752080000000006,3.403496714285714,,,0.0,0.0,0.0,0.0,0.05333333333333334,0.028571428571428574,90.0,0.0,-0.7944973291665992,-0.6072676460566135,-0.4999999999999997,-0.8660254037844388
2024-08-24,3.3,0.0,3.233333333333333,3.0428571428571423,54.0,0.0,53.166666666666664,51.08571428571428,2.5,,,,247.0,9.0,241.0,241.0,8.3,0.0,8.266666666666667,8.185714285714285,15.8,0.10000000000000142,15.700000000000003,15.157142857142857,8.6,0.0,8.6,8.7,3.4,530,-69.0,649.7142857142857,3.133437,3.228472,3.358243714285714,,,0.0,0.0,0.0,0.0,0.05333333333333334,0.022857142857142857,86.0,0.0,-0.8048257371083452,-0.593511190196115,-0.4999999999999997,-0.8660254037844388
2024-08-25,3.4,0.10000000000000009,3.3333333333333335,3.1142857142857143,56.2,2.200000000000003,54.73333333333334,52.25714285714286,2.5,0.0,2.5,,244.0,-3.0,243.0,241.42857142857142,8.3,0.0,8.3,8.214285714285714,15.7,-0.10000000000000142,15.733333333333334,15.285714285714286,8.6,0.0,8.6,8.67142857142857,3.0,512,-18.0,614.5714285714286,3.098333,3.1670483333333332,3.293541285714286,1536.4285714285713,610.0,0.0,0.0,0.0,0.33,0.11,0.06999999999999999,83.0,0.0,-0.8149159841660791,-0.5795791048257612,-0.4999999999999997,-0.8660254037844388
2024-08-26,3.4,0.0,3.3666666666666667,3.1857142857142855,55.5,-0.7000000000000028,55.23333333333334,53.18571428571429,2.4,-0.10000000000000009,2.4666666666666672,,241.0,-3.0,244.0,241.57142857142858,8.3,0.0,8.3,8.242857142857144,15.5,-0.1999999999999993,15.66666666666667,15.485714285714284,8.7,0.09999999999999964,8.633333333333333,8.642857142857142,4.6,530,18.0,582.8571428571429,3.134791,3.122187,3.2354608571428574,1437.7142857142862,594.4666666666668,0.0,0.0,0.0,0.0,0.11,0.07,83.0,0.0,-0.8247650844733614,-0.5654755126737576,-0.4999999999999997,-0.8660254037844388
2024-08-27,3.4,0.0,3.4,3.2571428571428567,54.6,-0.8999999999999986,55.43333333333334,53.771428571428565,3.2,0.8000000000000003,2.7000000000000006,2.65,244.0,3.0,243.0,242.0,8.3,0.0,8.3,8.271428571428572,14.9,-0.5999999999999996,15.366666666666669,15.471428571428572,8.8,0.10000000000000142,8.700000000000001,8.657142857142857,5.1,618,88.0,570.8571428571429,3.305104,3.1794093333333335,3.213898428571429,1541.3142857142861,658.8000000000002,0.0,0.0,0.0,0.0,0.11,0.07,82.0,0.0,-0.8343701235229537,-0.5512045872199277,-0.4999999999999997,-0.8660254037844388
2024-08-28,3.3,-0.10000000000000009,3.3666666666666667,3.314285714285714,54.5,-0.10000000000000142,54.86666666666667,54.32857142857143,2.8,-0.40000000000000036,2.8000000000000007,2.68,249.0,5.0,244.66666666666666,243.0,8.3,0.0,8.3,8.285714285714286,15.2,0.29999999999999893,15.200000000000003,15.485714285714286,8.7,-0.10000000000000142,8.733333333333333,8.657142857142857,3.1,611,-7.0,572.2857142857143,3.293437,3.2444439999999997,3.2167258571428574,1602.4000000000005,697.2000000000002,0.0,0.0,0.0,0.08,0.02666666666666667,0.08142857142857143,84.0,0.0,-0.8437282590292712,-0.5367705514607103,-0.4999999999999997,-0.8660254037844388
2024-08-29,3.3,0.0,3.3333333333333335,3.3428571428571425,54.0,-0.5,54.36666666666667,54.68571428571429,3.0,0.20000000000000018,3.0000000000000004,2.733333333333333,250.0,1.0,247.66666666666666,244.71428571428572,8.3,0.0,8.3,8.3,15.3,0.10000000000000142,15.133333333333335,15.442857142857145,8.7,0.0,8.733333333333334,8.67142857142857,5.2,621,10.0,574.4285714285714,3.311145,3.303228666666666,3.220803142857143,1723.2857142857147,750.0000000000001,0.0,0.0,0.0,0.0,0.02666666666666667,0.05857142857142857,83.0,0.0,-0.8528367217694595,-0.522177676659508,-0.4999999999999997,-0.8660254037844388
2024-08-30,3.2,-0.09999999999999964,3.266666666666667,3.3285714285714283,59.7,5.700000000000003,56.06666666666666,55.5,5.4,2.4000000000000004,3.7333333333333343,3.1142857142857143,253.0,3.0,250.66666666666666,246.85714285714286,8.3,0.0,8.3,8.3,14.1,-1.200000000000001,14.866666666666669,15.214285714285714,9.0,0.3000000000000007,8.799999999999999,8.728571428571428,6.1,720,99.0,591.7142857142857,3.487187,3.3639229999999998,3.251919142857143,2209.066666666667,944.5333333333335,0.0,0.0,0.0,0.0,0.02666666666666667,0.05857142857142857,83.0,0.0,-0.8616928164028521,-0.5074302810827518,-0.4999999999999997,-0.8660254037844388
2024-08-31,3.2,0.0,3.233333333333333,3.3142857142857145,54.5,-5.200000000000003,56.06666666666666,55.57142857142857,5.0,-0.40000000000000036,4.466666666666668,3.4714285714285715,257.0,4.0,253.33333333333334,248.28571428571428,8.3,0.0,8.3,8.3,14.1,0.0,14.500000000000002,14.971428571428572,9.0,0.0,8.9,8.785714285714286,5.9,743,23.0,622.1428571428571,3.526562,3.4416313333333335,3.3080798571428573,2778.9047619047624,1147.9333333333336,0.0,0.0,0.0,0.0,0.0,0.05857142857142857,60.0,0.0,-0.8702939222685674,-0.49253272872205434,-0.4999999999999997,-0.8660254037844388
2024-09-01,3.2,0.0,3.2,3.2857142857142856,54.5,0.0,56.23333333333333,55.32857142857142,,,5.200000000000001,3.6333333333333333,262.0,5.0,257.3333333333333,250.85714285714286,8.2,-0.10000000000000142,8.266666666666667,8.285714285714286,13.7,-0.40000000000000036,13.966666666666669,14.685714285714285,9.1,0.09999999999999964,9.033333333333333,8.857142857142858,,719,-24.0,651.7142857142857,3.484687,3.499478666666667,3.3632732857142855,3388.914285714286,1362.4000000000003,0.0,0.0,0.0,0.0,0.0,0.011428571428571437,83.0,0.0,-0.8786374941610001,-0.4774894280028391,-0.8660254037844384,-0.5000000000000004
2024-09-02,3.1,-0.10000000000000009,3.1666666666666665,3.242857142857143,52.0,-2.5,53.666666666666664,54.82857142857142,,,,3.8800000000000003,266.0,4.0,261.6666666666667,254.42857142857142,8.2,0.0,8.233333333333333,8.271428571428572,13.2,-0.5,13.66666666666667,14.357142857142858,9.1,0.0,9.066666666666668,8.914285714285715,,707,-12.0,677.0,3.464583,3.491944,3.4103864285714285,,,0.0,0.0,0.0,0.0,0.0,0.011428571428571437,84.0,0.0,-0.886721063082993,-0.46230483047981086,-0.8660254037844384,-0.5000000000000004
2024-09-03,3.0,-0.10000000000000009,3.1,3.1857142857142855,51.75,-0.25,52.75,54.42142857142858,,,,4.05,267.0,1.0,265.0,257.7142857142857,8.2,0.0,8.2,8.257142857142858,13.3,0.10000000000000142,13.4,14.128571428571428,9.1,0.0,9.1,8.957142857142857,,690,-17.0,687.2857142857143,3.43552,3.461596666666667,3.4290172857142855,,,0.0,0.0,0.0,0.0,0.0,0.011428571428571437,86.0,0.0,-0.8945422369764496,-0.4469834295196741,-0.8660254037844384,-0.5000000000000004
2024-09-04,2.9,-0.10000000000000009,3.0,3.128571428571429,51.5,-0.25,51.75,53.99285714285715,,,,,267.0,0.0,266.6666666666667,260.2857142857143,8.2,0.0,8.2,8.242857142857144,13.3,0.0,13.266666666666671,13.857142857142858,9.1,0.0,9.1,9.014285714285714,,703,13.0,700.4285714285714,3.457916,3.4526730000000003,3.452514285714286,,,0.0,0.0,0.0,0.0,0.0,0.0,85.0,0.0,-0.9020987014301837,-0.43152975897147144,-0.8660254037844384,-0.5000000000000004
2024-09-05,2.9,0.0,2.9333333333333336,3.0714285714285716,53.5,2.0,52.25,53.92142857142858,,,,,261.0,-6.0,265.0,261.85714285714283,8.2,0.0,8.2,8.22857142857143,13.5,0.1999999999999993,13.366666666666669,13.6,9.1,0.0,9.1,9.071428571428571,,691,-12.0,710.4285714285714,3.436041,3.443159,3.4703565714285713,,,0.0,0.0,0.0,0.0,0.0,0.0,88.0,0.0,-0.9093882203647925,-0.4159483918249421,-0.8660254037844384,-0.5000000000000004
2024-09-06,2.9,0.0,2.9,3.028571428571429,54.0,0.5,53.0,53.107142857142854,3.4,,,,258.0,-3.0,262.0,262.57142857142856,8.3,0.10000000000000142,8.233333333333333,8.228571428571428,13.4,-0.09999999999999964,13.400000000000004,13.5,9.2,0.09999999999999964,9.133333333333333,9.1,6.3,546,-145.0,685.5714285714286,3.167187,3.3537146666666664,3.4246422857142855,,,0.0,0.0,0.0,0.0,0.0,0.0,89.0,0.0,-0.9164086366943458,-0.4002439388573056,-0.8660254037844384,-0.5000000000000004
2024-09-07,3.0,0.10000000000000009,2.9333333333333336,3.0,53.0,-1.0,53.5,52.892857142857146,2.6,-0.7999999999999998,3.000000000000001,,267.0,9.0,262.0,264.0,8.4,0.09999999999999964,8.299999999999999,8.242857142857144,13.9,0.5,13.600000000000001,13.471428571428572,9.0,-0.1999999999999993,9.1,9.1,3.1,521,-25.0,653.8571428571429,3.115,3.239409333333333,3.3658477142857146,1961.5714285714294,801.0000000000002,0.0,0.0,0.0,0.74,0.24666666666666667,0.10571428571428572,80.0,0.0,-0.9231578729647039,-0.38442104726885545,-0.8660254037844384,-0.5000000000000004
2024-09-08,2.9,-0.10000000000000009,2.933333333333333,2.957142857142857,53.5,0.5,53.5,52.75,2.5,-0.10000000000000009,2.833333333333334,,267.0,0.0,264.0,264.7142857142857,8.4,0.0,8.366666666666665,8.27142857142857,13.9,0.0,13.733333333333334,13.5,9.0,0.0,9.066666666666666,9.085714285714285,3.6,512,-9.0,624.2857142857143,3.098854,3.1270136666666666,3.3107287142857147,1768.8095238095243,756.5000000000001,0.0,0.0,0.0,0.04,0.26,0.11142857142857143,70.0,0.0,-0.9296339319682695,-0.3684843993077793,-0.8660254037844384,-0.5000000000000004
2024-09-09,2.8,-0.10000000000000009,2.9,2.9142857142857146,52.0,-1.5,52.833333333333336,52.75,,,2.5500000000000007,,,,267.0,264.5,,,8.4,8.283333333333333,,,13.9,13.549999999999999,,,9.0,9.083333333333332,,528,16.0,598.7142857142857,3.128958,3.1142706666666666,3.262782285714286,1526.7214285714288,,0.0,0.0,0.0,0.0,0.26,0.11142857142857143,80.0,0.0,-0.9358348973349941,-0.35243871088460327,-0.8660254037844384,-0.5000000000000004
2024-09-10,2.7,-0.09999999999999964,2.8000000000000003,2.8714285714285714,53.0,1.0,52.833333333333336,52.92857142857143,2.5,,2.5,2.75,274.0,,270.5,265.6666666666667,8.3,,8.35,8.299999999999999,13.7,,13.800000000000004,13.616666666666667,9.0,,9.0,9.066666666666665,3.6,619,91.0,588.5714285714286,3.3075,3.1784373333333336,3.244493714285714,1471.4285714285713,685.0,0.0,0.0,0.0,0.0,0.013333333333333334,0.11142857142857143,82.0,0.0,-0.9417589340994617,-0.33628873017668287,-0.8660254037844384,-0.5000000000000004
2024-09-11,2.7,0.0,2.733333333333333,2.8428571428571425,52.5,-0.5,52.5,53.07142857142857,2.7,0.20000000000000018,2.600000000000001,2.7399999999999998,275.0,1.0,274.5,267.0,8.3,0.0,8.3,8.316666666666666,13.1,-0.5999999999999996,13.400000000000002,13.583333333333334,9.0,0.0,9.0,9.049999999999999,4.2,642,23.0,579.8571428571429,3.349166,3.261874666666667,3.2289579999999996,1507.628571428572,715.0000000000002,0.0,0.0,0.0,0.0,0.0,0.11142857142857143,85.0,0.0,-0.9474042892438845,-0.32003923622313857,-0.8660254037844384,-0.5000000000000004
2024-09-12,2.6,-0.10000000000000009,2.6666666666666665,2.8000000000000003,53.0,0.5,52.833333333333336,53.0,2.9,0.19999999999999973,2.7000000000000006,2.766666666666667,277.0,2.0,275.3333333333333,269.6666666666667,8.3,0.0,8.3,8.333333333333334,13.2,0.09999999999999964,13.333333333333336,13.533333333333331,9.0,0.0,9.0,9.033333333333333,3.7,715,73.0,583.2857142857143,3.477916,3.378194,3.2349401428571425,1574.871428571429,747.9000000000002,0.0,0.0,0.0,0.0,0.0,0.11142857142857143,82.0,0.0,-0.9527692922168511,-0.30369503751065885,-0.8660254037844384,-0.5000000000000004
2024-09-13,2.7,0.10000000000000009,2.6666666666666665,2.771428571428572,55.0,2.0,53.5,53.142857142857146,2.6,-0.2999999999999998,2.7333333333333343,2.6333333333333333,279.0,2.0,277.0,273.1666666666667,8.4,0.09999999999999964,8.333333333333334,8.350000000000001,13.3,0.10000000000000142,13.200000000000003,13.516666666666667,9.1,0.09999999999999964,9.033333333333333,9.016666666666666,3.0,712,-3.0,607.0,3.473333,3.4334716666666663,3.278675285714286,1659.133333333334,762.6000000000003,0.0,0.0,0.0,0.0,0.0,0.11142857142857143,83.0,0.0,-0.9578523554276669,-0.28726097055059635,-0.8660254037844384,-0.5000000000000004
2024-09-14,2.7,0.0,2.6666666666666665,2.728571428571428,55.5,0.5,54.5,53.5,2.5,-0.10000000000000009,2.6666666666666674,2.6166666666666667,281.0,2.0,279.0,275.5,8.4,0.0,8.366666666666667,8.35,13.3,0.0,13.266666666666667,13.416666666666666,9.1,0.0,9.066666666666666,9.033333333333333,3.0,703,-9.0,633.0,3.4575,3.469583,3.327603857142857,1688.0000000000005,749.3333333333335,0.0,0.0,0.0,0.0,0.0,0.005714285714285714,80.0,0.0,-0.9626519747161487,-0.2707418984477642,-0.8660254037844384,-0.5000000000000004
2024-09-15,2.7,0.0,2.7,2.6999999999999997,54.0,-1.5,54.833333333333336,53.57142857142857,2.4,-0.10000000000000009,2.5000000000000004,2.6,279.0,-2.0,279.6666666666667,277.5,8.4,0.0,8.4,8.35,12.9,-0.40000000000000036,13.166666666666671,13.25,9.2,0.09999999999999964,9.133333333333333,9.066666666666668,3.1,692,-11.0,658.7142857142857,3.438229,3.4563539999999997,3.376086,1646.7857142857144,697.5000000000001,0.0,0.0,0.0,0.0,0.0,0.0,86.0,0.0,-0.9671667297977312,-0.2541427094613622,-0.8660254037844384,-0.5000000000000004
2024-09-16,2.7,0.0,2.7,2.685714285714286,56.0,2.0,55.166666666666664,54.142857142857146,2.3,-0.10000000000000009,2.4000000000000004,2.557142857142857,279.0,0.0,279.6666666666667,277.7142857142857,8.4,0.0,8.4,8.357142857142858,12.1,-0.8000000000000007,12.766666666666667,13.085714285714285,9.3,0.10000000000000142,9.2,9.1,3.1,641,-51.0,674.8571428571429,3.347395,3.414374666666667,3.407291285714286,1619.657142857143,669.6000000000001,0.0,0.0,0.0,0.0,0.0,0.0,77.0,0.0,-0.97139528468375,-0.23746831555846842,-0.8660254037844384,-0.5000000000000004
2024-09-17,2.7,0.0,2.7,2.685714285714286,54.0,-2.0,54.666666666666664,54.285714285714285,2.1,-0.19999999999999973,2.266666666666667,2.5,278.0,-1.0,278.6666666666667,278.2857142857143,8.3,-0.09999999999999964,8.366666666666667,8.357142857142858,12.5,0.40000000000000036,12.500000000000002,12.914285714285715,9.2,-0.10000000000000142,9.233333333333333,9.12857142857143,2.7,578,-63.0,669.0,3.229166,3.338263333333334,3.3961007142857147,1516.4000000000003,630.1333333333334,0.0,0.0,0.0,0.0,0.0,0.0,86.0,0.0,-0.9753363880767837,-0.2207236509605022,-0.8660254037844384,-0.5000000000000004
2024-09-18,2.7,0.0,2.7,2.685714285714286,55.9,1.8999999999999986,55.300000000000004,54.771428571428565,2.2,0.10000000000000009,2.2000000000000006,2.4285714285714284,278.0,0.0,278.3333333333333,278.7142857142857,8.4,0.09999999999999964,8.366666666666667,8.371428571428572,12.0,-0.5,12.200000000000003,12.757142857142856,9.3,0.10000000000000142,9.266666666666667,9.171428571428573,2.5,570,-8.0,658.7142857142857,3.214687,3.2637493333333336,3.376889428571429,1449.1714285714288,611.6000000000001,0.0,0.0,0.0,0.0,0.0,0.0,87.0,0.0,-0.9789888737409319,-0.20391367068311472,-0.8660254037844384,-0.5000000000000004
2024-09-19,2.6,-0.10000000000000009,2.6666666666666665,2.685714285714286,55.0,-0.8999999999999986,54.96666666666667,55.05714285714286,2.2,0.0,2.1666666666666674,2.3285714285714287,280.0,2.0,278.6666666666667,279.14285714285717,8.5,0.09999999999999964,8.4,8.4,12.2,0.1999999999999993,12.233333333333334,12.614285714285716,9.3,0.0,9.266666666666667,9.214285714285714,2.4,533,-37.0,632.7142857142857,3.141041,3.194964666666667,3.3287644285714286,1370.8809523809527,606.6666666666669,0.0,0.0,0.0,0.0,0.0,0.0,78.0,0.0,-0.9823516608469237,-0.18704334906991657,-0.8660254037844384,-0.5000000000000004
2024-09-20,2.6,0.0,2.6333333333333333,2.6714285714285717,55.4,0.3999999999999986,55.43333333333334,55.11428571428571,2.1,-0.10000000000000009,2.1666666666666674,2.257142857142857,278.0,-2.0,278.6666666666667,279.0,8.5,0.0,8.466666666666667,8.414285714285715,12.7,0.5,12.300000000000002,12.528571428571427,9.1,-0.20000000000000107,9.233333333333334,9.214285714285714,2.5,506,-27.0,603.2857142857143,3.085104,3.146944,3.273303142857143,1307.1190476190482,602.3333333333335,0.0,0.0,0.0,0.0,0.0,0.0,81.0,0.0,-0.9854237542919524,-0.17011767832049052,-0.8660254037844384,-0.5000000000000004
2024-09-21,2.6,0.0,2.6,2.6571428571428575,55.0,-0.3999999999999986,55.133333333333326,55.04285714285714,2.2,0.10000000000000009,2.1666666666666674,2.2142857142857144,279.0,1.0,279.0,278.7142857142857,8.4,-0.09999999999999964,8.466666666666667,8.414285714285715,11.9,-0.7999999999999989,12.266666666666667,12.328571428571427,9.3,0.20000000000000107,9.233333333333334,9.242857142857144,2.9,507,1.0,575.2857142857143,3.087083,3.1044093333333334,3.220386428571429,1246.4523809523814,604.5000000000002,0.3,0.3,0.04285714285714286,0.0,0.0,0.0,82.0,0.0,-0.9882042449941422,-0.15314166701312007,-0.8660254037844384,-0.5000000000000004
2024-09-22,2.6,0.0,2.6,2.642857142857143,53.8,-1.2000000000000028,54.73333333333333,55.01428571428571,2.3,0.09999999999999964,2.2000000000000006,2.2,275.0,-4.0,277.3333333333333,278.14285714285717,8.4,0.0,8.433333333333334,8.414285714285715,11.9,0.0,12.16666666666667,12.185714285714287,9.4,0.09999999999999964,9.266666666666667,9.271428571428572,2.7,531,24.0,552.2857142857143,3.13625,3.102812333333333,3.177246571428572,1215.028571428572,605.0000000000002,0.0,-0.3,0.04285714285714286,0.0,0.0,0.0,82.0,0.0,-0.9906923101615609,-0.13612033862266704,-0.8660254037844384,-0.5000000000000004
2024-09-23,2.6,0.0,2.6,2.628571428571429,51.7,-2.0999999999999943,53.5,54.4,2.3,0.0,2.2666666666666675,2.2,276.0,1.0,276.6666666666667,277.7142857142857,8.5,0.09999999999999964,8.433333333333332,8.428571428571429,11.8,-0.09999999999999964,11.866666666666669,12.142857142857142,9.4,0.0,9.366666666666667,9.285714285714286,2.7,525,-6.0,535.7142857142857,3.124479,3.1159373333333336,3.1454014285714282,1214.2857142857147,625.6000000000003,0.0,0.0,0.04285714285714286,0.0,0.0,0.0,85.0,0.0,-0.9928872135356962,-0.11905873003404988,-0.8660254037844384,-0.5000000000000004
2024-09-24,2.5,-0.10000000000000009,2.566666666666667,2.6,52.5,0.7999999999999972,52.666666666666664,54.185714285714276,2.3,0.0,2.3,2.2285714285714286,276.0,0.0,275.6666666666667,277.42857142857144,8.5,0.0,8.466666666666667,8.457142857142857,12.3,0.5,12.000000000000002,12.114285714285714,9.3,-0.09999999999999964,9.366666666666667,9.299999999999999,2.5,516,-9.0,526.8571428571429,3.10552,3.122083,3.1277377142857143,1211.7714285714285,634.8,0.0,0.0,0.04285714285714286,0.43,0.14333333333333334,0.06142857142857143,64.0,0.0,-0.994788305609327,-0.10196189005174576,-0.8660254037844384,-0.5000000000000004
2024-09-25,2.5,0.0,2.533333333333333,2.5714285714285716,51.5,-1.0,51.9,53.55714285714286,,,2.3,2.233333333333333,,,276.0,277.3333333333333,,,8.5,8.466666666666667,,,12.050000000000004,12.133333333333333,,,9.350000000000001,9.299999999999999,,519,3.0,519.5714285714286,3.111875,3.1139580000000002,3.113050285714285,1195.0142857142855,,0.0,0.0,0.04285714285714286,0.07,0.16666666666666666,0.07142857142857142,62.0,0.0,-0.9963950238187231,-0.08483487790576538,-0.8660254037844384,-0.5000000000000004
2024-09-26,2.5,0.0,2.5,2.557142857142857,55.2,3.700000000000003,53.06666666666666,53.58571428571429,,,,2.2399999999999998,,,,276.8,,,,8.46,,,,12.120000000000001,,,,9.3,,553,34.0,522.4285714285714,3.18,3.132465,3.1186158571428573,,,0.0,0.0,0.04285714285714286,0.0,0.16666666666666666,0.07142857142857142,76.0,0.0,-0.9977068927101168,-0.06768276175455162,-0.8660254037844384,-0.5000000000000004
2024-09-27,2.5,0.0,2.5,2.542857142857143,53.4,-1.8000000000000043,53.36666666666667,53.300000000000004,,,,2.275,,,,276.5,,,,8.450000000000001,,,,11.975,9.0,,,9.280000000000001,,551,-2.0,528.8571428571429,3.177395,3.156423333333333,3.1318002857142853,,,0.0,0.0,0.04285714285714286,0.0,0.023333333333333334,0.07142857142857142,76.0,0.0,-0.9987235240803972,-0.050510617185222886,-0.8660254037844384,-0.5000000000000004
2024-09-28,2.4,-0.10000000000000009,2.466666666666667,2.5142857142857147,57.0,3.6000000000000014,55.199999999999996,53.58571428571429,3.0,,,2.4749999999999996,277.0,,,276.0,8.4,,,8.45,12.4,,,12.100000000000001,9.2,0.1999999999999993,9.1,9.26,4.2,616,65.0,544.4285714285714,3.301666,3.2196870000000004,3.162455,,,0.0,0.0,0.0,0.0,0.0,0.07142857142857142,85.0,0.0,-0.9994446170919858,-0.033323525711631344,-0.8660254037844384,-0.5000000000000004
2024-09-29,2.5,0.10000000000000009,2.466666666666667,2.5,53.0,-4.0,54.46666666666667,53.471428571428575,2.6,-0.3999999999999999,2.8000000000000007,2.55,277.0,0.0,277.0,276.5,8.4,0.0,8.4,8.450000000000001,12.4,0.0,12.4,12.225000000000001,9.2,0.0,9.133333333333333,9.22,3.0,616,0.0,556.5714285714286,3.302395,3.2604853333333335,3.18619,1558.4000000000003,775.6000000000003,0.0,0.0,0.0,0.0,0.0,0.07142857142857142,88.0,0.0,-0.9998699583618592,-0.016126573270657762,-0.8660254037844384,-0.5000000000000004
2024-09-30,2.5,0.0,2.466666666666667,2.4857142857142853,55.5,2.5,55.166666666666664,54.01428571428572,2.4,-0.20000000000000018,2.6666666666666674,2.5749999999999997,276.0,-1.0,276.6666666666667,276.5,8.4,0.0,8.4,8.425,12.0,-0.40000000000000036,12.266666666666671,12.275,9.3,0.10000000000000142,9.233333333333333,9.2,2.8,620,4.0,570.1428571428571,3.308854,3.304305,3.212529285714286,1520.3809523809527,736.0000000000002,0.0,0.0,0.0,0.0,0.0,0.07142857142857142,82.0,0.0,-0.9999994220246925,0.001075151282798226,-0.8660254037844384,-0.5000000000000004
2024-10-01,2.4,-0.10000000000000009,2.466666666666667,2.4714285714285715,55.5,0.0,54.666666666666664,54.44285714285714,2.4,0.0,2.4666666666666672,2.6,282.0,6.0,278.3333333333333,278.0,8.4,0.0,8.4,8.4,11.5,-0.5,11.966666666666669,12.075000000000001,9.5,0.1999999999999993,9.333333333333334,9.239999999999998,3.2,615,-5.0,584.2857142857143,3.30052,3.3039229999999997,3.2403864285714286,1441.2380952380956,695.6000000000001,0.0,0.0,0.0,0.0,0.0,0.01,84.0,0.0,-0.999832969770105,0.018276557681691223,-1.0,-1.8369701987210297e-16
2024-10-02,2.4,0.0,2.433333333333333,2.457142857142857,56.0,0.5,55.666666666666664,55.08571428571429,2.0,-0.3999999999999999,2.2666666666666675,2.48,294.0,12.0,284.0,281.2,8.4,0.0,8.4,8.4,12.2,0.6999999999999993,11.9,12.1,9.3,-0.1999999999999993,9.366666666666667,9.25,2.7,596,-19.0,595.2857142857143,3.26427,3.2912146666666664,3.2621571428571436,1349.3142857142864,666.4000000000002,0.0,0.0,0.0,0.0,0.0,0.0,87.0,0.0,-0.9993706508539969,0.03547255575312556,-1.0,-1.8369701987210297e-16
2024-10-03,2.4,0.0,2.4,2.4428571428571426,55.6,-0.3999999999999986,55.699999999999996,55.142857142857146,1.8,-0.19999999999999996,2.0666666666666673,2.3666666666666667,292.0,-2.0,289.3333333333333,283.0,8.4,0.0,8.4,8.4,11.5,-0.6999999999999993,11.733333333333334,12.0,9.4,0.09999999999999964,9.4,9.271428571428572,2.1,560,-36.0,596.2857142857143,3.193229,3.2526729999999997,3.264047,1232.32380952381,603.4666666666668,0.0,0.0,0.0,0.0,0.0,0.0,86.0,0.0,-0.9986126020839734,0.052658056924614005,-1.0,-1.8369701987210297e-16
2024-10-04,2.4,0.0,2.4,2.4285714285714284,56.2,0.6000000000000014,55.93333333333334,55.542857142857144,1.8,0.0,1.8666666666666671,2.2857142857142856,294.0,2.0,293.3333333333333,284.57142857142856,8.5,0.09999999999999964,8.433333333333332,8.414285714285715,11.6,0.09999999999999964,11.766666666666667,11.942857142857141,9.4,0.0,9.366666666666667,9.328571428571427,2.0,553,-7.0,596.5714285714286,3.18,3.2124996666666665,3.264419142857143,1113.6000000000004,548.8000000000002,0.0,0.0,0.0,0.0,0.0,0.0,71.0,0.0,-0.9975590477788613,0.06982797572987089,-1.0,-1.8369701987210297e-16
2024-10-05,2.4,0.0,2.4,2.4285714285714284,61.0,4.799999999999997,57.6,56.114285714285714,1.8,0.0,1.8,2.1142857142857143,295.0,1.0,293.6666666666667,287.14285714285717,8.5,0.0,8.466666666666667,8.428571428571429,12.0,0.40000000000000036,11.700000000000003,11.885714285714284,9.3,-0.09999999999999964,9.366666666666667,9.342857142857143,2.0,526,-27.0,583.7142857142857,3.125,3.1660763333333333,3.239181142857143,1050.6857142857143,531.0,0.0,0.0,0.0,0.0,0.0,0.0,85.0,0.0,-0.9962102997023297,0.0869772313136861,-1.0,-1.8369701987210297e-16
2024-10-06,2.4,0.0,2.4,2.414285714285714,57.0,-4.0,58.06666666666666,56.68571428571429,1.8,0.0,1.8,2.0,297.0,2.0,295.3333333333333,290.0,8.5,0.0,8.5,8.442857142857143,11.9,-0.09999999999999964,11.833333333333336,11.814285714285715,9.4,0.09999999999999964,9.366666666666667,9.37142857142857,2.0,522,-4.0,570.2857142857143,3.117604,3.1408679999999998,3.212782428571429,1026.5142857142857,534.6,0.0,0.0,0.0,0.0,0.0,0.0,65.0,0.0,-0.9945667569706337,0.1041007489354256,-1.0,-1.8369701987210297e-16
2024-10-07,2.4,0.0,2.4,2.4,56.7,-0.29999999999999716,58.23333333333333,56.857142857142854,1.6,-0.19999999999999996,1.733333333333334,1.885714285714286,301.0,4.0,297.6666666666667,293.57142857142856,8.6,0.09999999999999964,8.533333333333333,8.471428571428572,11.9,0.0,11.933333333333335,11.8,9.3,-0.09999999999999964,9.333333333333334,9.371428571428572,2.0,501,-21.0,553.2857142857143,3.073437,3.105347,3.179151428571429,959.0285714285719,521.7333333333336,0.0,0.0,0.0,0.0,0.0,0.0,83.0,0.0,-0.9926289059345095,0.121193461470736,-1.0,-1.8369701987210297e-16
2024-10-08,2.4,0.0,2.4,2.4,60.7,4.0,58.13333333333333,57.6,1.6,0.0,1.6666666666666672,1.7714285714285716,303.0,2.0,300.3333333333333,296.57142857142856,8.5,-0.09999999999999964,8.533333333333333,8.485714285714286,11.1,-0.8000000000000007,11.633333333333335,11.742857142857144,9.5,0.1999999999999993,9.4,9.371428571428572,1.8,499,-2.0,536.7142857142857,3.070937,3.0873259999999996,3.146353857142857,894.5238095238097,505.00000000000017,0.0,0.0,0.0,0.0,0.0,0.0,83.0,0.0,-0.9903973200352558,0.1382503109109819,-1.0,-1.8369701987210297e-16
2024-10-09,2.5,0.10000000000000009,2.433333333333333,2.414285714285714,62.0,1.2999999999999972,59.800000000000004,58.457142857142856,1.7,0.09999999999999987,1.633333333333334,1.7285714285714284,303.0,0.0,302.3333333333333,297.85714285714283,8.4,-0.09999999999999964,8.5,8.485714285714286,11.1,0.0,11.366666666666669,11.585714285714285,9.5,0.0,9.433333333333335,9.4,2.0,508,9.0,524.1428571428571,3.087708,3.077360666666667,3.1211307142857145,856.1000000000003,494.9000000000002,0.0,0.0,0.0,0.0,0.0,0.0,72.0,0.0,-0.9878726596350429,0.15526624985999563,-1.0,-1.8369701987210297e-16
2024-10-10,2.5,0.0,2.466666666666667,2.4285714285714284,62.5,0.5,61.73333333333333,59.44285714285714,1.8,0.10000000000000009,1.7000000000000004,1.7285714285714284,300.0,-3.0,302.0,299.0,8.4,0.0,8.433333333333332,8.485714285714286,11.3,0.20000000000000107,11.16666666666667,11.557142857142859,9.5,0.0,9.5,9.414285714285715,2.1,535,27.0,520.5714285714286,3.143437,3.1006940000000003,3.1140175714285716,884.9714285714288,510.0000000000001,0.0,0.0,0.0,0.0,0.0,0.0,79.0,0.0,-0.9850556718215013,0.172236243027682,-1.0,-1.8369701987210297e-16
2024-10-11,2.5,0.0,2.5,2.442857142857143,62.5,0.0,62.333333333333336,60.34285714285714,1.7,-0.10000000000000009,1.733333333333334,1.7142857142857142,296.0,-4.0,299.6666666666667,299.2857142857143,8.5,0.09999999999999964,8.433333333333332,8.485714285714286,11.1,-0.20000000000000107,11.16666666666667,11.485714285714286,9.6,0.09999999999999964,9.533333333333333,9.442857142857145,1.9,506,-29.0,513.8571428571429,3.085,3.1053816666666667,3.1004461428571433,890.6857142857148,513.0666666666668,0.0,0.0,0.0,0.0,0.0,0.0,78.0,0.0,-0.981947190186646,0.18915526872004093,-1.0,-1.8369701987210297e-16
2024-10-12,2.5,0.0,2.5,2.457142857142857,61.2,-1.2999999999999972,62.06666666666666,60.371428571428574,1.6,-0.09999999999999987,1.7000000000000004,1.6857142857142857,296.0,0.0,297.3333333333333,299.42857142857144,8.5,0.0,8.466666666666667,8.485714285714286,11.0,-0.09999999999999964,11.133333333333335,11.342857142857143,9.6,0.0,9.566666666666668,9.485714285714286,1.9,505,-1.0,510.85714285714283,3.08177,3.1034023333333334,3.0942704285714284,868.457142857143,503.2000000000001,0.0,0.0,0.0,0.0,0.0,0.0,78.0,0.0,-0.9785481345802031,0.20601832032517084,-1.0,-1.8369701987210297e-16
2024-10-13,2.5,0.0,2.5,2.4714285714285715,65.6,4.3999999999999915,63.1,61.6,1.6,0.0,1.633333333333334,1.657142857142857,297.0,1.0,296.3333333333333,299.42857142857144,8.5,0.0,8.5,8.485714285714286,11.3,0.3000000000000007,11.133333333333335,11.257142857142856,9.5,-0.09999999999999964,9.566666666666668,9.5,1.9,504,-1.0,508.2857142857143,3.080104,3.0822913333333335,3.0889132857142854,830.2000000000003,485.1000000000002,0.0,0.0,0.0,0.0,0.0,0.0,81.0,0.0,-0.9748595108374125,0.22282040779479959,-1.0,-1.8369701987210297e-16
2024-10-14,2.5,0.0,2.5,2.4857142857142853,62.9,-2.6999999999999957,63.23333333333333,62.48571428571428,1.7,0.09999999999999987,1.633333333333334,1.6714285714285713,295.0,-2.0,296.0,298.57142857142856,8.5,0.0,8.5,8.471428571428572,10.8,-0.5,11.033333333333337,11.1,9.6,0.09999999999999964,9.566666666666666,9.542857142857143,2.2,501,-3.0,508.2857142857143,3.075416,3.079096666666667,3.089196,830.2000000000003,481.83333333333354,0.0,0.0,0.0,0.0,0.0,0.0,73.0,0.0,-0.9708824104813836,0.23955655912092708,-1.0,-1.8369701987210297e-16
2024-10-15,2.5,0.0,2.5,2.5,61.8,-1.1000000000000014,63.43333333333334,62.642857142857146,1.6,-0.09999999999999987,1.633333333333334,1.6714285714285713,294.0,-1.0,295.3333333333333,297.2857142857143,8.4,-0.09999999999999964,8.466666666666667,8.457142857142857,10.9,0.09999999999999964,11.000000000000002,11.071428571428571,9.5,-0.09999999999999964,9.533333333333333,9.542857142857143,1.8,471,-30.0,504.2857142857143,3.010833,3.055451,3.0806097142857145,823.666666666667,480.20000000000016,0.0,0.0,0.0,0.0,0.0,0.0,78.0,0.0,-0.9666180104000972,0.2562218218071163,-1.0,-1.8369701987210297e-16
2024-10-16,2.5,0.0,2.5,2.5,62.0,0.20000000000000284,62.23333333333333,62.642857142857146,1.6,0.0,1.633333333333334,1.6571428571428573,294.0,0.0,294.3333333333333,296.0,8.4,0.0,8.433333333333334,8.457142857142857,10.6,-0.3000000000000007,10.766666666666671,11.000000000000002,9.6,0.09999999999999964,9.566666666666668,9.557142857142859,1.9,472,1.0,499.14285714285717,3.012604,3.032951,3.069880571428571,815.266666666667,480.20000000000016,0.0,0.0,0.0,0.0,0.0,0.0,67.0,0.0,-0.9620675724981452,0.27281126433401914,-1.0,-1.8369701987210297e-16
2024-10-17,2.4,-0.10000000000000009,2.466666666666667,2.485714285714286,63.4,1.3999999999999986,62.4,62.771428571428565,1.9,0.2999999999999998,1.7000000000000004,1.6714285714285713,285.0,-9.0,291.0,293.85714285714283,8.5,0.09999999999999964,8.433333333333332,8.471428571428572,10.9,0.3000000000000007,10.800000000000002,10.942857142857141,9.4,-0.1999999999999993,9.5,9.542857142857143,2.3,477,5.0,490.85714285714283,3.02375,3.0157290000000003,3.0527824285714287,834.457142857143,484.5000000000001,0.0,0.0,0.0,0.0,0.0,0.0,80.0,0.0,-0.957232443323312,0.28931997761869527,-1.0,-1.8369701987210297e-16
2024-10-18,2.4,0.0,2.433333333333333,2.4714285714285715,61.5,-1.8999999999999986,62.300000000000004,62.628571428571426,1.9,0.0,1.8000000000000007,1.7,277.0,-8.0,285.3333333333333,291.14285714285717,8.3,-0.1999999999999993,8.4,8.442857142857143,9.1,-1.8000000000000007,10.200000000000003,10.657142857142858,9.9,0.5,9.633333333333333,9.585714285714285,2.2,414,-63.0,477.7142857142857,2.87927,2.971874666666667,3.023392428571429,859.8857142857146,498.6000000000002,0.3,0.3,0.04285714285714286,0.0,0.0,0.0,80.0,0.0,-0.9521140536681102,0.3057430764672831,-1.0,-1.8369701987210297e-16
2024-10-19,2.4,0.0,2.4,2.457142857142857,61.0,-0.5,61.96666666666667,62.59999999999999,2.0,0.10000000000000009,1.9333333333333338,1.757142857142857,279.0,2.0,280.3333333333333,288.7142857142857,8.3,0.0,8.366666666666665,8.414285714285715,9.5,0.40000000000000036,9.833333333333336,10.442857142857145,9.8,-0.09999999999999964,9.700000000000001,9.614285714285714,2.2,347,-67.0,455.14285714285717,2.711666,2.8715620000000004,2.9705204285714286,879.9428571428574,539.4000000000001,0.3,0.0,0.08571428571428572,0.0,0.0,0.0,78.0,0.0,-0.9467139181463862,0.3220757010206104,-1.0,-1.8369701987210297e-16
2024-10-20,2.4,0.0,2.4,2.442857142857143,63.6,2.6000000000000014,62.03333333333333,62.31428571428571,1.8,-0.19999999999999996,1.9000000000000006,1.7857142857142858,281.0,2.0,279.0,286.42857142857144,8.4,0.09999999999999964,8.333333333333334,8.4,10.4,0.9000000000000004,9.66666666666667,10.314285714285715,9.6,-0.20000000000000107,9.766666666666667,9.62857142857143,2.2,339,-8.0,431.57142857142856,2.691145,2.7606936666666666,2.9149548571428574,819.9857142857145,533.9000000000002,0.2,-0.09999999999999998,0.1142857142857143,0.0,0.0,0.0,69.0,0.0,-0.9410336347451197,0.3383130181923076,-1.0,-1.8369701987210297e-16
2024-10-21,2.4,0.0,2.4,2.4285714285714284,62.6,-1.0,62.4,62.27142857142858,1.8,0.0,1.8666666666666671,1.8000000000000003,282.0,1.0,280.6666666666667,284.57142857142856,8.4,0.0,8.366666666666665,8.385714285714286,9.9,-0.5,9.933333333333335,10.185714285714285,9.6,0.0,9.666666666666666,9.62857142857143,2.1,337,-2.0,408.14285714285717,2.686354,2.6963883333333336,2.8593745714285714,761.8666666666669,526.4000000000001,0.5,0.3,0.18571428571428572,0.14,0.04666666666666667,0.02,53.0,0.0,-0.9350748843515574,0.3544502230989869,-1.0,-1.8369701987210297e-16
2024-10-22,2.4,0.0,2.4,2.414285714285714,59.0,-3.6000000000000014,61.73333333333333,61.871428571428574,2.0,0.19999999999999996,1.8666666666666671,1.8571428571428572,282.0,0.0,281.6666666666667,282.85714285714283,8.3,-0.09999999999999964,8.366666666666665,8.371428571428572,8.8,-1.0999999999999996,9.700000000000003,9.885714285714286,10.0,0.40000000000000036,9.733333333333334,9.700000000000001,2.2,336,-1.0,388.85714285714283,2.682291,2.6865966666666665,2.81244,725.8666666666668,526.4000000000001,0.5,0.0,0.2571428571428572,0.0,0.04666666666666667,0.02,66.0,0.0,-0.9288394302558068,0.3704825404820963,-1.0,-1.8369701987210297e-16
2024-10-23,2.4,0.0,2.4,2.4,61.3,2.299999999999997,60.96666666666667,61.771428571428565,2.0,0.0,1.9333333333333342,1.9142857142857141,282.0,0.0,282.0,281.14285714285717,8.3,0.0,8.333333333333334,8.357142857142858,8.7,-0.10000000000000142,9.133333333333336,9.614285714285714,10.1,0.09999999999999964,9.9,9.771428571428572,2.7,338,2.0,369.7142857142857,2.689479,2.6860413333333333,2.766279285714286,714.7809523809527,545.2000000000003,0.5,0.0,0.32857142857142857,0.08,0.07333333333333335,0.03142857142857143,73.0,0.0,-0.9223291176290545,0.3864052261209853,-1.0,-1.8369701987210297e-16
2024-10-24,2.3,-0.10000000000000009,2.3666666666666667,2.3857142857142857,59.9,-1.3999999999999986,60.06666666666666,61.27142857142858,2.4,0.3999999999999999,2.1333333333333337,1.9857142857142858,280.0,-2.0,281.3333333333333,280.42857142857144,8.3,0.0,8.3,8.328571428571427,8.4,-0.29999999999999893,8.633333333333335,9.257142857142856,10.1,0.0,10.066666666666668,9.87142857142857,3.0,373,35.0,354.85714285714283,2.779895,2.7172216666666666,2.731442857142857,757.0285714285715,597.3333333333335,0.5,0.0,0.39999999999999997,0.04,0.04,0.037142857142857144,68.0,0.0,-0.9155458729775467,0.40221356823680365,-1.0,-1.8369701987210297e-16
2024-10-25,2.3,0.0,2.3333333333333335,2.371428571428571,59.4,-0.5,60.199999999999996,60.97142857142857,2.2,-0.19999999999999973,2.2000000000000006,2.028571428571429,280.0,0.0,280.6666666666667,280.85714285714283,8.3,0.0,8.3,8.32857142857143,7.9,-0.5,8.333333333333336,9.085714285714285,10.3,0.20000000000000107,10.166666666666666,9.928571428571429,2.4,371,-2.0,348.7142857142857,2.775104,2.748159333333333,2.716562,767.1714285714288,616.0000000000002,0.5,0.0,0.42857142857142855,0.0,0.04,0.037142857142857144,75.0,0.0,-0.9084917035725082,0.41790288888678667,-1.0,-1.8369701987210297e-16
2024-10-26,2.3,0.0,2.3,2.357142857142857,59.8,0.3999999999999986,59.699999999999996,60.8,2.0,-0.20000000000000018,2.2000000000000006,2.028571428571429,283.0,3.0,281.0,281.42857142857144,8.3,0.0,8.3,8.328571428571427,7.8,-0.10000000000000053,8.033333333333337,8.842857142857143,10.3,0.0,10.233333333333334,10.0,2.2,342,-29.0,348.0,2.700208,2.7517356666666664,2.714925142857143,765.6000000000003,622.6000000000001,0.5,0.0,0.4571428571428572,0.0,0.013333333333333334,0.037142857142857144,75.0,0.0,-0.9011686968561569,0.4334685453485363,-1.0,-1.8369701987210297e-16
2024-10-27,2.3,0.0,2.3,2.3428571428571425,57.6,-2.1999999999999957,58.93333333333333,59.94285714285714,2.1,0.10000000000000009,2.100000000000001,2.0714285714285716,284.0,1.0,282.3333333333333,281.85714285714283,8.3,0.0,8.3,8.314285714285715,7.5,-0.2999999999999998,7.733333333333335,8.428571428571429,10.3,0.0,10.3,10.1,2.2,343,1.0,348.57142857142856,2.702708,2.7260066666666667,2.716577,732.0000000000003,596.4000000000003,0.4,-0.09999999999999998,0.48571428571428577,0.0,0.0,0.037142857142857144,71.0,0.0,-0.8935790198239952,0.4489059314938798,-1.0,-1.8369701987210297e-16
2024-10-28,2.2,-0.09999999999999964,2.266666666666666,2.314285714285714,59.0,1.3999999999999986,58.800000000000004,59.42857142857143,2.2,0.10000000000000009,2.100000000000001,2.1285714285714286,294.0,10.0,287.0,283.57142857142856,8.4,0.09999999999999964,8.333333333333334,8.314285714285715,8.4,0.9000000000000004,7.900000000000003,8.214285714285714,10.0,-0.3000000000000007,10.200000000000001,10.157142857142857,2.4,384,41.0,355.2857142857143,2.808229,2.7370483333333335,2.7339877142857145,746.1000000000004,617.4000000000003,0.4,0.0,0.4714285714285715,0.0,0.0,0.017142857142857144,63.0,0.0,-0.8857249183835637,0.4642104791518923,-1.0,-1.8369701987210297e-16
2024-10-29,2.2,0.0,2.233333333333334,2.2857142857142856,60.0,1.0,58.86666666666667,59.57142857142857,2.4,0.19999999999999973,2.233333333333334,2.1857142857142855,282.0,-12.0,286.6666666666667,283.57142857142856,8.3,-0.09999999999999964,8.333333333333334,8.314285714285715,9.3,0.9000000000000004,8.400000000000004,8.285714285714286,9.7,-0.3000000000000007,10.0,10.114285714285714,2.7,376,-8.0,361.0,2.78677,2.7659023333333335,2.7489132857142855,806.2333333333335,629.8000000000002,0.5,0.09999999999999998,0.4714285714285714,0.0,0.0,0.017142857142857144,76.0,0.0,-0.8776087166898392,0.4793776594606945,-1.0,-1.8369701987210297e-16
2024-10-30,,,2.2,2.2666666666666666,,,59.5,59.28333333333334,2.4,0.0,2.333333333333334,2.242857142857143,282.0,0.0,286.0,283.57142857142856,8.3,0.0,8.333333333333334,8.314285714285715,7.0,-2.3000000000000007,8.233333333333336,8.042857142857143,10.4,0.7000000000000011,10.033333333333333,10.157142857142857,2.8,370,-6.0,365.57142857142856,2.772812,2.789270333333333,2.760818,853.0000000000002,658.0000000000001,0.7,0.19999999999999996,0.5,0.0,0.0,0.005714285714285714,79.0,0.0,-0.8692328164574792,0.49440298420761813,-1.0,-1.8369701987210297e-16
2024-10-31,,,,2.2600000000000002,,,,59.160000000000004,2.3,-0.10000000000000009,2.366666666666667,2.2285714285714286,293.0,11.0,285.6666666666667,285.42857142857144,8.3,0.0,8.3,8.314285714285715,5.8,-1.2000000000000002,7.36666666666667,7.671428571428572,10.7,0.29999999999999893,10.266666666666667,10.242857142857144,2.7,313,-57.0,357.0,2.620208,2.726596666666667,2.738005571428571,844.9000000000002,693.4333333333335,0.7,0.0,0.5285714285714286,0.0,0.0,0.0,78.0,0.0,-0.8605996962501181,0.5092820071573356,-1.0,-1.8369701987210297e-16
2024-11-01,,,,2.25,,,,59.10000000000001,2.3,0.0,2.333333333333334,2.242857142857143,302.0,9.0,292.3333333333333,288.57142857142856,8.3,0.0,8.3,8.314285714285715,5.3,-0.5,6.033333333333336,7.3,10.8,0.10000000000000142,10.633333333333335,10.314285714285715,2.8,268,-45.0,342.2857142857143,2.487708,2.6269093333333333,2.696949,798.6666666666669,704.6666666666669,0.7,0.0,0.5571428571428572,0.0,0.0,0.0,71.0,0.0,-0.8517119107469189,0.5240103253675756,-0.8660254037844386,0.5000000000000001
2024-11-02,,,,,,,,,2.2,-0.09999999999999964,2.266666666666667,2.2714285714285714,307.0,5.0,300.6666666666667,292.0,8.3,0.0,8.3,8.314285714285715,5.4,0.10000000000000053,5.500000000000003,6.957142857142857,10.7,-0.10000000000000142,10.733333333333334,10.371428571428572,2.7,242,-26.0,328.0,2.405833,2.504583,2.654895428571429,743.4666666666668,695.8666666666668,0.7,0.0,0.5857142857142856,0.04,0.013333333333333334,0.005714285714285714,40.0,0.0,-0.8425720899866032,0.5385835804920232,-0.8660254037844386,0.5000000000000001
2024-11-03,,,,,,,,,2.2,0.0,2.2333333333333343,2.2857142857142856,306.0,-1.0,305.0,295.14285714285717,8.4,0.09999999999999964,8.333333333333334,8.32857142857143,5.4,0.0,5.36666666666667,6.6571428571428575,10.7,0.0,10.733333333333334,10.428571428571429,2.7,240,-2.0,313.2857142857143,2.400937,2.4314926666666667,2.611785285714286,699.6714285714288,683.4000000000003,1.3,0.6000000000000001,0.7142857142857143,0.0,0.013333333333333334,0.005714285714285714,59.0,0.0,-0.8331829385891785,0.5529974600700271,-0.8660254037844386,0.5000000000000001
2024-11-04,,,,,,,,,2.4,0.19999999999999973,2.266666666666667,2.314285714285714,300.0,-6.0,304.3333333333333,296.0,8.3,-0.09999999999999964,8.333333333333334,8.314285714285715,5.1,-0.3000000000000007,5.300000000000003,6.185714285714285,10.8,0.10000000000000142,10.733333333333334,10.542857142857143,2.7,250,10.0,294.14285714285717,2.432395,2.413055,2.5580947142857147,666.7238095238097,680.0000000000001,1.3,0.0,0.8428571428571427,0.0,0.013333333333333334,0.005714285714285714,59.0,0.0,-0.8235472349556007,0.5672476988027229,-0.8660254037844386,0.5000000000000001
2024-11-05,,,,,,,,,2.4,0.0,2.333333333333334,2.314285714285714,307.0,7.0,304.3333333333333,299.57142857142856,8.3,0.0,8.333333333333334,8.314285714285715,3.7,-1.3999999999999995,4.733333333333337,5.385714285714286,11.2,0.3999999999999986,10.9,10.757142857142856,2.9,233,-17.0,273.7142857142857,2.397812,2.4103813333333335,2.5025292857142856,638.6666666666669,716.3333333333335,1.6,0.30000000000000004,1.0,0.0,0.0,0.005714285714285714,67.0,0.0,-0.8136678304455991,0.5813300798152042,-0.8660254037844386,0.5000000000000001
2024-11-06,,,,,,,,,2.7,0.30000000000000027,2.5000000000000004,2.357142857142857,297.0,-10.0,301.3333333333333,301.7142857142857,8.3,0.0,8.3,8.314285714285715,2.5,-1.2000000000000002,3.7666666666666693,4.742857142857143,11.7,0.5,11.233333333333334,10.942857142857145,3.3,240,7.0,255.14285714285714,2.449687,2.4266313333333334,2.456368571428571,637.857142857143,742.5000000000001,1.8,0.19999999999999996,1.157142857142857,0.75,0.25,0.11285714285714286,53.0,0.0,-0.8035476485339116,0.5952404359043674,-0.8660254037844386,0.5000000000000001
2024-11-07,,,,,,,,,2.5,-0.20000000000000018,2.5333333333333337,2.3857142857142857,302.0,5.0,302.0,303.0,8.3,0.0,8.3,8.314285714285715,2.8,0.2999999999999998,3.000000000000003,4.314285714285714,11.7,0.0,11.533333333333331,11.085714285714285,2.7,229,-11.0,243.14285714285714,2.411875,2.4197913333333334,2.426606714285714,615.9619047619049,765.0666666666667,2.1,0.30000000000000004,1.3571428571428572,0.08,0.27666666666666667,0.12428571428571429,37.0,0.0,-0.7931896839451843,0.6089746507720486,-0.8660254037844386,0.5000000000000001
2024-11-08,,,,,,,,,2.4,-0.10000000000000009,2.5333333333333337,2.4,299.0,-3.0,299.3333333333333,302.57142857142856,8.2,-0.10000000000000142,8.266666666666667,8.3,3.4,0.6000000000000001,2.9000000000000026,4.042857142857143,11.4,-0.29999999999999893,11.6,11.171428571428573,2.6,239,10.0,239.0,2.446145,2.4359023333333334,2.4206691428571427,605.4666666666667,757.4666666666668,2.6,0.5,1.6285714285714286,0.82,0.5499999999999999,0.2414285714285714,49.0,11.0,-0.7825970017677834,0.6225286602431057,-0.8660254037844386,0.5000000000000001
2024-11-09,,,,,,,,,2.4,0.0,2.433333333333334,2.4285714285714284,288.0,-11.0,296.3333333333333,299.85714285714283,8.3,0.10000000000000142,8.266666666666667,8.3,4.2,0.8000000000000003,3.46666666666667,3.8714285714285714,11.1,-0.3000000000000007,11.4,11.228571428571428,2.7,223,-16.0,236.28571428571428,2.390208,2.416076,2.4184370000000004,574.9619047619049,700.8000000000002,2.8,0.19999999999999973,1.9285714285714286,0.53,0.4766666666666666,0.3114285714285714,26.0,4.0,-0.7717727365467837,0.6358984534680745,-0.8660254037844386,0.5000000000000001
2024-11-10,,,,,,,,,2.5,0.10000000000000009,2.433333333333334,2.4714285714285715,295.0,7.0,294.0,298.2857142857143,8.2,-0.10000000000000142,8.233333333333333,8.271428571428572,4.1,-0.10000000000000053,3.9000000000000035,3.685714285714286,11.1,0.0,11.200000000000001,11.285714285714286,2.8,217,-6.0,233.0,2.370937,2.4024300000000003,2.414151285714286,566.9666666666668,717.8333333333335,2.8,0.0,2.142857142857143,0.1,0.48333333333333334,0.3257142857142857,35.0,2.0,-0.7607200913564104,0.6490800741100398,-0.8660254037844386,0.5000000000000001
2024-11-11,,,,,,,,,2.8,0.2999999999999998,2.566666666666667,2.5285714285714285,284.0,-11.0,289.0,296.0,8.2,0.0,8.233333333333333,8.257142857142858,3.0,-1.0999999999999996,3.7666666666666693,3.3857142857142857,11.5,0.40000000000000036,11.233333333333334,11.385714285714286,3.1,187,-30.0,224.0,2.261145,2.3407633333333333,2.389687,574.9333333333334,728.9333333333334,2.8,0.0,2.357142857142857,0.48,0.36999999999999994,0.39428571428571424,33.0,4.0,-0.7494423368521953,0.6620696215153815,-0.8660254037844386,0.5000000000000001
2024-11-12,,,,,,,,,2.8,0.0,2.7000000000000006,2.585714285714286,280.0,-4.0,286.3333333333333,292.14285714285717,8.1,-0.09999999999999964,8.166666666666666,8.22857142857143,2.9,-0.10000000000000009,3.333333333333336,3.2714285714285714,11.4,-0.09999999999999964,11.333333333333334,11.414285714285713,3.2,180,-7.0,216.42857142857142,2.235208,2.289096666666667,2.366457857142857,584.357142857143,756.0000000000002,3.0,0.20000000000000018,2.557142857142857,0.0,0.19333333333333333,0.39428571428571424,43.0,0.0,-0.7379428103031386,0.6748632518680403,-0.8660254037844386,0.5000000000000001
2024-11-13,,,,,,,,,2.6,-0.19999999999999973,2.733333333333334,2.5714285714285716,280.0,0.0,281.3333333333333,289.7142857142857,8.1,0.0,8.133333333333331,8.2,3.0,0.10000000000000009,2.96666666666667,3.3428571428571425,11.5,0.09999999999999964,11.466666666666667,11.385714285714284,3.1,178,-2.0,207.57142857142858,2.225729,2.240694,2.334463857142857,567.361904761905,765.3333333333335,3.0,0.0,2.728571428571428,0.0,0.16,0.2871428571428571,54.0,0.0,-0.7262249146041543,0.6874571793269664,-0.8660254037844386,0.5000000000000001
2024-11-14,,,,,,,,,,,2.700000000000001,2.5833333333333335,,,280.0,287.6666666666667,,,8.1,8.183333333333332,,,2.9500000000000046,3.433333333333333,12.1,0.5999999999999996,11.666666666666666,11.442857142857145,,173,-5.0,199.57142857142858,2.208229,2.2230553333333334,2.3053715714285716,538.8428571428574,,3.0,0.0,2.857142857142857,0.0,0.0,0.2757142857142857,55.0,0.0,-0.7142921172691032,0.699847677146407,-0.8660254037844386,0.5000000000000001
2024-11-15,,,,,,,,,,,,2.62,,,,285.4,,,,8.179999999999998,,,,3.44,12.2,0.09999999999999964,11.933333333333332,11.557142857142859,,201,28.0,194.14285714285714,2.313125,2.2490276666666666,2.286368714285714,,,3.0,0.0,2.914285714285714,0.0,0.0,0.15857142857142856,59.0,0.0,-0.7021479494046978,0.7120310787787131,-0.8660254037844386,0.5000000000000001
2024-11-16,,,,,,,,,,,,2.675,,,,284.75,8.0,,,8.12,,,,3.2499999999999996,11.8,-0.3999999999999986,12.033333333333333,11.657142857142858,,230,29.0,195.14285714285714,2.41375,2.311701333333333,2.2897318571428573,,,3.0,0.0,2.9428571428571426,0.0,0.0,0.08285714285714285,52.0,0.0,-0.6897960046655887,0.7240037789593305,-0.8660254037844386,0.5000000000000001
2024-11-17,,,,,,,,,3.3,,,2.8749999999999996,311.0,,,288.75,8.2,0.1999999999999993,8.099999999999998,8.12,3.4,,,3.075,11.4,-0.40000000000000036,11.799999999999999,11.7,4.3,296,66.0,206.42857142857142,2.621666,2.4495136666666664,2.325550285714286,,,3.0,0.0,2.971428571428571,0.0,0.0,0.06857142857142857,58.0,0.0,-0.6772399381909491,0.7357622347736527,-0.8660254037844386,0.5000000000000001
2024-11-18,,,,,,,,,3.2,-0.09999999999999964,3.250000000000001,2.975,315.0,4.0,313.0,296.5,8.2,0.0,8.133333333333333,8.12,3.0,-0.3999999999999999,3.2000000000000046,3.075,11.5,0.09999999999999964,11.566666666666668,11.7,3.7,295,-1.0,221.85714285714286,2.619062,2.551492666666667,2.376681285714286,721.0357142857144,1023.7500000000002,3.0,0.0,3.0,0.0,0.0,0.0,62.0,0.0,-0.6644834655228552,0.7473029667054297,-0.8660254037844386,0.5000000000000001
2024-11-19,,,,,,,,,3.0,-0.20000000000000018,3.1666666666666674,3.0250000000000004,313.0,-2.0,313.0,304.75,8.2,0.0,8.2,8.139999999999999,2.8,-0.20000000000000018,3.06666666666667,3.05,11.7,0.1999999999999993,11.533333333333331,11.742857142857144,3.3,289,-6.0,237.42857142857142,2.601666,2.6141313333333334,2.4290324285714284,751.857142857143,991.1666666666669,3.3,0.2999999999999998,3.042857142857143,0.0,0.0,0.0,52.0,0.0,-0.6515303615068021,0.75862255966641,-0.8660254037844386,0.5000000000000001
2024-11-20,,,,,,,,,3.1,0.10000000000000009,3.100000000000001,3.15,314.0,1.0,314.0,313.25,8.2,0.0,8.2,8.16,1.0,-1.7999999999999998,2.2666666666666697,2.55,12.4,0.7000000000000011,11.866666666666667,11.871428571428572,3.8,246,-43.0,247.14285714285714,2.470833,2.5638536666666663,2.464047285714286,766.1428571428573,973.4000000000003,3.4,0.10000000000000009,3.1000000000000005,0.0,0.0,0.0,51.0,0.0,-0.6383844591746642,0.769717664006921,-0.8660254037844386,0.5000000000000001
2024-11-21,,,,,,,,,3.1,0.0,3.0666666666666678,3.1399999999999997,309.0,-5.0,312.0,312.4,8.2,0.0,8.2,8.166666666666666,1.7,0.7,1.8333333333333366,2.38,12.2,-0.20000000000000107,12.1,11.885714285714284,3.9,258,12.0,259.2857142857143,2.507395,2.526631333333333,2.506785285714286,795.1428571428575,947.6000000000004,3.4,0.0,3.1571428571428575,0.0,0.0,0.0,53.0,0.0,-0.6250496486104377,0.7805849965070866,-0.8660254037844386,0.5000000000000001
2024-11-22,,,,,,,,,3.0,-0.10000000000000009,3.0666666666666678,3.1166666666666667,298.0,-11.0,307.0,310.0,8.2,0.0,8.2,8.171428571428569,2.9,1.2,1.8666666666666698,2.4666666666666663,11.7,-0.5,12.1,11.814285714285715,4.2,268,10.0,268.85714285714283,2.53802,2.505416,2.538913142857143,824.4952380952383,913.866666666667,3.4,0.0,3.2142857142857144,0.0,0.0,0.0,38.0,0.0,-0.6115298757991053,0.7912213413483807,-0.8660254037844386,0.5000000000000001
2024-11-23,,,,,,,,,2.9,-0.10000000000000009,3.0000000000000004,3.085714285714286,296.0,-2.0,301.0,308.0,8.3,0.10000000000000142,8.233333333333333,8.214285714285714,4.1,1.1999999999999997,2.9000000000000035,2.6999999999999997,11.2,-0.5,11.700000000000001,11.728571428571428,3.1,269,1.0,274.42857142857144,2.540104,2.528506333333333,2.5569637142857142,823.2857142857144,888.0000000000001,3.4,0.0,3.271428571428572,0.0,0.0,0.0,49.0,0.0,-0.5978291414589552,0.801623551065242,-0.8660254037844386,0.5000000000000001
2024-11-24,,,,,,,,,3.0,0.10000000000000009,2.9666666666666672,3.0428571428571423,297.0,1.0,297.0,306.0,8.2,-0.10000000000000142,8.233333333333333,8.214285714285714,3.9,-0.19999999999999973,3.6333333333333364,2.7714285714285714,11.2,0.0,11.366666666666665,11.700000000000001,3.2,262,-7.0,269.57142857142856,2.519062,2.532395333333333,2.542306,799.7285714285715,881.1000000000001,3.4,0.0,3.3285714285714287,0.0,0.0,0.0,51.0,0.0,-0.5839514998576998,0.8117885474764613,-0.8660254037844386,0.5000000000000001
2024-11-25,,,,,,,,,3.2,0.20000000000000018,3.0333333333333337,3.042857142857143,275.0,-22.0,289.3333333333333,300.2857142857143,8.1,-0.09999999999999964,8.2,8.2,3.6,-0.2999999999999998,3.8666666666666702,2.857142857142857,11.4,0.20000000000000107,11.266666666666666,11.685714285714285,3.4,205,-57.0,256.7142857142857,2.326666,2.4619439999999995,2.5005351428571427,778.7000000000002,834.1666666666667,3.5,0.10000000000000009,3.4,0.0,0.0,0.0,53.0,0.0,-0.5699010576127624,0.821713322596059,-0.8660254037844386,0.5000000000000001
2024-11-26,,,,,,,,,3.3,0.09999999999999964,3.1666666666666674,3.085714285714286,274.0,-1.0,282.0,294.7142857142857,8.1,0.0,8.133333333333333,8.185714285714285,2.8,-0.8000000000000003,3.4333333333333367,2.857142857142857,11.6,0.1999999999999993,11.399999999999999,11.671428571428573,3.5,195,-10.0,243.28571428571428,2.2925,2.3794093333333333,2.456368571428571,770.404761904762,867.6666666666669,4.4,0.9000000000000004,3.557142857142857,0.0,0.0,0.0,61.0,0.0,-0.5556819724760489,0.8313949395234058,-0.8660254037844386,0.5000000000000001
2024-11-27,,,,,,,,,3.5,0.20000000000000018,3.333333333333334,3.142857142857143,267.0,-7.0,272.0,288.0,8.1,0.0,8.1,8.17142857142857,2.9,0.10000000000000009,3.100000000000003,3.1285714285714286,11.6,0.0,11.533333333333333,11.557142857142855,3.7,207,12.0,237.71428571428572,2.336458,2.3185413333333336,2.437172142857143,792.3809523809525,890.0000000000001,4.6,0.1999999999999993,3.7285714285714286,0.0,0.0,0.0,61.0,0.0,-0.5412984521036173,0.8408305333122887,-0.8660254037844386,0.5000000000000001
2024-11-28,,,,,,,,,3.8,0.2999999999999998,3.5333333333333337,3.242857142857143,280.0,13.0,273.6666666666667,283.85714285714283,8.1,0.0,8.1,8.157142857142857,0.1,-2.8,1.9333333333333365,2.9,12.7,1.0999999999999996,11.966666666666667,11.628571428571428,5.1,182,-25.0,226.85714285714286,2.242916,2.2906246666666665,2.3993894285714283,801.5619047619049,989.3333333333334,4.6,0.0,3.8999999999999995,0.0,0.0,0.0,45.0,0.0,-0.5267547528105542,0.8500173118187018,-0.8660254037844386,0.5000000000000001
2024-11-29,,,,,,,,,2.4,-1.4,3.233333333333334,3.1571428571428575,293.0,13.0,280.0,283.14285714285717,8.0,-0.09999999999999964,8.066666666666665,8.128571428571428,0.0,-0.1,1.0000000000000033,2.4857142857142853,12.7,0.0,12.333333333333334,11.771428571428572,7.4,184,2.0,214.85714285714286,2.25,2.276458,2.358243714285714,694.704761904762,947.3666666666668,4.7,0.10000000000000053,4.085714285714286,0.25,0.08333333333333333,0.03571428571428571,52.0,0.0,-0.5120551783114646,0.8589525565270845,-0.8660254037844386,0.5000000000000001
2024-11-30,,,,,,,,,2.2,-0.19999999999999973,2.8000000000000007,3.0571428571428574,302.0,9.0,291.6666666666667,284.0,8.1,0.09999999999999964,8.066666666666665,8.1,0.0,0.0,0.033333333333336594,1.9,12.7,0.0,12.7,11.985714285714284,3.1,252,68.0,212.42857142857142,2.487083,2.3266663333333333,2.350669285714286,594.8000000000001,845.6000000000003,4.7,0.0,4.271428571428571,0.2,0.15,0.0642857142857143,52.0,1.0,-0.4972040784469378,0.8676336233547726,-0.8660254037844386,0.5000000000000001
2024-12-01,,,,,,,,,,,2.3000000000000016,3.0666666666666664,,,297.5,281.8333333333333,,,8.049999999999999,8.083333333333334,,,0.0,1.5666666666666664,,,12.7,12.116666666666665,,241,-11.0,209.42857142857142,2.454166,2.3970830000000003,2.3413984285714284,481.6857142857146,,4.7,0.0,4.457142857142857,0.0,0.15,0.0642857142857143,36.0,0.0,-0.4822058478963526,0.8760579434344281,-0.5000000000000004,0.8660254037844384
2024-12-02,,,,,,,,,,,,3.04,,,,283.2,,,,8.08,,,,1.1599999999999997,,,,12.259999999999998,,244,3.0,215.0,2.461666,2.4676383333333334,2.3606841428571426,,,4.7,0.0,4.628571428571428,0.0,0.06666666666666667,0.0642857142857143,42.0,0.0,-0.46706492487743034,0.8842230238742036,-0.5000000000000004,0.8660254037844384
2024-12-03,,,,,,,,,,,,2.975,,,,285.5,,,,8.075,,,,0.7499999999999998,,,,12.424999999999997,,242,-2.0,221.71428571428572,2.4525,2.456110666666667,2.3835412857142857,,,4.7,0.0,4.671428571428572,0.0,0.0,0.0642857142857143,47.0,0.0,-0.451785789832884,0.8921264484954345,-0.5000000000000004,0.8660254037844384
2024-12-04,,,,,,,,,,,,,,,,,,,,,,,,,,,,,,243,1.0,226.85714285714286,2.450312,2.454826,2.3998061428571433,,,4.7,0.0,4.685714285714285,0.0,0.0,0.0642857142857143,50.0,0.0,-0.4363729641045924,0.8997658785476209,-0.5000000000000004,0.8660254037844384
2024-12-05,,,,,,,,,,,,,,,,,,,,,,,,,,,,,,242,-1.0,235.42857142857142,2.446666,2.4498260000000003,2.428913285714285,,,4.7,0.0,4.7,0.0,0.0,0.0642857142857143,48.0,0.0,-0.42083100859565564,0.9071390534005044,-0.5000000000000004,0.8660254037844384
2024-12-06,,,,,,,,,,,,,,,,,,,,,,,,,,,,,,244,2.0,244.0,2.451041,2.4493396666666665,2.457633428571429,,,4.7,0.0,4.7,0.0,0.0,0.028571428571428574,53.0,0.0,-0.4051645224207563,0.9142437912130223,-0.5000000000000004,0.8660254037844384
2024-12-07,,,,,,,,,,,,,,,,,,,,,,,,,,,,,,269,25.0,246.42857142857142,2.530208,2.4759716666666667,2.4637941428571426,,,4.7,0.0,4.7,0.0,0.0,0.0,50.0,0.0,-0.3893781415452015,0.9210779895789526,-0.5000000000000004,0.8660254037844384
2024-12-08,,,,,,,,,,,,,,,,,,,,,,,,,,,,,,268,-1.0,250.28571428571428,2.529583,2.503610666666667,2.474568,,,4.7,0.0,4.7,0.0,0.0,0.0,47.0,0.0,-0.37347653741307074,0.9276396261490467,-0.5000000000000004,0.8660254037844384
2024-12-09,,,,,,,,,,,,,,,,,,,,,,,,,,,,,,270,2.0,254.0,2.53427,2.5313536666666665,2.4849399999999995,,,4.9,0.20000000000000018,4.728571428571429,0.0,0.0,0.0,48.0,0.0,-0.3574644155648614,0.9339267592294762,-0.5000000000000004,0.8660254037844384
2024-12-10,,,,,,,,,,,,,,,,,,,,,,,,,,,,,,272,2.0,258.2857142857143,2.54177,2.5352076666666665,2.4976928571428574,,,5.0,0.09999999999999964,4.771428571428571,0.0,0.0,0.0,52.0,0.0,-0.34134651424503615,0.9399375283564133,-0.5000000000000004,0.8660254037844384
2024-12-11,,,,,,,,,,,,,,,,,,,,,,,,,,,,,,320,48.0,269.2857142857143,2.680937,2.5856589999999997,2.530639285714286,,,5.0,0.0,4.814285714285715,0.0,0.0,0.0,44.0,0.0,-0.3251276029999093,0.9456701548465688,-0.5000000000000004,0.8660254037844384
2024-12-12,,,,,,,,,,,,,,,,,,,,,,,,,,,,,,320,0.0,280.42857142857144,2.680833,2.634513333333333,2.564091714285714,,,5.0,0.0,4.857142857142857,0.33,0.11,0.047142857142857146,43.0,4.0,-0.30881248126625377,0.9511229423235357,-0.5000000000000004,0.8660254037844384
2024-12-13,,,,,,,,,,,,,,,,,,,,,,,,,,,,,,313,-7.0,290.2857142857143,2.658854,2.673541333333333,2.593779285714286,,,5.0,0.0,4.8999999999999995,0.0,0.11,0.047142857142857146,30.0,0.0,-0.29240597695107734,0.9562942772197719,-0.5000000000000004,0.8660254037844384
2024-12-14,,,,,,,,,,,,,,,,,,,,,,,,,,,,,,270,-43.0,290.42857142857144,2.534479,2.624722,2.5943894285714286,,,5.1,0.09999999999999964,4.957142857142857,0.0,0.11,0.047142857142857146,37.0,0.0,-0.27591294500296043,0.9611826292540837,-0.5000000000000004,0.8660254037844384
2024-12-15,,,,,,,,,,,,,,,,,,,,,,,,,,,,,,275,5.0,291.42857142857144,2.548125,2.580486,2.597038285714286,,,5.1,0.0,5.014285714285714,0.0,0.0,0.047142857142857146,46.0,0.0,-0.2593382659754056,0.9657865518844574,-0.5000000000000004,0.8660254037844384
2024-12-16,,,,,,,,,,,,,,,,,,,,,,,,,,,,,,269,-6.0,291.2857142857143,2.529166,2.5372566666666665,2.596309142857143,,,5.1,0.0,5.042857142857143,0.0,0.0,0.047142857142857146,49.0,0.0,-0.2426868445825954,0.9701046827361175,-0.5000000000000004,0.8660254037844384
2024-12-17,,,,,,,,,,,,,,,,,,,,,,,,,,,,,,281,12.0,292.57142857142856,2.565833,2.547708,2.5997467142857142,,,5.2,0.10000000000000053,5.071428571428571,0.0,0.0,0.047142857142857146,53.0,0.0,-0.22596360824801906,0.974135744004672,-0.5000000000000004,0.8660254037844384
2024-12-18,,,,,,,,,,,,,,,,,,,,,,,,,,,,,,311,30.0,291.2857142857143,2.654062,2.5830203333333333,2.5959074285714285,,,5.2,0.0,5.1000000000000005,0.0,0.0,0.047142857142857146,53.0,0.0,-0.20917350564635637,0.9778785428342386,-0.5000000000000004,0.8660254037844384
2024-12-19,,,,,,,,,,,,,,,,,,,,,,,,,,,,,,309,-2.0,289.7142857142857,2.650208,2.6233676666666668,2.591532428571429,,,5.2,0.0,5.128571428571428,0.0,0.0,0.0,43.0,0.0,-0.19232150523909483,0.9813319716704275,-0.5000000000000004,0.8660254037844384
2024-12-20,,,,,,,,,,,,,,,,,,,,,,,,,,,,,,304,-5.0,288.42857142857144,2.635,2.6464233333333333,2.5881247142857147,,,5.2,0.0,5.1571428571428575,0.0,0.0,0.0,57.0,0.0,-0.17541259380427843,0.9844950085880858,-0.5000000000000004,0.8660254037844384
2024-12-21,,,,,,,,,,,,,,,,,,,,,,,,,,,,,,287,-17.0,290.85714285714283,2.586354,2.623854,2.5955354285714285,,,5.2,0.0,5.171428571428572,0.0,0.0,0.0,54.0,0.0,-0.15845177496083632,0.9873667175937016,-0.5000000000000004,0.8660254037844384
2024-12-22,,,,,,,,,,,,,,,,,,,,,,,,,,,,,,289,2.0,292.85714285714283,2.592708,2.604687333333333,2.601904428571429,,,5.2,0.0,5.185714285714285,0.0,0.0,0.0,52.0,0.0,-0.14144406768794202,0.9899462489023779,-0.5000000000000004,0.8660254037844384
2024-12-23,,,,,,,,,,,,,,,,,,,,,,,,,,,,,,285,-4.0,295.14285714285717,2.579479,2.5861803333333335,2.609092,,,5.3,0.09999999999999964,5.214285714285714,0.0,0.0,0.0,59.0,0.0,-0.12439450483979998,0.9922328391893008,-0.5000000000000004,0.8660254037844384
2024-12-24,,,,,,,,,,,,,,,,,,,,,,,,,,,,,,251,-34.0,290.85714285714283,2.475208,2.5491316666666664,2.5961455714285715,,,5.3,0.0,5.228571428571429,0.0,0.0,0.0,55.0,0.0,-0.10730813165636247,0.9942258118156161,-0.5000000000000004,0.8660254037844384
2024-12-25,,,,,,,,,,,,,,,,,,,,,,,,,,,,,,251,0.0,282.2857142857143,2.476145,2.5102773333333332,2.570728857142857,,,5.4,0.10000000000000053,5.257142857142857,0.0,0.0,0.0,48.0,0.0,-0.09019000427034513,0.9959245770286599,-0.5000000000000004,0.8660254037844384
2024-12-26,,,,,,,,,,,,,,,,,,,,,,,,,,,,,,254,3.0,274.42857142857144,2.48375,2.4783676666666667,2.546949142857143,,,5.6,0.1999999999999993,5.314285714285715,0.0,0.0,0.0,50.0,0.0,-0.07304518821104743,0.9973286321364752,-0.5000000000000004,0.8660254037844384
2024-12-27,,,,,,,,,,,,,,,,,,,,,,,,,,,,,,272,18.0,269.85714285714283,2.540208,2.5000343333333332,2.5334074285714285,,,5.8,0.20000000000000018,5.3999999999999995,0.0,0.0,0.0,46.0,0.0,-0.05587875690537313,0.9984375616565666,-0.5000000000000004,0.8660254037844384
2024-12-28,,,,,,,,,,,,,,,,,,,,,,,,,,,,,,269,-3.0,267.2857142857143,2.532708,2.5188886666666668,2.525743714285714,,,6.2,0.40000000000000036,5.542857142857143,0.31,0.10333333333333333,0.04428571428571428,49.0,0.0,-0.03869579017652689,0.9992510374388481,-0.5000000000000004,0.8660254037844384
2024-12-29,,,,,,,,,,,,,,,,,,,,,,,,,,,,,,272,3.0,264.85714285714283,2.540104,2.5376733333333332,2.5182288571428573,,,6.4,0.20000000000000018,5.714285714285714,0.0,0.10333333333333333,0.04428571428571428,39.0,0.0,-0.021501372740813793,0.999768818762748,-0.5000000000000004,0.8660254037844384
2024-12-30,,,,,,,,,,,,,,,,,,,,,,,,,,,,,,271,-1.0,262.85714285714283,2.536562,2.536458,2.5120978571428574,,,7.0,0.5999999999999996,5.957142857142857,0.0,0.10333333333333333,0.04428571428571428,41.0,0.0,-0.004300592702981974,0.9999907524084426,-0.5000000000000004,0.8660254037844384
2024-12-31,,,,,,,,,,,,,,,,,,,,,,,,,,,,,,241,-30.0,261.42857142857144,2.465625,2.514097,2.5107288571428574,,,7.0,0.0,6.200000000000001,0.0,0.0,0.04428571428571428,49.0,0.0,0.012901459949419653,0.9999167727021953,-0.5000000000000004,0.8660254037844384
2025-01-01,,,,,,,,,,,,,,,,,,,,,,,,,,,,,,229,-12.0,258.2857142857143,2.47375,2.491979,2.5103867142857146,,,7.2,0.20000000000000018,6.457142857142856,0.0,0.0,0.04428571428571428,61.0,0.0,0.017201575418260506,0.9998520419557735,0.0,1.0
2025-01-02,,,,,,,,,,,,,,,,,,,,,,,,,,,,,,237,8.0,255.85714285714286,2.500937,2.4801040000000003,2.512842,,,7.7,0.5,6.757142857142857,0.0,0.0,0.04428571428571428,44.0,0.0,0.03439806061360801,0.9994082116062598,0.0,1.0
2025-01-03,,,,,,,,,,,,,,,,,,,,,,,,,,,,,,235,-2.0,250.57142857142858,2.49125,2.4886456666666668,2.505848,,,7.7,0.0,7.028571428571429,0.0,0.0,0.04428571428571428,37.0,0.0,0.051584366869408364,0.9986686402879997,0.0,1.0
2025-01-04,,,,,,,,,,,,,,,,,,,,,,,,,,,,,,236,1.0,245.85714285714286,2.496875,2.496354,2.500729,,,7.8,0.09999999999999964,7.257142857142857,0.0,0.0,0.0,41.0,0.0,0.06875540848113941,0.9976335468520451,0.0,1.0
2025-01-05,,,,,,,,,,,,,,,,,,,,,,,,,,,,,,232,-4.0,240.14285714285714,2.484687,2.490937333333333,2.492812285714286,,,7.8,0.0,7.457142857142856,0.0,0.0,0.0,51.0,0.0,0.08590610426133272,0.9963032375991965,0.0,1.0
2025-01-06,,,,,,,,,,,,,,,,,,,,,,,,,,,,,,234,2.0,234.85714285714286,2.486354,2.4893053333333337,2.4856397142857145,,,7.9,0.10000000000000053,7.585714285714286,0.0,0.0,0.0,54.0,0.0,0.10303137904317879,0.9946781061893646,0.0,1.0
2025-01-07,,,,,,,,,,,,,,,,,,,,,,,,,,,,,,265,31.0,238.28571428571428,2.589479,2.520173333333333,2.503333142857143,,,8.0,0.09999999999999964,7.728571428571429,0.03,0.01,0.004285714285714286,28.0,0.0,0.1201261651823505,0.9927586335250793,0.0,1.0
2025-01-08,,,,,,,,,,,,,,,,,,,,,,,,,,,,,,255,-10.0,242.0,2.55802,2.5446176666666664,2.515371714285714,,,8.0,0.0,7.842857142857143,0.0,0.01,0.004285714285714286,31.0,0.0,0.13718540405660057,0.9905453876091833,0.0,1.0
2025-01-09,,,,,,,,,,,,,,,,,,,,,,,,,,,,,,269,14.0,246.57142857142858,2.599687,2.582395333333333,2.529478857142857,,,8.1,0.09999999999999964,7.8999999999999995,0.15,0.06,0.025714285714285714,34.0,2.0,0.1542040475626894,0.988039023376751,0.0,1.0
2025-01-10,,,,,,,,,,,,,,,,,,,,,,,,,,,,,,263,-6.0,250.57142857142858,2.581875,2.579860666666667,2.5424252857142853,,,8.2,0.09999999999999964,7.971428571428571,0.07,0.07333333333333333,0.03571428571428571,23.0,1.0,0.17117705961019986,0.985240282501282,0.0,1.0
2025-01-11,,,,,,,,,,,,,,,,,,,,,,,,,,,,,,279,16.0,256.7142857142857,2.630104,2.6038886666666667,2.5614580000000005,,,8.6,0.40000000000000036,8.085714285714285,0.06,0.09333333333333334,0.04428571428571428,35.0,1.0,0.18809941761179758,0.9821499931752291,0.0,1.0
2025-01-12,,,,,,,,,,,,,,,,,,,,,,,,,,,,,,258,-21.0,260.42857142857144,2.566562,2.5928470000000003,2.5731544285714283,,,8.6,0.0,8.200000000000001,0.14,0.09000000000000001,0.0642857142857143,28.0,3.0,0.20496611396949532,0.9787690698649216,0.0,1.0
2025-01-13,,,,,,,,,,,,,,,,,,,,,,,,,,,,,,273,15.0,266.0,2.613333,2.603333,2.591294285714286,,,8.6,0.0,8.299999999999999,0.0,0.06666666666666667,0.0642857142857143,40.0,0.0,0.22177215755648186,0.975098513039961,0.0,1.0
2025-01-14,,,,,,,,,,,,,,,,,,,,,,,,,,,,,,271,-2.0,266.85714285714283,2.606145,2.5953466666666665,2.593675142857143,,,8.7,0.09999999999999964,8.4,0.0,0.04666666666666667,0.060000000000000005,41.0,0.0,0.23851257519407648,0.9711394088771653,0.0,1.0
2025-01-15,,,,,,,,,,,,,,,,,,,,,,,,,,,,,,293,22.0,272.2857142857143,2.668333,2.6292703333333334,2.609434142857143,,,8.7,0.0,8.499999999999998,0.0,0.0,0.060000000000000005,34.0,0.0,0.2551824131233728,0.9668929289391521,0.0,1.0
2025-01-16,,,,,,,,,,,,,,,,,,,,,,,,,,,,,,347,54.0,283.42857142857144,2.821354,2.6986106666666667,2.641100857142857,,,8.8,0.10000000000000142,8.6,0.0,0.0,0.038571428571428576,35.0,0.0,0.2717767384711357,0.9623603298276545,0.0,1.0
2025-01-17,,,,,,,,,,,,,,,,,,,,,,,,,,,,,,296,-51.0,288.14285714285717,2.680104,2.7232636666666665,2.6551335714285713,,,8.8,0.0,8.685714285714285,0.0,0.0,0.028571428571428574,35.0,0.0,0.2882906407095177,0.9575429528116719,0.0,1.0
2025-01-18,,,,,,,,,,,,,,,,,,,,,,,,,,,,,,264,-32.0,286.0,2.585312,2.6955899999999997,2.6487347142857147,,,9.0,0.1999999999999993,8.742857142857142,0.0,0.0,0.02,42.0,0.0,0.3047192331091634,0.9524422234305676,0.0,1.0
2025-01-19,,,,,,,,,,,,,,,,,,,,,,,,,,,,,,261,-3.0,286.42857142857144,2.574583,2.6133330000000004,2.649880571428571,,,9.0,0.0,8.799999999999999,0.0,0.0,0.0,54.0,0.0,0.321057654185271,0.9470596510722283,0.0,1.0
2025-01-20,,,,,,,,,,,,,,,,,,,,,,,,,,,,,,279,18.0,287.2857142857143,2.630312,2.596735666666667,2.652306142857143,,,9.1,0.09999999999999964,8.871428571428572,0.32,0.10666666666666667,0.045714285714285714,48.0,8.0,0.3373010691361842,0.9413968285264122,0.0,1.0
2025-01-21,,,,,,,,,,,,,,,,,,,,,,,,,,,,,,276,-3.0,288.0,2.618958,2.6079510000000004,2.654136571428572,,,9.1,0.0,8.928571428571429,0.05,0.12333333333333334,0.05285714285714286,12.0,1.0,0.3534446712740877,0.9354554315134164,0.0,1.0
2025-01-22,,,,,,,,,,,,,,,,,,,,,,,,,,,,,,292,16.0,287.85714285714283,2.670625,2.639965,2.654464,,,9.1,0.0,8.985714285714286,0.13,0.16666666666666666,0.07142857142857142,20.0,2.0,0.3694836834473831,0.9292372181882051,0.0,1.0
2025-01-23,,,,,,,,,,,,,,,,,,,,,,,,,,,,,,302,10.0,281.42857142857144,2.693541,2.6610413333333334,2.636205,,,9.2,0.09999999999999964,9.042857142857143,0.0,0.06,0.07142857142857142,9.0,0.0,0.38541335945432564,0.9227440286201427,0.0,1.0
2025-01-24,,,,,,,,,,,,,,,,,,,,,,,,,,,,,,397,95.0,295.85714285714283,2.946562,2.770242666666667,2.6742704285714285,,,9.3,0.10000000000000142,9.114285714285714,0.0,0.043333333333333335,0.07142857142857142,40.0,0.0,0.4012289854475009,0.9159777842484877,0.0,1.0
2025-01-25,,,,,,,,,,,,,,,,,,,,,,,,,,,,,,420,23.0,318.14285714285717,3.00375,2.8812843333333333,2.734047285714286,,,9.3,0.0,9.157142857142857,0.0,0.0,0.07142857142857142,28.0,0.0,0.4169258813287287,0.908940487313808,0.0,1.0
2025-01-26,,,,,,,,,,,,,,,,,,,,,,,,,,,,,,475,55.0,348.7142857142857,3.127812,3.0260413333333336,2.8130800000000002,,,9.3,0.0,9.200000000000001,0.0,0.0,0.07142857142857142,31.0,0.0,0.4324994021339788,0.901634220265486,0.0,1.0
2025-01-27,,,,,,,,,,,,,,,,,,,,,,,,,,,,,,503,28.0,380.7142857142857,3.17625,3.102604,2.8910711428571427,,,9.3,0.0,9.228571428571428,0.01,0.0033333333333333335,0.027142857142857142,48.0,0.0,0.44794493940789115,0.8940611451454876,0.0,1.0
2025-01-28,,,,,,,,,,,,,,,,,,,,,,,,,,,,,,316,-187.0,386.42857142857144,2.735937,3.013333,2.9077824285714287,,,9.3,0.0,9.257142857142856,0.12,0.043333333333333335,0.037142857142857144,19.0,5.0,0.4632579225674917,0.88622350294858,0.0,1.0
2025-01-29,,,,,,,,,,,,,,,,,,,,,,,,,,,,,,252,-64.0,380.7142857142857,2.547604,2.819930333333333,2.8902080000000003,,,9.3,0.0,9.285714285714286,0.0,0.043333333333333335,0.018571428571428572,22.0,0.0,0.4784338202547012,0.8781236129591848,0.0,1.0
2025-01-30,,,,,,,,,,,,,,,,,,,,,,,,,,,,,,262,10.0,375.0,2.579895,2.621145333333333,2.873972857142857,,,9.3,0.0,9.3,0.0,0.04,0.018571428571428572,46.0,0.0,0.49346814167723735,0.8697638720650646,0.0,1.0
2025-01-31,,,,,,,,,,,,,,,,,,,,,,,,,,,,,,242,-20.0,352.85714285714283,2.515937,2.547812,2.812455,,,9.4,0.09999999999999964,9.314285714285715,0.0,0.0,0.018571428571428572,50.0,0.0,0.5083564379375122,0.8611467540480452,0.0,1.0
2025-02-01,,,,,,,,,,,,,,,,,,,,,,,,,,,,,,240,-2.0,327.14285714285717,2.509166,2.5349993333333334,2.7418001428571435,,,9.4,0.0,9.328571428571431,0.04,0.013333333333333334,0.024285714285714282,46.0,0.5,0.5230943033491326,0.8522748088519838,0.49999999999999994,0.8660254037844387
2025-02-02,,,,,,,,,,,,,,,,,,,,,,,,,,,,,,241,1.0,293.7142857142857,2.51375,2.5129509999999997,2.654077,,,9.4,0.0,9.342857142857143,0.0,0.013333333333333334,0.024285714285714282,43.0,0.0,0.5376773767406141,0.8431506618282,0.49999999999999994,0.8660254037844387
2025-02-03,,,,,,,,,,,,,,,,,,,,,,,,,,,,,,248,7.0,257.2857142857143,2.535,2.5193053333333335,2.5624698571428572,,,9.4,0.0,9.357142857142858,0.0,0.013333333333333334,0.022857142857142854,61.0,0.0,0.5521013427459208,0.8337770129585915,0.49999999999999994,0.8660254037844387
2025-02-04,,,,,,,,,,,,,,,,,,,,,,,,,,,,,,251,3.0,248.0,2.528541,2.5257636666666667,2.532841857142857,,,9.4,0.0,9.371428571428572,0.0,0.0,0.005714285714285714,58.0,0.0,0.5663619330814524,0.8241566360566663,0.49999999999999994,0.8660254037844387
2025-02-05,,,,,,,,,,,,,,,,,,,,,,,,,,,,,,266,15.0,250.0,2.521562,2.5283676666666666,2.5291215714285715,,,9.4,0.0,9.385714285714286,0.0,0.0,0.005714285714285714,67.0,0.0,0.580454927809098,0.8142923779467267,0.49999999999999994,0.8660254037844387
2025-02-06,,,,,,,,,,,,,,,,,,,,,,,,,,,,,,266,0.0,250.57142857142858,2.521458,2.523853666666667,2.5207734285714283,,,9.4,0.0,9.4,0.0,0.0,0.005714285714285714,71.0,0.0,0.5943761565849831,0.804187157621448,0.49999999999999994,0.8660254037844387
2025-02-07,,,,,,,,,,,,,,,,,,,,,,,,,,,,,,261,-5.0,253.28571428571428,2.504687,2.5159023333333335,2.5191662857142854,,,9.4,0.0,9.4,0.0,0.0,0.005714285714285714,48.0,0.0,0.6081214998935418,0.7938439653781019,0.49999999999999994,0.8660254037844387
2025-02-08,,,,,,,,,,,,,,,,,,,,,,,,,,,,,,262,1.0,256.42857142857144,2.511041,2.5123953333333335,2.519434142857143,,,9.7,0.29999999999999893,9.442857142857141,0.0,0.0,0.0,65.0,0.0,0.6216868902665479,0.7832658619336791,0.49999999999999994,0.8660254037844387
2025-02-09,,,,,,,,,,,,,,,,,,,,,,,,,,,,,,257,-5.0,258.7142857142857,2.492291,2.502673,2.5163685714285715,,,9.7,0.0,9.485714285714286,0.0,0.0,0.0,45.0,0.0,0.6350683134867438,0.7724559775191742,0.49999999999999994,0.8660254037844387
2025-02-10,,,,,,,,,,,,,,,,,,,,,,,,,,,,,,242,-15.0,257.85714285714283,2.446041,2.483124333333333,2.503660142857143,,,9.7,0.0,9.528571428571427,0.01,0.0033333333333333335,0.0014285714285714286,67.0,0.0,0.6482618097757122,0.7614175109532997,0.49999999999999994,0.8660254037844387
2025-02-11,,,,,,,,,,,,,,,,,,,,,,,,,,,,,,247,5.0,257.2857142857143,2.460625,2.466319,2.493957857142857,,,9.7,0.0,9.571428571428571,0.02,0.01,0.004285714285714286,39.0,0.1,0.6612634749656386,0.7501537286959042,0.49999999999999994,0.8660254037844387
2025-02-12,,,,,,,,,,,,,,,,,,,,,,,,,,,,,,240,-7.0,253.57142857142858,2.438125,2.448263666666666,2.4820382857142858,,,9.8,0.10000000000000142,9.62857142857143,0.0,0.01,0.004285714285714286,38.0,0.0,0.6740694616546161,0.7386679638813748,0.49999999999999994,0.8660254037844387
2025-02-13,,,,,,,,,,,,,,,,,,,,,,,,,,,,,,250,10.0,251.28571428571428,2.465312,2.4546873333333337,2.4740174285714285,,,9.9,0.09999999999999964,9.700000000000001,0.0,0.006666666666666668,0.004285714285714286,32.0,0.0,0.6866759803451553,0.726963615332308,0.49999999999999994,0.8660254037844387
2025-02-14,,,,,,,,,,,,,,,,,,,,,,,,,,,,,,271,21.0,252.71428571428572,2.535937,2.4797913333333335,2.478481714285714,,,10.0,0.09999999999999964,9.785714285714286,0.06,0.02,0.012857142857142857,11.0,1.0,0.6990793005655562,0.7150441465537444,0.49999999999999994,0.8660254037844387
2025-02-15,,,,,,,,,,,,,,,,,,,,,,,,,,,,,,273,2.0,254.28571428571428,2.544062,2.5151036666666666,2.483199,,,10.3,0.3000000000000007,9.87142857142857,0.0,0.02,0.012857142857142857,11.0,0.0,0.7112757519738152,0.7029130847082615,0.49999999999999994,0.8660254037844387
2025-02-16,,,,,,,,,,,,,,,,,,,,,,,,,,,,,,268,-5.0,255.85714285714286,2.528229,2.536076,2.4883330000000004,,,10.6,0.29999999999999893,10.0,0.0,0.02,0.012857142857142857,44.0,0.0,0.7232617254437388,0.6905740195722294,0.49999999999999994,0.8660254037844387
2025-02-17,,,,,,,,,,,,,,,,,,,,,,,,,,,,,,274,6.0,260.42857142857144,2.545208,2.5391663333333336,2.5024997142857144,,,10.9,0.3000000000000007,10.171428571428573,0.0,0.0,0.011428571428571429,54.0,0.0,0.7350336741329412,0.6780306024735382,0.49999999999999994,0.8660254037844387
2025-02-18,,,,,,,,,,,,,,,,,,,,,,,,,,,,,,271,-3.0,263.85714285714283,2.536458,2.5366316666666666,2.513333,,,11.0,0.09999999999999964,10.357142857142858,0.04,0.013333333333333334,0.014285714285714287,33.0,1.0,0.746588114532413,0.6652865452111116,0.49999999999999994,0.8660254037844387
2025-02-19,,,,,,,,,,,,,,,,,,,,,,,,,,,,,,266,-5.0,267.57142857142856,2.522291,2.5346523333333333,2.525356714285714,,,11.0,0.0,10.528571428571428,0.0,0.013333333333333334,0.014285714285714287,41.0,0.0,0.7579216274973472,0.6523456189565257,0.49999999999999994,0.8660254037844387
2025-02-20,,,,,,,,,,,,,,,,,,,,,,,,,,,,,,267,1.0,270.0,2.524479,2.5277426666666667,2.533809142857143,,,11.4,0.40000000000000036,10.742857142857144,0.0,0.013333333333333334,0.014285714285714287,40.0,0.0,0.7690308592589181,0.6392116531380588,0.49999999999999994,0.8660254037844387
2025-02-21,,,,,,,,,,,,,,,,,,,,,,,,,,,,,,273,6.0,270.2857142857143,2.544062,2.5302773333333333,2.5349698571428574,,,11.4,0.0,10.942857142857145,0.0,0.0,0.005714285714285714,21.0,0.0,0.7799125224167177,0.6258885343075018,0.49999999999999994,0.8660254037844387
2025-02-22,,,,,,,,,,,,,,,,,,,,,,,,,,,,,,263,-10.0,268.85714285714283,2.512395,2.5269786666666665,2.530446,,,11.5,0.09999999999999964,11.114285714285716,0.0,0.0,0.005714285714285714,28.0,0.0,0.7905633969115482,0.612380204990065,0.49999999999999994,0.8660254037844387
2025-02-23,,,,,,,,,,,,,,,,,,,,,,,,,,,,,,273,10.0,269.57142857142856,2.543645,2.5333673333333335,2.5326482857142856,,,11.5,0.0,11.242857142857144,0.84,0.27999999999999997,0.12571428571428572,31.0,12.0,0.8009803309782905,0.5986906625177214,0.49999999999999994,0.8660254037844387
2025-02-24,,,,,,,,,,,,,,,,,,,,,,,,,,,,,,279,6.0,270.2857142857143,2.560833,2.5389576666666667,2.534880428571429,,,11.5,0.0,11.328571428571431,0.0,0.27999999999999997,0.12571428571428572,38.0,0.0,0.8111602420785621,0.5848239578463322,0.49999999999999994,0.8660254037844387
2025-02-25,,,,,,,,,,,,,,,,,,,,,,,,,,,,,,287,8.0,272.57142857142856,2.586041,2.563506333333333,2.541963714285714,,,11.5,0.0,11.400000000000002,0.0,0.27999999999999997,0.12,51.0,0.0,0.8211001178128892,0.5707841943569036,0.49999999999999994,0.8660254037844387
2025-02-26,,,,,,,,,,,,,,,,,,,,,,,,,,,,,,285,-2.0,275.2857142857143,2.58052,2.5757980000000003,2.5502821428571427,,,11.5,0.0,11.471428571428573,0.0,0.0,0.12,63.0,0.0,0.8307970168121247,0.5565755266413303,0.49999999999999994,0.8660254037844387
2025-02-27,,,,,,,,,,,,,,,,,,,,,,,,,,,,,,272,-13.0,276.0,2.541562,2.5693743333333328,2.5527225714285713,,,11.5,0.0,11.485714285714286,0.0,0.0,0.12,66.0,0.0,0.8402480696078469,0.5422021592729844,0.49999999999999994,0.8660254037844387
2025-02-28,,,,,,,,,,,,,,,,,,,,,,,,,,,,,,275,3.0,276.2857142857143,2.548854,2.5569786666666663,2.5534071428571425,,,11.5,0.0,11.5,0.0,0.0,0.12,65.0,0.0,0.8494504794814806,0.527668345562516,0.49999999999999994,0.8660254037844387
2025-03-01,,,,,,,,,,,,,,,,,,,,,,,,,,,,,,269,-6.0,277.14285714285717,2.531666,2.540694,2.5561601428571428,,,11.5,0.0,11.5,0.0,0.0,0.12,45.0,0.0,0.8584015232918917,0.512978386299228,0.8660254037844386,0.5000000000000001
2025-03-02,,,,,,,,,,,,,,,,,,,,,,,,,,,,,,273,4.0,277.14285714285717,2.543333,2.5412843333333335,2.5561155714285713,,,11.5,0.0,11.5,0.0,0.0,0.0,61.0,0.0,0.8670985522812081,0.4981366284784055,0.8660254037844386,0.5000000000000001
2025-03-03,,,,,,,,,,,,,,,,,,,,,,,,,,,,,,280,7.0,277.2857142857143,2.56625,2.547083,2.5568894285714285,,,11.9,0.40000000000000036,11.557142857142855,0.0,0.0,0.0,62.0,0.0,0.8755389928586302,0.4831474640149687,0.8660254037844386,0.5000000000000001
2025-03-04,,,,,,,,,,,,,,,,,,,,,,,,,,,,,,284,4.0,276.85714285714283,2.575937,2.56184,2.555446,,,12.0,0.09999999999999964,11.628571428571428,0.0,0.0,0.0,65.0,0.0,0.8837203473619977,0.4680153284438345,0.8660254037844386,0.5000000000000001
2025-03-05,,,,,,,,,,,,,,,,,,,,,,,,,,,,,,273,-11.0,275.14285714285717,2.546875,2.5630206666666666,2.5506395714285715,,,12.1,0.09999999999999964,11.714285714285714,0.0,0.0,0.0,63.0,0.0,0.8916401947968874,0.45274469960737107,0.8660254037844386,0.5000000000000001
2025-03-06,,,,,,,,,,,,,,,,,,,,,,,,,,,,,,274,1.0,275.42857142857144,2.556666,2.5598259999999997,2.5527972857142855,,,12.3,0.20000000000000107,11.828571428571427,0.28,0.09333333333333334,0.04,63.0,0.0,0.8992961915530253,0.4373400963303323,0.8660254037844386,0.5000000000000001
2025-03-07,,,,,,,,,,,,,,,,,,,,,,,,,,,,,,273,-1.0,275.14285714285717,2.553437,2.5523260000000003,2.553452,,,12.3,0.0,11.942857142857141,0.02,0.10000000000000002,0.042857142857142864,41.0,0.0,0.9066860720977985,0.4218060770826634,0.8660254037844386,0.5000000000000001
2025-03-08,,,,,,,,,,,,,,,,,,,,,,,,,,,,,,270,-3.0,275.2857142857143,2.543541,2.5512146666666666,2.5551484285714285,,,12.3,0.0,12.057142857142855,0.0,0.10000000000000002,0.042857142857142864,50.0,0.0,0.9138076496466615,0.40614723863057883,0.8660254037844386,0.5000000000000001
2025-03-09,,,,,,,,,,,,,,,,,,,,,,,,,,,,,,268,-2.0,274.57142857142856,2.539021,2.545333,2.5545324285714286,,,12.4,0.09999999999999964,12.185714285714285,0.0,0.006666666666666667,0.042857142857142864,61.0,0.0,0.9206588168102428,0.3903682146763026,0.8660254037844386,0.5000000000000001
2025-03-10,,,,,,,,,,,,,,,,,,,,,,,,,,,,,,273,5.0,273.57142857142856,2.551979,2.5448470000000003,2.5524937142857143,,,12.3,-0.09999999999999964,12.242857142857144,0.15,0.049999999999999996,0.0642857142857143,31.0,1.0,0.9272375462179537,0.374473674486883,0.8660254037844386,0.5000000000000001
2025-03-11,,,,,,,,,,,,,,,,,,,,,,,,,,,,,,272,-1.0,271.85714285714283,2.550416,2.5471386666666667,2.548847857142857,,,12.3,0.0,12.285714285714286,0.0,0.049999999999999996,0.0642857142857143,47.0,0.0,0.9335418911179212,0.35846832151248087,0.8660254037844386,0.5000000000000001
2025-03-12,,,,,,,,,,,,,,,,,,,,,,,,,,,,,,275,3.0,272.14285714285717,2.558229,2.553541333333333,2.5504698571428572,,,12.3,0.0,12.314285714285715,0.0,0.049999999999999996,0.0642857142857143,64.0,0.0,0.9395699859530622,0.342356891994542,0.8660254037844386,0.5000000000000001
2025-03-13,,,,,,,,,,,,,,,,,,,,,,,,,,,,,,273,-2.0,272.0,2.552187,2.5536106666666663,2.54983,,,12.3,0.0,12.314285714285715,0.0,0.0,0.024285714285714282,69.0,0.0,0.945320046913132,0.3261441535642696,0.8660254037844386,0.5000000000000001
2025-03-14,,,,,,,,,,,,,,,,,,,,,,,,,,,,,,252,-21.0,269.0,2.486458,2.5322913333333332,2.5402615714285717,,,12.4,0.09999999999999964,12.328571428571431,0.0,0.0,0.02142857142857143,69.0,0.0,0.9507903724625832,0.3098349038318025,0.8660254037844386,0.5000000000000001
2025-03-15,,,,,,,,,,,,,,,,,,,,,,,,,,,,,,226,-26.0,262.7142857142857,2.403958,2.4808676666666667,2.5203211428571426,,,12.6,0.1999999999999993,12.371428571428572,0.0,0.0,0.02142857142857143,61.0,0.0,0.9559793438440766,0.2934339689665273,0.8660254037844386,0.5000000000000001
2025-03-16,,,,,,,,,,,,,,,,,,,,,,,,,,,,,,219,-7.0,255.71428571428572,2.378125,2.4228469999999995,2.4973360000000002,,,12.6,0.0,12.4,0.0,0.0,0.02142857142857143,65.0,0.0,0.9608854255574977,0.27694620226893646,0.8660254037844386,0.5000000000000001
2025-03-17,,,,,,,,,,,,,,,,,,,,,,,,,,,,,,222,3.0,248.42857142857142,2.387812,2.3899649999999997,2.4738835714285714,,,12.7,0.09999999999999964,12.457142857142857,0.0,0.0,0.0,53.0,0.0,0.9655071658143364,0.2603764827344581,0.8660254037844386,0.5000000000000001
2025-03-18,,,,,,,,,,,,,,,,,,,,,,,,,,,,,,215,-7.0,240.28571428571428,2.361979,2.3759719999999995,2.4469640000000004,,,12.8,0.10000000000000142,12.528571428571428,0.0,0.0,0.0,43.0,0.0,0.969843196967294,0.24372971360968387,0.8660254037844386,0.5000000000000001
2025-03-19,,,,,,,,,,,,,,,,,,,,,,,,,,,,,,213,-2.0,231.42857142857142,2.356875,2.368888666666667,2.418199142857143,,,12.9,0.09999999999999964,12.614285714285714,0.0,0.0,0.0,61.0,0.0,0.9738922359149924,0.22701082094141847,0.8660254037844386,0.5000000000000001
2025-03-20,,,,,,,,,,,,,,,,,,,,,,,,,,,,,,201,-12.0,221.14285714285714,2.314895,2.344583,2.3843002857142856,,,12.9,0.0,12.700000000000001,0.0,0.0,0.0,69.0,0.0,0.9776530844816641,0.2102247521189836,0.8660254037844386,0.5000000000000001
2025-03-21,,,,,,,,,,,,,,,,,,,,,,,,,,,,,,211,10.0,215.28571428571428,2.348958,2.3402426666666667,2.364657428571429,,,13.0,0.09999999999999964,12.785714285714286,0.29,0.09666666666666666,0.041428571428571426,58.0,1.0,0.981124629771712,0.19337647441020586,0.8660254037844386,0.5000000000000001
2025-03-22,,,,,,,,,,,,,,,,,,,,,,,,,,,,,,223,12.0,214.85714285714286,2.39125,2.351701,2.362842,,,13.4,0.40000000000000036,12.9,0.0,0.09666666666666666,0.041428571428571426,38.0,0.0,0.984305844499033,0.17647097349152166,0.8660254037844386,0.5000000000000001
2025-03-23,,,,,,,,,,,,,,,,,,,,,,,,,,,,,,221,-2.0,215.14285714285714,2.383645,2.3746176666666665,2.3636305714285717,,,13.4,0.0,13.014285714285716,0.0,0.09666666666666666,0.041428571428571426,58.0,0.0,0.9871957872910085,0.15951325197263655,0.8660254037844386,0.5000000000000001
2025-03-24,,,,,,,,,,,,,,,,,,,,,,,,,,,,,,220,-1.0,214.85714285714286,2.38302,2.385971666666667,2.362946,,,13.5,0.09999999999999964,13.12857142857143,0.0,0.0,0.041428571428571426,54.0,0.0,0.9897936029670716,0.14250832791617088,0.8660254037844386,0.5000000000000001
2025-03-25,,,,,,,,,,,,,,,,,,,,,,,,,,,,,,225,5.0,216.28571428571428,2.399062,2.3885756666666667,2.3682435714285717,,,13.5,0.0,13.22857142857143,0.0,0.0,0.041428571428571426,63.0,0.0,0.992098522791769,0.12546123335273648,0.8660254037844386,0.5000000000000001
2025-03-26,,,,,,,,,,,,,,,,,,,,,,,,,,,,,,228,3.0,218.42857142857142,2.40927,2.3971173333333335,2.375728571428571,,,13.5,0.0,13.314285714285715,0.0,0.0,0.041428571428571426,59.0,0.0,0.9941098647022418,0.10837701279187609,0.8660254037844386,0.5000000000000001
2025-03-27,,,,,,,,,,,,,,,,,,,,,,,,,,,,,,237,9.0,223.57142857142858,2.439791,2.416041,2.393570857142857,,,13.5,0.0,13.4,0.0,0.0,0.041428571428571426,66.0,0.0,0.9958270335100595,0.09126072172931188,0.8660254037844386,0.5000000000000001
2025-03-28,,,,,,,,,,,,,,,,,,,,,,,,,,,,,,260,23.0,230.57142857142858,2.51177,2.4536103333333332,2.4168297142857145,,,13.3,-0.1999999999999993,13.442857142857141,0.0,0.0,0.0,67.0,0.0,0.9972495210773451,0.07411742515094437,0.8660254037844386,0.5000000000000001
2025-03-29,,,,,,,,,,,,,,,,,,,,,,,,,,,,,,274,14.0,237.85714285714286,2.5575,2.5030203333333336,2.440579714285714,,,13.7,0.3999999999999986,13.485714285714286,0.0,0.0,0.0,72.0,0.0,0.998376906467142,0.056952196034039754,0.8660254037844386,0.5000000000000001
2025-03-30,,,,,,,,,,,,,,,,,,,,,,,,,,,,,,273,-1.0,245.28571428571428,2.554479,2.541249666666667,2.464984571428571,,,13.6,-0.09999999999999964,13.514285714285714,0.0,0.0,0.0,74.0,0.0,0.9992088560679753,0.03977011384605572,0.8660254037844386,0.5000000000000001
2025-03-31,,,,,,,,,,,,,,,,,,,,,,,,,,,,,,264,-9.0,251.57142857142858,2.524687,2.545555333333333,2.4852227142857144,,,13.4,-0.1999999999999993,13.5,0.25,0.08333333333333333,0.03571428571428571,73.0,0.0,0.9997451236925734,0.022576263041545485,0.8660254037844386,0.5000000000000001
2025-04-01,2.7,,,,79.0,,,,,,,,,,,,,,,,,,,,,,,,,259,-5.0,256.42857142857144,2.510104,2.529756666666667,2.5010858571428574,,,13.8,0.40000000000000036,13.542857142857143,0.14,0.13,0.055714285714285716,57.0,0.0,0.9999855506507186,0.005375731557583884,1.0,6.123233995736766e-17
2025-04-02,2.7,0.0,2.7,,79.8,0.7999999999999972,79.4,,,,,,,,,,,,,,,,,,,,,,,253,-6.0,260.0,2.490104,2.5082983333333337,2.5126335714285717,,,13.9,0.09999999999999964,13.6,0.0,0.13,0.055714285714285716,50.0,0.0,0.9999300657962057,-0.011826390691832589,1.0,6.123233995736766e-17
2025-04-03,2.7,0.0,2.7,,79.7,-0.09999999999999432,79.5,,,,,,,,,,,,,,,,,,,,,,,238,-15.0,260.14285714285717,2.442916,2.481041333333333,2.51308,,,14.1,0.1999999999999993,13.685714285714285,0.0,0.04666666666666667,0.055714285714285716,62.0,0.0,0.9995786855478958,-0.029025013321975237,1.0,6.123233995736766e-17
2025-04-04,2.7,0.0,2.7,2.7,79.5,-0.20000000000000284,79.66666666666667,79.5,,,,,,,,,,,,,,,,,,,,,,192,-46.0,250.42857142857142,2.281875,2.4049650000000002,2.4802378571428574,,,14.2,0.09999999999999964,13.814285714285715,0.01,0.0033333333333333335,0.05714285714285715,51.0,0.0,0.9989315138848577,-0.046215046983708354,1.0,6.123233995736766e-17
2025-04-05,2.6,-0.10000000000000009,2.6666666666666665,2.68,80.0,0.5,79.73333333333333,79.6,,,,,,,,,,,,,,,,,,,,,,184,-8.0,237.57142857142858,2.250208,2.3249996666666664,2.436339,,,14.3,0.10000000000000142,13.9,0.0,0.0033333333333333335,0.05714285714285715,50.0,0.0,0.9979887423155984,-0.06339140486951038,1.0,6.123233995736766e-17
2025-04-06,2.6,0.0,2.6333333333333333,2.6666666666666665,81.5,1.5,80.33333333333333,79.91666666666667,,,,,,,,,,,,,,,,,,,,,,182,-2.0,224.57142857142858,2.24125,2.2577776666666667,2.3915919999999997,,,14.3,0.0,14.0,0.22,0.07666666666666667,0.08857142857142856,38.0,0.2,0.9967506498213929,-0.08054900421874167,1.0,6.123233995736766e-17
2025-04-07,2.6,0.0,2.6,2.6571428571428575,79.5,-2.0,80.33333333333333,79.85714285714286,,,,,,,,,,,,,,,,,,,,,,187,5.0,213.57142857142858,2.263541,2.251666333333333,2.3542854285714285,,,14.3,0.0,14.12857142857143,0.42,0.21333333333333335,0.11285714285714286,35.0,0.2,0.9952176027737294,-0.09768276782171598,1.0,6.123233995736766e-17
2025-04-08,2.6,0.0,2.6,2.642857142857143,82.25,2.75,81.08333333333333,80.32142857142857,,,,,,,,,,,,,,,,,,,,,,166,-21.0,200.28571428571428,2.173854,2.226215,2.306249714285715,,,14.2,-0.10000000000000142,14.185714285714285,0.0,0.2133333333333333,0.09285714285714286,36.0,0.0,0.9933900548258936,-0.11478762552212701,1.0,6.123233995736766e-17
2025-04-09,2.6,0.0,2.6,2.628571428571429,81.0,-1.25,80.91666666666667,80.49285714285715,1.6,,,,331.0,,,,8.3,,,,9.4,,,,9.6,,,,2.6,170,4.0,188.42857142857142,2.173645,2.20368,2.2610412857142856,,,14.3,0.10000000000000142,14.242857142857144,0.0,0.13999999999999999,0.09285714285714286,53.0,0.0,0.9912685467787256,-0.13185851571739118,1.0,6.123233995736766e-17
2025-04-10,2.7,0.10000000000000009,2.6333333333333333,2.628571428571429,81.0,0.0,81.41666666666667,80.67857142857143,2.3,0.6999999999999997,1.9500000000000008,,328.0,-3.0,329.5,,8.3,0.0,8.3,,10.0,0.5999999999999996,9.700000000000006,,9.6,0.0,9.6,,5.3,180,10.0,180.14285714285714,2.213125,2.1868746666666667,2.228214,351.2785714285716,639.6000000000003,14.3,0.0,14.271428571428572,0.0,0.0,0.09285714285714286,65.0,0.0,0.9888537064205885,-0.1488903868564548,1.0,6.123233995736766e-17
2025-04-11,2.6,-0.10000000000000009,2.6333333333333333,2.6142857142857143,82.0,1.0,81.33333333333333,81.03571428571429,2.3,0.0,2.066666666666667,,340.0,12.0,333.0,,8.3,0.0,8.3,,10.3,0.3000000000000007,9.900000000000004,,9.5,-0.09999999999999964,9.566666666666666,,4.8,241,61.0,187.14285714285714,2.430937,2.2725690000000003,2.2495085714285716,386.7619047619048,702.6666666666667,14.0,-0.3000000000000007,14.242857142857144,0.0,0.0,0.09142857142857143,72.0,0.0,0.986146248341595,-0.16587819893463143,1.0,6.123233995736766e-17
2025-04-12,2.6,0.0,2.6333333333333333,2.6142857142857143,80.7,-1.2999999999999972,81.23333333333333,81.13571428571429,2.6,0.30000000000000027,2.400000000000001,2.2,347.0,7.0,338.3333333333333,336.5,8.3,0.0,8.3,8.3,9.6,-0.7000000000000011,9.96666666666667,9.825,9.5,0.0,9.533333333333333,9.55,3.2,285,44.0,201.57142857142858,2.57,2.4046873333333334,2.295193142857143,483.77142857142877,832.8000000000003,13.7,-0.3000000000000007,14.157142857142858,0.0,0.0,0.09142857142857143,72.0,0.0,0.9831469737221499,-0.1828169249850199,1.0,6.123233995736766e-17
2025-04-13,2.6,0.0,2.6,2.6142857142857143,80.0,-0.7000000000000028,80.89999999999999,80.92142857142858,2.3,-0.30000000000000027,2.400000000000001,2.2199999999999998,341.0,-6.0,342.6666666666667,337.4,8.3,0.0,8.3,8.3,9.9,0.3000000000000007,9.933333333333337,9.84,9.5,0.0,9.5,9.540000000000001,2.7,294,9.0,217.57142857142858,2.595937,2.5322913333333332,2.3458627142857145,522.1714285714288,818.4000000000003,13.4,-0.29999999999999893,14.028571428571428,0.0,0.0,0.060000000000000005,68.0,0.0,0.9798567700958665,-0.1997015525660636,1.0,6.123233995736766e-17
2025-04-14,2.6,0.0,2.6,2.6142857142857143,80.5,0.5,80.39999999999999,81.06428571428572,2.2,-0.09999999999999964,2.3666666666666676,2.216666666666667,337.0,-4.0,341.6666666666667,337.3333333333333,8.3,0.0,8.3,8.3,9.6,-0.3000000000000007,9.700000000000003,9.799999999999999,9.6,0.09999999999999964,9.533333333333333,9.549999999999999,2.5,300,6.0,233.71428571428572,2.6125,2.5928123333333333,2.3957139999999995,553.1238095238098,797.566666666667,13.5,0.09999999999999964,13.914285714285713,0.0,0.0,0.0,79.0,0.0,0.9762766110869321,-0.21652708524481437,1.0,6.123233995736766e-17
2025-04-15,2.7,0.10000000000000009,2.6333333333333333,2.628571428571429,81.5,1.0,80.66666666666667,80.95714285714287,2.1,-0.10000000000000009,2.2000000000000006,2.2,335.0,-2.0,337.6666666666667,337.0,8.3,0.0,8.3,8.3,9.2,-0.40000000000000036,9.56666666666667,9.714285714285714,9.7,0.09999999999999964,9.6,9.571428571428571,2.5,300,0.0,252.85714285714286,2.61302,2.607152333333333,2.4584520000000003,556.2857142857144,737.0000000000002,13.5,0.0,13.814285714285715,0.0,0.0,0.0,84.0,0.0,0.9724075561219968,-0.23328854407545518,1.0,6.123233995736766e-17
2025-04-16,2.7,0.0,2.6666666666666665,2.642857142857143,81.7,0.20000000000000284,81.23333333333333,81.05714285714285,2.0,-0.10000000000000009,2.100000000000001,2.257142857142857,337.0,2.0,336.3333333333333,337.85714285714283,8.3,0.0,8.3,8.3,9.1,-0.09999999999999964,9.300000000000004,9.671428571428573,9.7,0.0,9.666666666666666,9.585714285714285,3.1,295,-5.0,270.7142857142857,2.599166,2.6082286666666668,2.5192407142857145,568.5000000000002,707.7000000000003,13.3,-0.1999999999999993,13.671428571428569,0.01,0.003333333333333315,0.0014285714285714286,68.0,0.0,0.9682507501166718,-0.2499809690726521,1.0,6.123233995736766e-17
2025-04-17,2.7,0.0,2.7,2.642857142857143,81.5,-0.20000000000000284,81.56666666666666,81.12857142857142,2.0,0.0,2.0333333333333337,2.2142857142857144,335.0,-2.0,335.6666666666667,338.85714285714283,8.3,0.0,8.3,8.3,10.2,1.0999999999999996,9.500000000000002,9.700000000000001,9.4,-0.29999999999999893,9.6,9.557142857142859,2.6,297,2.0,287.42857142857144,2.604583,2.605589666666667,2.575163285714286,584.4380952380953,681.1666666666667,13.3,0.0,13.528571428571428,0.0,0.003333333333333315,0.0014285714285714286,53.0,0.0,0.9638074231367307,-0.26659942067929354,1.0,6.123233995736766e-17
2025-04-18,2.7,0.0,2.7,2.6571428571428575,82.5,1.0,81.89999999999999,81.2,1.9,-0.10000000000000009,1.9666666666666675,2.1571428571428575,332.0,-3.0,334.6666666666667,337.7142857142857,8.3,0.0,8.3,8.3,6.3,-3.8999999999999995,8.533333333333337,9.128571428571428,10.4,1.0,9.833333333333334,9.685714285714285,2.5,299,2.0,295.7142857142857,2.611979,2.605242666666667,2.6010264285714286,581.5714285714288,652.9333333333336,14.0,0.6999999999999993,13.528571428571428,0.0,0.003333333333333315,0.0014285714285714286,68.0,0.0,0.9590788900341131,-0.28313898122818354,1.0,6.123233995736766e-17
2025-04-19,2.7,0.0,2.7,2.6714285714285713,81.1,-1.4000000000000057,81.7,81.25714285714285,1.8,-0.09999999999999987,1.9000000000000006,2.0428571428571427,328.0,-4.0,331.6666666666667,335.0,8.3,0.0,8.3,8.3,5.7,-0.5999999999999996,7.400000000000003,8.571428571428571,10.6,0.1999999999999993,10.133333333333333,9.842857142857143,2.5,280,-19.0,295.0,2.555208,2.5905899999999997,2.5989132857142856,560.5000000000001,623.2000000000002,14.3,0.3000000000000007,13.614285714285714,0.0,0.0,0.0014285714285714286,73.0,0.0,0.9540665500578387,-0.2995947563972602,1.0,6.123233995736766e-17
2025-04-20,2.7,0.0,2.7,2.685714285714286,79.1,-2.0,80.89999999999999,81.12857142857142,1.7,-0.10000000000000009,1.8000000000000007,1.957142857142857,336.0,8.0,332.0,334.2857142857143,8.3,0.0,8.3,8.3,7.6,1.8999999999999995,6.533333333333336,8.242857142857142,10.1,-0.5,10.366666666666667,9.928571428571429,2.0,268,-12.0,291.2857142857143,2.518541,2.5619093333333334,2.587856714285714,524.3142857142859,604.8000000000002,14.4,0.09999999999999964,13.757142857142858,0.16,0.053333333333333316,0.02428571428571429,74.0,0.0,0.9487718864399473,-0.31596187665790293,1.0,6.123233995736766e-17
2025-04-21,2.7,0.0,2.7,2.7,80.5,1.4000000000000057,80.23333333333333,81.12857142857142,1.7,0.0,1.733333333333334,1.885714285714286,336.0,0.0,333.3333333333333,334.14285714285717,8.3,0.0,8.3,8.3,8.3,0.7000000000000011,7.200000000000003,8.057142857142855,9.9,-0.1999999999999993,10.200000000000001,9.971428571428572,2.0,270,2.0,287.0,2.522812,2.532187,2.5750441428571427,497.46666666666687,582.4000000000002,14.5,0.09999999999999964,13.900000000000002,0.62,0.25999999999999995,0.11285714285714286,29.0,9.0,0.9431964659565866,-0.33223549871590435,1.0,6.123233995736766e-17
2025-04-22,2.8,0.09999999999999964,2.733333333333333,2.7142857142857144,79.5,-1.0,79.7,80.84285714285714,1.5,-0.19999999999999996,1.633333333333334,1.8,338.0,2.0,336.6666666666667,334.57142857142856,8.3,0.0,8.3,8.3,8.9,0.5999999999999996,8.266666666666671,8.014285714285714,9.8,-0.09999999999999964,9.933333333333334,9.985714285714286,1.9,260,-10.0,281.2857142857143,2.493333,2.511562,2.5579460000000003,459.4333333333335,552.0666666666668,14.4,-0.09999999999999964,14.028571428571428,0.0,0.25999999999999995,0.11285714285714286,44.0,0.0,0.9373419384643772,-0.3484108069446808,1.0,6.123233995736766e-17
2025-04-23,2.7,-0.09999999999999964,2.733333333333334,2.714285714285715,81.5,2.0,80.5,80.8142857142857,1.4,-0.10000000000000009,1.5333333333333339,1.7142857142857142,333.0,-5.0,335.6666666666667,334.0,8.3,0.0,8.3,8.3,9.6,0.6999999999999993,8.933333333333337,8.085714285714285,9.6,-0.20000000000000107,9.766666666666667,9.971428571428572,1.7,234,-26.0,272.57142857142856,2.40875,2.4749649999999996,2.530743714285714,417.9428571428573,510.6000000000002,14.3,-0.09999999999999964,14.171428571428574,0.0,0.20666666666666664,0.11142857142857143,60.0,0.0,0.9312100364121947,-0.3644830148102912,1.0,6.123233995736766e-17
2025-04-24,2.7,0.0,2.733333333333333,2.7142857142857144,80.5,-1.0,80.5,80.67142857142856,1.5,0.10000000000000009,1.466666666666667,1.6428571428571428,334.0,1.0,335.0,333.85714285714283,8.3,0.0,8.3,8.3,10.7,1.0999999999999996,9.733333333333336,8.157142857142857,9.3,-0.29999999999999893,9.566666666666668,9.957142857142857,2.4,242,8.0,264.7142857142857,2.434062,2.4453816666666666,2.5063835714285716,388.24761904761914,489.8666666666668,14.3,0.0,14.314285714285715,0.0,0.0,0.11142857142857143,70.0,0.0,0.9248025743285089,-0.38044736628785164,1.0,6.123233995736766e-17
2025-04-25,2.7,0.0,2.7,2.7142857142857144,81.5,1.0,81.16666666666667,80.52857142857142,2.1,0.6000000000000001,1.6666666666666672,1.6714285714285715,346.0,12.0,337.6666666666667,335.85714285714283,8.3,0.0,8.3,8.3,10.0,-0.6999999999999993,10.100000000000003,8.685714285714285,9.5,0.1999999999999993,9.466666666666667,9.828571428571427,7.7,299,57.0,264.7142857142857,2.606562,2.4831246666666664,2.5056097142857143,441.1904761904763,576.6666666666669,14.1,-0.20000000000000107,14.328571428571427,0.0,0.0,0.11142857142857143,71.0,0.0,0.9181214482844365,-0.39629913726891813,1.0,6.123233995736766e-17
2025-04-26,2.7,0.0,2.7,2.7142857142857144,81.0,-0.5,81.0,80.51428571428572,4.4,2.3000000000000003,2.666666666666668,2.042857142857143,353.0,7.0,344.3333333333333,339.42857142857144,8.3,0.0,8.3,8.3,10.0,0.0,10.233333333333336,9.299999999999999,9.5,0.0,9.433333333333332,9.671428571428573,6.4,359,60.0,276.0,2.776041,2.605555,2.5371572857142857,736.0000000000003,941.3333333333337,14.1,0.0,14.299999999999999,0.0,0.0,0.11142857142857143,59.0,0.0,0.9111686353326631,-0.41203363695942635,1.0,6.123233995736766e-17
2025-04-27,2.8,0.09999999999999964,2.733333333333334,2.7285714285714286,80.0,-1.0,80.83333333333333,80.64285714285714,3.5,-0.9000000000000004,3.3333333333333344,2.3000000000000003,348.0,-5.0,349.0,341.14285714285717,8.3,0.0,8.3,8.3,10.4,0.40000000000000036,10.133333333333338,9.700000000000001,9.4,-0.09999999999999964,9.466666666666667,9.571428571428571,4.2,366,7.0,290.0,2.791354,2.7246523333333332,2.5761305714285716,966.666666666667,1160.0000000000005,14.1,0.0,14.257142857142856,0.04,0.013333333333333296,0.09428571428571429,68.0,0.0,0.9039461929224011,-0.42764620926777464,1.0,6.123233995736766e-17
2025-04-28,2.8,0.0,2.766666666666666,2.742857142857143,78.5,-1.5,79.83333333333333,80.35714285714286,3.0,-0.5,3.633333333333334,2.4857142857142853,344.0,-4.0,348.3333333333333,342.2857142857143,8.3,0.0,8.3,8.3,8.9,-1.5,9.766666666666671,9.785714285714286,9.8,0.40000000000000036,9.566666666666666,9.557142857142859,3.5,359,-7.0,302.7142857142857,2.775312,2.7809023333333336,2.612202,1099.861904761905,1249.866666666667,14.2,0.09999999999999964,14.214285714285714,0.0,0.013333333333333296,0.005714285714285714,48.0,0.0,0.8964562582905575,-0.44313223418263453,1.0,6.123233995736766e-17
2025-04-29,2.8,0.0,2.8,2.7428571428571433,80.9,2.4000000000000057,79.8,80.55714285714285,2.2,-0.7999999999999998,2.900000000000001,2.585714285714286,342.0,-2.0,344.6666666666667,342.85714285714283,8.3,0.0,8.3,8.3,8.7,-0.20000000000000107,9.333333333333337,9.757142857142856,9.9,0.09999999999999964,9.700000000000001,9.571428571428571,2.8,332,-27.0,313.0,2.702812,2.7564926666666665,2.642127571428571,907.7000000000003,991.8000000000003,13.8,-0.3999999999999986,14.12857142857143,0.0,0.013333333333333296,0.005714285714285714,75.0,0.0,0.8887010478292915,-0.45848712914008766,1.0,6.123233995736766e-17
2025-04-30,2.8,0.0,2.8,2.7571428571428567,78.5,-2.4000000000000057,79.3,80.12857142857142,2.1,-0.10000000000000009,2.433333333333334,2.685714285714286,344.0,2.0,343.3333333333333,344.42857142857144,8.3,0.0,8.3,8.3,8.6,-0.09999999999999964,8.733333333333336,9.614285714285714,9.8,-0.09999999999999964,9.833333333333334,9.6,2.7,328,-4.0,326.42857142857144,2.691145,2.7230896666666666,2.682469714285715,794.3095238095241,837.066666666667,13.4,-0.40000000000000036,14.0,0.0,0.0,0.005714285714285714,77.0,0.0,0.8806828564301475,-0.47370635037968,1.0,6.123233995736766e-17
2025-05-01,2.9,0.10000000000000009,2.8333333333333335,2.7857142857142856,80.0,1.5,79.8,80.05714285714285,2.0,-0.10000000000000009,2.100000000000001,2.757142857142857,343.0,-1.0,343.0,345.7142857142857,8.3,0.0,8.3,8.3,9.7,1.0999999999999996,9.000000000000004,9.471428571428572,9.6,-0.20000000000000107,9.766666666666667,9.642857142857142,2.5,322,-6.0,337.85714285714283,2.674583,2.6895133333333336,2.7168298571428573,709.5000000000002,720.3000000000003,13.4,0.0,13.87142857142857,0.0,0.0,0.005714285714285714,63.0,0.0,0.8724040568049612,-0.48878539428899265,0.8660254037844387,-0.4999999999999998
2025-05-02,2.8,-0.10000000000000009,2.8333333333333335,2.8000000000000003,78.8,-1.2000000000000028,79.10000000000001,79.67142857142856,3.6,1.6,2.5666666666666673,2.9714285714285715,320.0,-23.0,335.6666666666667,342.0,8.3,0.0,8.3,8.3,10.7,1.0,9.66666666666667,9.571428571428571,9.4,-0.1999999999999993,9.6,9.62857142857143,5.3,318,-4.0,340.57142857142856,2.663229,2.676319,2.724925142857143,874.1333333333336,821.3333333333335,13.6,0.1999999999999993,13.799999999999999,0.0,0.0,0.005714285714285714,60.0,0.0,0.8638670987837349,-0.503719798736334,0.8660254037844387,-0.4999999999999998
2025-05-03,2.8,0.0,2.8333333333333335,2.814285714285714,79.0,0.20000000000000284,79.26666666666667,79.38571428571427,2.8,-0.8000000000000003,2.8000000000000007,2.742857142857143,357.0,37.0,340.0,342.57142857142856,8.3,0.0,8.3,8.3,10.9,0.20000000000000107,10.433333333333337,9.700000000000001,9.3,-0.09999999999999964,9.433333333333335,9.6,4.0,324,6.0,335.57142857142856,2.681979,2.6732636666666667,2.7114877142857146,939.6000000000001,999.6000000000003,13.0,-0.5999999999999996,13.642857142857142,0.16,0.053333333333333295,0.028571428571428574,67.0,0.0,0.8550745085896932,-0.518505144391157,0.8660254037844387,-0.4999999999999998
2025-05-04,2.8,0.0,2.8,2.814285714285714,79.0,0.0,78.93333333333334,79.24285714285713,2.7,-0.09999999999999964,3.0333333333333337,2.6285714285714286,355.0,-2.0,344.0,343.57142857142856,8.3,0.0,8.3,8.3,11.1,0.1999999999999993,10.900000000000004,9.799999999999999,9.3,0.0,9.333333333333334,9.585714285714285,3.1,329,5.0,330.2857142857143,2.694687,2.6799649999999997,2.697678142857143,1001.8666666666668,1076.8333333333335,12.5,-0.5,13.414285714285715,0.19,0.11666666666666663,0.049999999999999996,67.0,0.0,0.8460288880917339,-0.533137056031809,0.8660254037844387,-0.4999999999999998
2025-05-05,2.8,0.0,2.8,2.814285714285714,78.0,-1.0,78.66666666666667,79.17142857142856,2.8,0.09999999999999964,2.766666666666667,2.6,339.0,-16.0,350.3333333333333,342.85714285714283,8.3,0.0,8.3,8.3,10.0,-1.0999999999999996,10.666666666666671,9.957142857142856,9.5,0.1999999999999993,9.366666666666667,9.542857142857143,3.4,331,2.0,326.2857142857143,2.69875,2.6918053333333334,2.6867407142857145,902.7238095238097,937.9000000000001,12.8,0.3000000000000007,13.214285714285714,0.0,0.11666666666666663,0.049999999999999996,60.0,0.0,0.8367329140344921,-0.5476112038402312,0.8660254037844387,-0.4999999999999998
2025-05-06,2.8,0.0,2.8,2.8142857142857136,78.25,0.25,78.41666666666667,78.79285714285713,4.6,1.7999999999999998,3.366666666666667,2.942857142857143,311.0,-28.0,335.0,338.42857142857144,8.1,-0.20000000000000107,8.233333333333333,8.271428571428572,7.8,-2.2,9.633333333333338,9.828571428571427,10.0,0.5,9.6,9.557142857142859,13.5,302,-29.0,322.0,2.616145,2.6698606666666667,2.6743597142857145,1084.0666666666668,1047.0333333333335,13.1,0.29999999999999893,13.114285714285714,0.0,0.0633333333333333,0.049999999999999996,73.0,0.0,0.8271893372462497,-0.5619233046832195,0.8660254037844387,-0.4999999999999998
2025-05-07,2.7,-0.09999999999999964,2.766666666666667,2.8000000000000003,76.0,-2.25,77.41666666666667,78.43571428571428,4.6,0.0,4.0,3.3,304.0,-7.0,318.0,332.7142857142857,8.2,0.09999999999999964,8.2,8.257142857142858,6.7,-1.0999999999999996,8.16666666666667,9.557142857142855,10.4,0.40000000000000036,9.966666666666667,9.642857142857142,10.5,309,7.0,319.2857142857143,2.63875,2.651215,2.6668747142857145,1277.142857142857,1216.0,13.2,0.09999999999999964,13.085714285714287,0.0,0.0,0.049999999999999996,74.0,0.0,0.8174009818249189,-0.5760691233798758,0.8660254037844387,-0.4999999999999998
2025-05-08,2.7,0.0,2.733333333333333,2.7714285714285714,77.4,1.4000000000000057,77.21666666666665,78.06428571428572,3.4,-1.1999999999999997,4.2,3.5,315.0,11.0,310.0,328.7142857142857,8.2,0.0,8.166666666666666,8.242857142857142,10.1,3.3999999999999995,8.200000000000003,9.614285714285714,9.6,-0.8000000000000007,10.0,9.642857142857142,4.4,298,-11.0,315.85714285714283,2.617812,2.6242356666666664,2.6587645714285713,1326.6,1323.0,13.2,0.0,13.057142857142859,0.0,0.0,0.049999999999999996,64.0,0.0,0.8073707443023492,-0.5900444739548627,0.8660254037844387,-0.4999999999999998
2025-05-09,2.7,0.0,2.7,2.757142857142857,74.5,-2.9000000000000057,75.96666666666665,77.45,4.0,0.6000000000000001,4.0,3.557142857142857,313.0,-2.0,310.6666666666667,327.7142857142857,8.2,0.0,8.2,8.22857142857143,12.2,2.0999999999999996,9.66666666666667,9.828571428571427,9.2,-0.40000000000000036,9.733333333333333,9.614285714285714,4.6,308,10.0,314.42857142857144,2.655937,2.637499666666667,2.6577228571428573,1257.7142857142858,1252.0,13.1,-0.09999999999999964,12.985714285714286,1.52,0.5066666666666667,0.2671428571428572,46.0,0.0,0.7971015927871943,-0.6038452208771035,0.8660254037844387,-0.4999999999999998
2025-05-10,2.7,0.0,2.7,2.7428571428571433,73.5,-1.0,75.13333333333333,76.66428571428571,3.9,-0.10000000000000009,3.766666666666667,3.7142857142857144,305.0,-8.0,311.0,320.2857142857143,8.2,0.0,8.2,8.214285714285714,12.7,0.5,11.66666666666667,10.085714285714285,9.0,-0.1999999999999993,9.266666666666666,9.571428571428571,4.6,310,2.0,312.42857142857144,2.6625,2.6454163333333334,2.654940142857143,1176.814285714286,1148.8333333333335,12.7,-0.40000000000000036,12.942857142857145,0.08,0.5333333333333333,0.2557142857142857,53.0,0.0,0.7865965660866021,-0.6174672802835514,0.8660254037844387,-0.4999999999999998
2025-05-11,2.7,0.0,2.7,2.7285714285714286,71.0,-2.5,73.0,75.52142857142857,6.4,2.5000000000000004,4.766666666666667,4.242857142857142,294.0,-11.0,304.0,311.57142857142856,8.2,0.0,8.2,8.2,13.2,0.5,12.700000000000003,10.385714285714284,8.9,-0.09999999999999964,9.033333333333333,9.514285714285714,8.2,326,16.0,312.0,2.705312,2.674583,2.656458,1487.2,1401.4,12.0,-0.6999999999999993,12.87142857142857,0.0,0.5333333333333333,0.2285714285714286,55.0,0.0,0.7758587728069828,-0.6309066211876704,0.8660254037844387,-0.4999999999999998
2025-05-12,2.7,0.0,2.7,2.7142857142857144,67.1,-3.9000000000000057,70.53333333333335,73.96428571428571,8.0,1.5999999999999996,6.1000000000000005,4.985714285714286,278.0,-16.0,292.3333333333333,302.85714285714283,8.2,0.0,8.2,8.185714285714285,13.5,0.3000000000000007,13.133333333333338,10.885714285714284,8.8,-0.09999999999999964,8.9,9.414285714285715,11.8,339,13.0,313.14285714285717,2.74177,2.703194,2.6626037142857144,1910.1714285714288,1695.8000000000002,11.2,-0.8000000000000007,12.642857142857142,0.0,0.02666666666666667,0.2285714285714286,70.0,0.0,0.7648913904341226,-0.6441592666722685,0.8660254037844387,-0.4999999999999998
2025-05-13,2.8,0.09999999999999964,2.733333333333333,2.714285714285715,65.0,-2.0999999999999943,67.7,72.07142857142857,14.0,6.0,9.466666666666667,6.328571428571428,268.0,-10.0,280.0,296.7142857142857,8.2,0.0,8.2,8.2,13.0,-0.5,13.233333333333336,11.62857142857143,8.8,0.0,8.833333333333334,9.242857142857144,19.2,351,12.0,320.14285714285717,2.771458,2.7395133333333335,2.6847912857142857,3030.6857142857148,2537.0666666666666,10.6,-0.5999999999999996,12.285714285714286,0.0,0.0,0.2285714285714286,76.0,0.0,0.753697664392914,-0.6572212950663319,0.8660254037844387,-0.4999999999999998
2025-05-14,2.9,0.10000000000000009,2.8000000000000003,2.742857142857143,64.6,-0.4000000000000057,65.56666666666666,70.44285714285714,7.3,-6.7,9.766666666666667,6.714285714285714,273.0,5.0,273.0,292.2857142857143,8.2,0.0,8.2,8.2,11.4,-1.5999999999999996,12.633333333333338,12.299999999999999,9.1,0.29999999999999893,8.9,9.057142857142857,15.9,333,-18.0,323.57142857142856,2.725,2.746076,2.6971127142857148,3160.214285714286,2666.3,10.4,-0.1999999999999993,11.885714285714284,0.0,0.0,0.2285714285714286,79.0,0.0,0.742280907086982,-0.6700888411055113,0.8660254037844387,-0.4999999999999998
2025-05-15,3.0,0.10000000000000009,2.9,2.7857142857142856,62.2,-2.3999999999999915,63.93333333333333,68.27142857142857,10.9,3.6000000000000005,10.733333333333334,7.785714285714286,292.0,19.0,277.6666666666667,289.0,8.2,0.0,8.2,8.2,10.9,-0.5,11.766666666666671,12.414285714285715,9.3,0.20000000000000107,9.066666666666668,9.014285714285714,18.4,367,34.0,333.42857142857144,2.814895,2.770451,2.7252674285714287,3578.8000000000006,3134.1333333333337,10.5,0.09999999999999964,11.5,0.0,0.0,0.2285714285714286,84.0,0.0,0.7306444969184916,-0.6827580970759147,0.8660254037844387,-0.4999999999999998
2025-05-16,3.1,0.10000000000000009,3.0,2.842857142857143,63.5,1.2999999999999972,63.43333333333334,66.7,7.4,-3.5,8.533333333333333,8.27142857142857,305.0,13.0,290.0,287.85714285714283,8.2,0.0,8.2,8.2,10.6,-0.3000000000000007,10.96666666666667,12.185714285714285,9.4,0.09999999999999964,9.266666666666667,9.042857142857143,15.9,361,-6.0,341.0,2.798645,2.7795133333333335,2.7456542857142856,2909.866666666667,2602.6666666666665,10.4,-0.09999999999999964,11.114285714285714,0.0,0.0,0.011428571428571429,83.0,0.0,0.7187918772884232,-0.6952253139408722,0.8660254037844387,-0.4999999999999998
2025-05-17,3.1,0.0,3.0666666666666664,2.9,60.0,-3.5,61.9,64.77142857142857,18.9,11.499999999999998,12.4,10.414285714285715,310.0,5.0,302.3333333333333,288.57142857142856,8.0,-0.1999999999999993,8.133333333333333,8.17142857142857,10.0,-0.5999999999999996,10.500000000000004,11.799999999999999,9.5,0.09999999999999964,9.4,9.114285714285716,28.6,387,26.0,352.0,2.863645,2.8257283333333336,2.7743892857142853,4364.8,3844.0,10.3,-0.09999999999999964,10.77142857142857,0.0,0.0,0.0,67.0,0.0,0.7067265555776158,-0.7074868024503348,0.8660254037844387,-0.4999999999999998
2025-05-18,3.0,-0.10000000000000009,3.0666666666666664,2.9428571428571426,58.0,-2.0,60.5,62.91428571428571,12.3,-6.599999999999998,12.866666666666667,11.257142857142856,321.0,11.0,312.0,292.42857142857144,8.1,0.09999999999999964,8.1,8.157142857142857,9.9,-0.09999999999999964,10.16666666666667,11.328571428571431,9.5,0.0,9.466666666666667,9.200000000000001,22.6,416,29.0,364.85714285714283,2.935208,2.8658326666666665,2.807231571428571,4694.495238095238,4130.2,10.0,-0.3000000000000007,10.485714285714284,0.0,0.0,0.0,67.0,0.0,0.6944521021088763,-0.719538934232584,0.8660254037844387,-0.4999999999999998
2025-05-19,2.9,-0.10000000000000009,3.0,2.9714285714285715,55.8,-2.200000000000003,57.93333333333334,61.3,6.4,-5.9,12.533333333333333,11.028571428571427,324.0,3.0,318.3333333333333,299.0,8.1,0.0,8.066666666666666,8.142857142857142,9.3,-0.5999999999999996,9.733333333333336,10.72857142857143,9.6,0.09999999999999964,9.533333333333333,9.314285714285715,9.0,409,-7.0,374.85714285714283,2.9175,2.905451,2.832335857142857,4698.2095238095235,4060.8,10.2,0.1999999999999993,10.342857142857143,0.0,0.0,0.0,68.0,0.0,0.6819721490904629,-0.7313781428679254,0.8660254037844387,-0.4999999999999998
2025-05-20,2.8,-0.10000000000000009,2.9,2.971428571428571,55.0,-0.7999999999999972,56.26666666666667,59.87142857142857,7.3,0.8999999999999995,8.666666666666668,10.071428571428571,330.0,6.0,325.0,307.85714285714283,8.1,0.0,8.1,8.128571428571428,9.5,0.1999999999999993,9.56666666666667,10.228571428571428,9.7,0.09999999999999964,9.6,9.442857142857145,10.1,426,17.0,385.57142857142856,2.958125,2.936944333333333,2.859002571428572,3341.619047619048,2860.0000000000005,10.2,0.0,10.285714285714286,0.0,0.0,0.0,70.0,0.0,0.6692903895412567,-0.7430009249440493,0.8660254037844387,-0.4999999999999998
2025-05-21,2.6,-0.19999999999999973,2.766666666666667,2.9285714285714284,53.5,-1.5,54.76666666666667,58.285714285714285,9.4,2.1000000000000005,7.700000000000002,10.37142857142857,333.0,3.0,329.0,316.42857142857144,8.1,0.0,8.1,8.114285714285714,10.7,1.1999999999999993,9.833333333333337,10.12857142857143,9.4,-0.29999999999999893,9.566666666666666,9.485714285714286,21.1,461,35.0,403.85714285714283,3.037187,2.9709373333333335,2.9036007142857145,3109.7000000000007,2564.100000000001,9.6,-0.5999999999999996,10.171428571428573,0.0,0.0,0.0,71.0,0.0,0.6564105761979381,-0.7544038410927472,0.8660254037844387,-0.4999999999999998
2025-05-22,2.6,0.0,2.6666666666666665,2.8714285714285714,53.0,-0.5,53.833333333333336,56.97142857142857,13.3,3.9000000000000004,10.000000000000002,10.714285714285714,325.0,-8.0,329.3333333333333,321.14285714285717,8.0,-0.09999999999999964,8.066666666666665,8.085714285714285,10.8,0.10000000000000142,10.333333333333336,10.114285714285714,9.4,0.0,9.5,9.5,22.6,526,65.0,426.57142857142856,3.164166,3.0531593333333333,2.953496571428571,4265.714285714286,3250.0000000000005,8.7,-0.9000000000000004,9.914285714285715,0.0,0.0,0.0,61.0,0.0,0.6433365204044917,-0.765583517007675,0.8660254037844387,-0.4999999999999998
2025-05-23,2.5,-0.10000000000000009,2.566666666666667,2.7857142857142856,51.1,-1.8999999999999986,52.53333333333333,55.199999999999996,6.9,-6.4,9.866666666666669,10.642857142857142,330.0,5.0,329.3333333333333,324.7142857142857,8.1,0.09999999999999964,8.066666666666665,8.071428571428571,10.7,-0.10000000000000142,10.733333333333336,10.12857142857143,9.4,0.0,9.4,9.5,8.5,539,13.0,452.0,3.1625,3.121284333333333,3.0054758571428573,4459.7333333333345,3256.000000000001,7.8,-0.8999999999999995,9.542857142857143,0.0,0.0,0.0,69.0,0.0,0.6300720909843687,-0.7765366444428655,0.8660254037844387,-0.4999999999999998
2025-05-24,2.5,0.0,2.533333333333333,2.7,48.2,-2.8999999999999986,50.76666666666667,53.51428571428571,7.6,0.6999999999999993,9.266666666666667,9.028571428571428,322.0,-8.0,325.6666666666667,326.42857142857144,8.0,-0.09999999999999964,8.033333333333331,8.071428571428571,11.3,0.6000000000000014,10.933333333333337,10.314285714285715,9.3,-0.09999999999999964,9.366666666666667,9.471428571428572,8.8,561,22.0,476.85714285714283,3.20677,3.177812,3.0544937142857145,4418.8761904761905,2983.866666666667,6.8,-1.0,9.042857142857143,0.0,0.0,0.0,75.0,0.0,0.6166212130956382,-0.7872599821916922,0.8660254037844387,-0.4999999999999998
2025-05-25,2.3,-0.20000000000000018,2.433333333333333,2.6,49.0,0.7999999999999972,49.43333333333334,52.228571428571435,7.6,0.0,7.366666666666667,8.357142857142858,320.0,-2.0,324.0,326.2857142857143,8.1,0.09999999999999964,8.066666666666665,8.071428571428571,10.7,-0.6000000000000014,10.900000000000004,10.428571428571429,9.4,0.09999999999999964,9.366666666666667,9.457142857142857,10.4,552,-9.0,496.2857142857143,3.187083,3.1854510000000005,3.090475857142857,3655.9714285714285,2357.3333333333335,6.8,0.0,8.585714285714285,0.0,0.0,0.0,72.0,0.0,0.6029878670694714,-0.7977503570459932,0.8660254037844387,-0.4999999999999998
2025-05-26,2.4,0.10000000000000009,2.4,2.5285714285714285,47.0,-2.0,48.06666666666667,50.971428571428575,8.2,0.5999999999999996,7.800000000000001,8.614285714285714,285.0,-35.0,309.0,320.7142857142857,8.0,-0.09999999999999964,8.033333333333333,8.057142857142857,10.2,-0.5,10.733333333333336,10.557142857142859,9.5,0.09999999999999964,9.4,9.442857142857141,12.9,458,-94.0,503.2857142857143,2.99052,3.1281243333333335,3.100907285714286,3925.628571428572,2223.0,6.8,0.0,8.1,0.0,0.0,0.0,80.0,0.0,0.5891760872322963,-0.8080046647350754,0.8660254037844387,-0.4999999999999998
2025-05-27,2.4,0.0,2.3666666666666667,2.4714285714285715,40.5,-6.5,45.5,48.9,6.1,-2.0999999999999996,7.300000000000001,8.442857142857143,275.0,-10.0,293.3333333333333,312.85714285714283,8.1,0.09999999999999964,8.066666666666665,8.057142857142855,11.7,1.5,10.866666666666669,10.87142857142857,9.2,-0.3000000000000007,9.366666666666667,9.371428571428572,9.0,411,-47.0,501.14285714285717,2.881875,3.0198259999999997,3.090014428571429,3658.3428571428576,2007.5000000000002,6.4,-0.39999999999999947,7.557142857142857,0.27,0.09000000000000001,0.038571428571428576,68.0,0.0,0.5751899607119775,-0.8180198708443175,0.8660254037844387,-0.4999999999999998
2025-05-28,2.4,0.0,2.4,2.442857142857143,43.9,3.3999999999999986,43.79999999999999,47.52857142857143,5.3,-0.7999999999999998,6.533333333333334,7.857142857142857,274.0,-1.0,278.0,304.42857142857144,8.1,0.0,8.066666666666665,8.057142857142857,12.4,0.7000000000000011,11.433333333333337,11.114285714285714,9.0,-0.1999999999999993,9.233333333333334,9.314285714285715,6.5,408,-3.0,493.57142857142856,2.877083,2.9164926666666666,3.0671424285714286,3224.666666666667,1790.1333333333334,5.8,-0.6000000000000005,7.014285714285713,0.44,0.23666666666666666,0.10142857142857142,57.0,0.0,0.5610336262283677,-0.8277930117131022,0.8660254037844387,-0.4999999999999998
2025-05-29,2.4,0.0,2.4,2.414285714285714,46.0,2.1000000000000014,43.46666666666666,46.52857142857143,5.3,0.0,5.566666666666667,6.714285714285714,268.0,-6.0,272.3333333333333,296.2857142857143,8.1,0.0,8.1,8.071428571428571,11.6,-0.8000000000000007,11.900000000000004,11.228571428571428,9.2,0.1999999999999993,9.133333333333333,9.285714285714286,7.2,412,4.0,477.2857142857143,2.885208,2.8813886666666666,3.0272912857142855,2656.8904761904764,1491.8666666666668,5.5,-0.2999999999999998,6.557142857142857,0.12,0.27666666666666667,0.11857142857142858,54.0,0.0,0.5467112728685939,-0.8373211953118121,0.8660254037844387,-0.4999999999999998
2025-05-30,2.5,0.10000000000000009,2.433333333333333,2.414285714285714,45.5,-0.5,45.133333333333326,45.728571428571435,6.2,0.9000000000000004,5.600000000000001,6.614285714285714,266.0,-2.0,269.3333333333333,287.14285714285717,8.1,0.0,8.1,8.071428571428571,12.4,0.8000000000000007,12.133333333333338,11.471428571428572,9.1,-0.09999999999999964,9.1,9.242857142857144,9.2,423,11.0,460.7142857142857,2.91125,2.8911803333333332,2.9913984285714283,2580.000000000001,1489.6000000000004,4.3,-1.2000000000000002,6.057142857142858,0.04,0.19999999999999998,0.12428571428571429,73.0,0.0,0.5322271388474397,-0.8466016020976267,0.8660254037844387,-0.4999999999999998
2025-05-31,2.6,0.10000000000000009,2.5,2.4285714285714284,43.5,-2.0,45.0,45.05714285714286,6.9,0.7000000000000002,6.133333333333334,6.514285714285714,261.0,-5.0,265.0,278.42857142857144,8.0,-0.09999999999999964,8.066666666666665,8.071428571428571,13.9,1.5,12.633333333333338,11.842857142857143,8.8,-0.29999999999999893,9.033333333333333,9.171428571428573,12.8,433,10.0,442.42857142857144,2.933854,2.910104,2.9524104285714285,2713.561904761905,1600.8000000000002,3.3,-1.0,5.557142857142857,0.26,0.13999999999999999,0.16142857142857142,68.0,0.0,0.5175855102531889,-0.8556314858488706,0.8660254037844387,-0.4999999999999998
2025-06-01,2.6,0.0,2.566666666666667,2.4714285714285715,42.5,-1.0,43.833333333333336,44.128571428571426,9.4,2.5,7.500000000000003,6.771428571428571,253.0,-8.0,260.0,268.85714285714283,8.0,0.0,8.033333333333333,8.057142857142857,14.0,0.09999999999999964,13.433333333333337,12.314285714285713,8.7,-0.10000000000000142,8.866666666666665,9.071428571428571,16.4,448,15.0,427.57142857142856,2.96875,2.937951333333333,2.9212199999999995,3206.785714285715,1897.5000000000007,2.3,-1.0,4.914285714285714,0.0,0.09999999999999999,0.16142857142857142,61.0,0.0,0.5027907197793043,-0.8644081744776648,0.49999999999999994,-0.8660254037844387
2025-06-02,2.6,0.0,2.6,2.5,42.9,0.3999999999999986,42.96666666666667,43.542857142857144,9.1,-0.3000000000000007,8.466666666666669,6.9,248.0,-5.0,254.0,263.57142857142856,8.1,0.09999999999999964,8.033333333333333,8.071428571428571,12.3,-1.6999999999999993,13.400000000000004,12.614285714285716,9.0,0.3000000000000007,8.833333333333334,9.0,13.7,459,11.0,427.7142857142857,2.99427,2.965624666666667,2.921755714285714,3621.3142857142866,2099.7333333333336,1.7,-0.5999999999999999,4.185714285714286,0.0,0.08666666666666667,0.16142857142857142,80.0,0.0,0.4878471454423119,-0.8729290708206411,0.49999999999999994,-0.8660254037844387
2025-06-03,2.6,0.0,2.6,2.528571428571429,42.0,-0.8999999999999986,42.46666666666667,43.75714285714286,13.6,4.5,10.700000000000001,7.971428571428571,232.0,-16.0,244.33333333333334,257.42857142857144,8.0,-0.09999999999999964,8.033333333333333,8.057142857142859,10.8,-1.5,12.366666666666672,12.485714285714286,9.4,0.40000000000000036,9.033333333333333,9.028571428571428,23.4,544,85.0,446.7142857142857,3.168958,3.0439926666666666,2.962767571428571,4779.842857142858,2482.4,0.8,-0.8999999999999999,3.3857142857142852,0.0,0.0,0.12285714285714286,75.0,0.0,0.47275920928627757,-0.881191653407483,0.49999999999999994,-0.8660254037844387
2025-06-04,2.6,0.0,2.6,2.5571428571428574,41.0,-1.0,41.96666666666667,43.34285714285714,8.6,-5.0,10.433333333333335,8.442857142857143,228.0,-4.0,236.0,250.85714285714286,8.1,0.09999999999999964,8.066666666666665,8.057142857142857,11.8,1.0,11.633333333333338,12.4,9.2,-0.20000000000000107,9.200000000000001,9.057142857142857,12.8,565,21.0,469.14285714285717,3.214583,3.1259370000000004,3.010981857142857,4894.723809523811,2378.8000000000006,0.5,-0.30000000000000004,2.6285714285714286,0.0,0.0,0.06,85.0,0.0,0.4575313760742512,-0.8891934772070711,0.49999999999999994,-0.8660254037844387
2025-06-05,2.7,0.10000000000000009,2.6333333333333333,2.6,41.0,0.0,41.333333333333336,42.628571428571426,7.1,-1.5,9.766666666666667,8.7,235.0,7.0,231.66666666666666,246.14285714285714,8.1,0.0,8.066666666666665,8.057142857142857,12.8,1.0,11.800000000000004,12.571428571428571,9.0,-0.1999999999999993,9.200000000000001,9.028571428571428,13.2,561,-4.0,490.42857142857144,3.207083,3.1968746666666665,3.0569640000000002,4789.852380952381,2295.166666666667,0.3,-0.2,1.885714285714286,1.05,0.35000000000000003,0.19285714285714287,75.0,0.0,0.44216815196707204,-0.8969321743510065,0.49999999999999994,-0.8660254037844387
2025-06-06,2.8,0.09999999999999964,2.6999999999999997,2.642857142857143,39.1,-1.8999999999999986,40.36666666666667,41.714285714285715,7.7,0.6000000000000005,7.800000000000002,8.914285714285715,234.0,-1.0,232.33333333333334,241.57142857142858,8.1,0.0,8.1,8.057142857142857,12.9,0.09999999999999964,12.500000000000005,12.642857142857142,8.9,-0.09999999999999964,9.033333333333333,9.0,18.9,561,0.0,510.14285714285717,3.206041,3.209235666666667,3.0990770000000003,3979.114285714287,1825.2000000000003,0.2,-0.09999999999999998,1.3,0.16,0.4033333333333333,0.21,,0.0,0.42667408318992467,-0.9044054548343001,0.49999999999999994,-0.8660254037844387
2025-06-07,3.0,0.20000000000000018,2.8333333333333335,2.7,40.5,1.3999999999999986,40.199999999999996,41.285714285714285,6.3,-1.4000000000000004,7.033333333333335,8.828571428571427,226.0,-8.0,231.66666666666666,236.57142857142858,8.2,0.09999999999999964,8.133333333333333,8.085714285714285,13.7,0.7999999999999989,13.133333333333335,12.614285714285714,8.8,-0.09999999999999964,8.9,9.0,8.5,470,-91.0,515.4285714285714,3.018333,3.143819,3.111145428571429,3625.1809523809534,1589.5333333333338,0.0,-0.2,0.8285714285714285,0.0,0.4033333333333333,0.17285714285714285,67.0,0.0,0.4110537546870351,-0.9116111071930239,0.49999999999999994,-0.8660254037844387
2025-06-08,3.0,0.0,2.933333333333333,2.757142857142857,41.5,1.0,40.36666666666667,41.142857142857146,5.3,-1.0,6.4333333333333345,8.242857142857142,214.0,-12.0,224.66666666666666,231.0,8.2,0.0,8.166666666666664,8.114285714285714,15.2,1.5,13.933333333333337,12.785714285714288,8.5,-0.3000000000000007,8.733333333333334,8.971428571428572,6.9,410,-60.0,510.0,2.88052,3.034964666666667,3.098541142857143,3281.0000000000005,1376.7333333333336,0.0,0.0,0.5,0.14,0.10000000000000002,0.19285714285714287,70.0,0.0,0.3953117887649151,-0.9185469991587165,0.49999999999999994,-0.8660254037844387
2025-06-09,3.0,0.0,3.0,2.8142857142857145,44.5,3.0,42.166666666666664,41.371428571428574,5.8,0.5,5.800000000000002,7.771428571428571,196.0,-18.0,212.0,223.57142857142858,8.1,-0.09999999999999964,8.166666666666666,8.114285714285714,16.2,1.0,15.033333333333337,13.342857142857143,8.3,-0.1999999999999993,8.533333333333333,8.87142857142857,6.9,420,10.0,504.42857142857144,2.904166,2.9343396666666663,3.085669142857143,2925.685714285715,1136.8000000000004,0.0,0.0,0.2571428571428572,0.02,0.05333333333333334,0.19571428571428573,66.0,0.0,0.37945284372454435,-0.925211078289358,0.49999999999999994,-0.8660254037844387
2025-06-10,3.0,0.0,3.0,2.8714285714285714,43.6,-0.8999999999999986,43.199999999999996,41.6,6.6,0.7999999999999998,5.900000000000001,6.7714285714285705,192.0,-4.0,200.66666666666666,217.85714285714286,8.1,0.0,8.133333333333333,8.128571428571428,16.0,-0.1999999999999993,15.800000000000002,14.085714285714285,8.3,0.0,8.366666666666667,8.714285714285714,8.2,418,-2.0,486.42857142857144,2.900729,2.895138333333333,3.0473507142857144,2869.928571428572,1132.8000000000002,0.0,0.0,0.14285714285714285,0.0,0.05333333333333334,0.19571428571428573,78.0,0.0,0.36348161248290634,-0.9316013725767187,0.49999999999999994,-0.8660254037844387
2025-06-11,3.1,0.10000000000000009,3.0333333333333337,2.9428571428571426,41.8,-1.8000000000000043,43.300000000000004,41.714285714285715,7.8,1.2000000000000002,6.733333333333334,6.6571428571428575,203.0,11.0,197.0,214.28571428571428,8.1,0.0,8.1,8.128571428571428,14.9,-1.0999999999999996,15.700000000000003,14.528571428571428,8.6,0.29999999999999893,8.4,8.62857142857143,8.7,471,53.0,473.0,3.019791,2.941562,3.019523285714286,3184.8666666666672,1366.8666666666668,0.0,0.0,0.07142857142857142,0.0,0.006666666666666667,0.19571428571428573,70.0,0.0,0.3474028211842774,-0.9377159910299093,0.49999999999999994,-0.8660254037844387
2025-06-12,3.0,-0.10000000000000009,3.0333333333333337,2.9857142857142853,42.6,0.8000000000000043,42.666666666666664,41.94285714285714,7.0,-0.7999999999999998,7.1333333333333355,6.642857142857143,222.0,19.0,205.66666666666666,212.42857142857142,8.0,-0.09999999999999964,8.066666666666665,8.114285714285714,13.1,-1.8000000000000007,14.666666666666671,14.571428571428571,8.9,0.3000000000000007,8.6,8.614285714285716,10.6,517,46.0,466.7142857142857,3.1175,3.0126733333333333,3.0067257142857144,3329.2285714285726,1583.6000000000006,0.0,0.0,0.028571428571428574,0.0,0.0,0.045714285714285714,77.0,0.0,0.3312212278016865,-0.9435531242349544,0.49999999999999994,-0.8660254037844387
2025-06-13,2.9,-0.10000000000000009,3.0,3.0,41.5,-1.1000000000000014,41.96666666666667,42.285714285714285,10.7,3.6999999999999993,8.500000000000002,7.071428571428571,231.0,9.0,218.66666666666666,212.0,8.0,0.0,8.033333333333333,8.1,12.8,-0.29999999999999893,13.600000000000003,14.557142857142859,9.0,0.09999999999999964,8.833333333333334,8.62857142857143,12.8,610,93.0,473.7142857142857,3.300104,3.1457983333333335,3.0201632857142857,4026.5714285714294,1963.5000000000005,0.0,0.0,0.0,0.0,0.0,0.022857142857142857,85.0,0.0,0.31494162072895193,-0.9491110448902284,0.49999999999999994,-0.8660254037844387
2025-06-14,2.9,0.0,2.9333333333333336,2.9857142857142853,41.1,-0.3999999999999986,41.73333333333333,42.371428571428574,6.7,-3.999999999999999,8.133333333333335,7.128571428571428,231.0,0.0,228.0,212.71428571428572,8.0,0.0,8.0,8.071428571428571,13.7,0.8999999999999986,13.200000000000003,14.557142857142859,8.8,-0.1999999999999993,8.9,8.62857142857143,7.8,592,-18.0,491.14285714285717,3.266458,3.228020666666667,3.0556097142857146,3994.6285714285723,1878.8000000000004,0.0,0.0,0.0,0.0,0.0,0.022857142857142857,85.0,0.0,0.2985688173637202,-0.9543881083175908,0.49999999999999994,-0.8660254037844387
2025-06-15,2.8,-0.10000000000000009,2.8666666666666667,2.957142857142857,40.0,-1.1000000000000014,40.86666666666667,42.15714285714286,5.5,-1.2000000000000002,7.6333333333333355,7.1571428571428575,235.0,4.0,232.33333333333334,215.71428571428572,8.1,0.09999999999999964,8.033333333333333,8.057142857142857,14.1,0.40000000000000036,13.533333333333337,14.4,8.7,-0.10000000000000142,8.833333333333334,8.657142857142857,6.2,553,-39.0,511.57142857142856,3.190104,3.2522219999999997,3.0998360000000003,3904.995238095239,1793.833333333334,0.0,0.0,0.0,0.0,0.0,0.002857142857142857,79.0,0.0,0.2821076626819194,-0.9593827529490743,0.49999999999999994,-0.8660254037844387
2025-06-16,2.7,-0.09999999999999964,2.7999999999999994,2.914285714285714,43.0,3.0,41.36666666666667,41.94285714285714,4.7,-0.7999999999999998,5.6333333333333355,7.0,228.0,-7.0,231.33333333333334,220.28571428571428,8.1,0.0,8.066666666666665,8.057142857142855,14.4,0.3000000000000007,14.06666666666667,14.142857142857142,8.6,-0.09999999999999964,8.700000000000001,8.7,5.7,503,-50.0,523.4285714285714,3.089166,3.1819093333333335,3.126264571428571,2948.64761904762,1284.4000000000005,0.0,0.0,0.0,0.01,0.0033333333333333335,0.0014285714285714286,83.0,0.0,0.26556302780405594,-0.9640935007889755,0.49999999999999994,-0.8660254037844387
2025-06-17,2.7,0.0,2.733333333333333,2.871428571428571,40.5,-2.5,41.166666666666664,41.5,4.3,-0.40000000000000036,4.833333333333336,6.671428571428572,225.0,-3.0,229.33333333333334,225.0,8.1,0.0,8.1,8.057142857142857,14.9,0.5,14.46666666666667,13.985714285714284,8.5,-0.09999999999999964,8.6,8.72857142857143,5.0,477,-26.0,531.8571428571429,3.033333,3.1042009999999998,3.1452080000000002,2570.6428571428587,1087.5000000000005,0.0,0.0,0.0,0.0,0.0033333333333333335,0.0014285714285714286,89.0,0.0,0.24893980855376657,-0.9685189578512204,0.49999999999999994,-0.8660254037844387
2025-06-18,2.5,-0.20000000000000018,2.6333333333333333,2.7857142857142856,40.5,0.0,41.333333333333336,41.31428571428571,3.9,-0.3999999999999999,4.300000000000002,6.114285714285714,226.0,1.0,226.33333333333334,228.28571428571428,8.1,0.0,8.1,8.057142857142857,14.9,0.0,14.733333333333336,13.985714285714286,8.6,0.09999999999999964,8.566666666666666,8.728571428571428,4.7,469,-8.0,531.5714285714286,3.015625,3.046041333333333,3.144612857142857,2285.7571428571437,971.8000000000004,0.0,0.0,0.0,0.0,0.0033333333333333335,0.0014285714285714286,89.0,0.0,0.23224292400907015,-0.9726578145718654,0.49999999999999994,-0.8660254037844387
2025-06-19,2.5,0.0,2.566666666666667,2.7142857142857144,41.1,0.6000000000000014,40.7,41.1,4.0,0.10000000000000009,4.066666666666668,5.685714285714285,229.0,3.0,226.66666666666666,229.28571428571428,8.2,0.09999999999999964,8.133333333333333,8.085714285714285,16.1,1.200000000000001,15.300000000000004,14.414285714285715,8.3,-0.29999999999999893,8.466666666666667,8.642857142857142,4.5,448,-21.0,521.7142857142857,2.967812,3.0055899999999998,3.123228857142857,2121.638095238096,931.266666666667,0.0,0.0,0.0,0.06,0.02,0.009999999999999998,88.0,0.0,0.21547731504673012,-0.976508846196619,0.49999999999999994,-0.8660254037844387
2025-06-20,2.7,0.20000000000000018,2.566666666666667,2.6857142857142855,42.1,1.0,41.23333333333333,41.18571428571429,4.1,0.09999999999999964,4.000000000000001,4.742857142857143,222.0,-7.0,225.66666666666666,228.0,8.1,-0.09999999999999964,8.133333333333331,8.1,16.1,0.0,15.700000000000005,14.885714285714286,8.2,-0.10000000000000142,8.366666666666665,8.528571428571428,5.0,410,-38.0,493.14285714285717,2.880416,2.954617666666667,3.0632734285714283,1972.5714285714291,888.0000000000002,0.0,0.0,0.0,0.04,0.03333333333333333,0.015714285714285715,70.0,0.0,0.19864794288017112,-0.9800709131432666,0.49999999999999994,-0.8660254037844387
2025-06-21,2.4,-0.30000000000000027,2.533333333333333,2.6142857142857143,40.5,-1.6000000000000014,41.23333333333333,41.1,4.6,0.5,4.233333333333334,4.442857142857143,232.0,10.0,227.66666666666666,228.14285714285714,8.1,0.0,8.133333333333333,8.114285714285714,16.1,0.0,16.1,15.228571428571428,8.2,0.0,8.233333333333333,8.442857142857143,6.4,469,59.0,475.57142857142856,3.015937,2.9547216666666665,3.027484714285715,2013.2523809523814,982.1333333333336,0.0,0.0,0.0,0.0,0.03333333333333333,0.015714285714285715,80.0,0.0,0.18175978759137534,-0.9833429613388902,0.49999999999999994,-0.8660254037844387
2025-06-22,2.4,0.0,2.5,2.557142857142857,40.5,0.0,41.03333333333333,41.17142857142857,4.4,-0.1999999999999993,4.366666666666668,4.285714285714286,251.0,19.0,235.0,230.42857142857142,8.2,0.09999999999999964,8.133333333333333,8.128571428571428,15.6,-0.5000000000000018,15.933333333333339,15.442857142857145,8.4,0.20000000000000107,8.266666666666666,8.4,6.4,511,42.0,469.57142857142856,3.105312,3.000555,3.015371571428571,2050.4619047619053,1096.0333333333338,0.0,0.0,0.0,0.0,0.013333333333333334,0.015714285714285715,91.0,0.0,0.16481784665719793,-0.9863240225317866,0.49999999999999994,-0.8660254037844387
2025-06-23,2.4,0.0,2.4,2.5142857142857147,41.5,1.0,40.833333333333336,40.957142857142856,3.4,-1.0000000000000004,4.133333333333335,4.1,259.0,8.0,247.33333333333334,234.85714285714286,8.2,0.0,8.166666666666664,8.142857142857142,16.0,0.40000000000000036,15.900000000000004,15.671428571428574,8.4,0.0,8.333333333333334,8.37142857142857,4.3,495,-16.0,468.42857142857144,3.071666,3.0643049999999996,3.0128715714285716,1936.1714285714293,1070.5333333333338,0.0,0.0,0.0,0.0,0.0,0.014285714285714287,94.0,0.0,0.14782713347053048,-0.9890132145779883,0.49999999999999994,-0.8660254037844387
2025-06-24,2.4,0.0,2.4,2.4714285714285715,42.0,0.5,41.333333333333336,41.17142857142857,3.6,0.20000000000000018,3.800000000000002,4.0,259.0,0.0,256.3333333333333,239.71428571428572,8.1,-0.09999999999999964,8.166666666666666,8.142857142857142,15.0,-1.0,15.533333333333337,15.685714285714287,8.5,0.09999999999999964,8.433333333333334,8.37142857142857,5.4,507,12.0,472.7142857142857,3.095937,3.090971666666667,3.0218149999999997,1796.3142857142866,984.2000000000005,0.0,0.0,0.0,0.0,0.0,0.014285714285714287,96.0,0.0,0.13079267585675922,-0.9914097417023038,0.49999999999999994,-0.8660254037844387
2025-06-25,2.3,-0.10000000000000009,2.3666666666666667,2.442857142857143,41.0,-1.0,41.5,41.24285714285714,4.6,0.9999999999999996,3.8666666666666685,4.1,264.0,5.0,260.6666666666667,245.14285714285714,8.1,0.0,8.133333333333333,8.142857142857142,14.3,-0.6999999999999993,15.100000000000003,15.6,8.7,0.1999999999999993,8.533333333333333,8.385714285714286,5.9,550,43.0,484.2857142857143,3.185833,3.1178120000000002,3.0461304285714284,1872.5714285714294,1020.8000000000005,0.0,0.0,0.0,0.0,0.0,0.014285714285714287,91.0,0.0,0.11371951458594969,-0.9935128947338007,0.49999999999999994,-0.8660254037844387
2025-06-26,2.3,0.0,2.333333333333333,2.414285714285714,42.0,1.0,41.666666666666664,41.37142857142857,3.9,-0.6999999999999997,4.033333333333334,4.085714285714285,263.0,-1.0,262.0,250.0,8.1,0.0,8.1,8.128571428571428,13.8,-0.5,14.366666666666669,15.271428571428572,8.8,0.10000000000000142,8.666666666666666,8.457142857142857,4.4,529,-21.0,495.85714285714283,3.141979,3.141249666666667,3.0710114285714285,1999.9571428571433,1060.7666666666669,0.0,0.0,0.0,0.0,0.0,0.005714285714285714,72.0,0.0,0.0966127018812031,-0.9953220513156602,0.49999999999999994,-0.8660254037844387
2025-06-27,2.2,-0.09999999999999964,2.2666666666666666,2.3428571428571425,41.0,-1.0,41.333333333333336,41.214285714285715,3.8,-0.10000000000000009,4.100000000000001,4.042857142857143,271.0,8.0,266.0,257.0,8.1,0.0,8.1,8.128571428571428,14.0,0.1999999999999993,14.033333333333337,14.971428571428572,8.7,-0.10000000000000142,8.733333333333333,8.528571428571428,4.5,538,9.0,514.1428571428571,3.160208,3.1626733333333337,3.1109817142857144,2107.985714285715,1111.1000000000004,0.0,0.0,0.0,0.19,0.06333333333333334,0.027142857142857142,73.0,0.0,0.07947729992362097,-0.9968366760893436,0.49999999999999994,-0.8660254037844387
2025-06-28,2.2,0.0,2.2333333333333334,2.314285714285714,41.0,0.0,41.333333333333336,41.285714285714285,3.7,-0.09999999999999964,3.800000000000001,3.9142857142857146,272.0,1.0,268.6666666666667,262.7142857142857,8.1,0.0,8.1,8.128571428571428,13.5,-0.5,13.766666666666671,14.6,8.8,0.10000000000000142,8.766666666666667,8.614285714285714,4.4,540,2.0,524.2857142857143,3.164375,3.1555206666666664,3.1321871428571426,1992.2857142857151,1033.6000000000004,0.0,0.0,0.0,0.0,0.06333333333333334,0.027142857142857142,76.0,0.0,0.062318379354325076,-0.998056320853012,0.49999999999999994,-0.8660254037844387
2025-06-29,2.1,-0.10000000000000009,2.1666666666666665,2.2714285714285714,40.5,-0.5,40.833333333333336,41.285714285714285,3.6,-0.10000000000000009,3.7000000000000015,3.8000000000000003,277.0,5.0,273.3333333333333,266.42857142857144,8.1,0.0,8.1,8.114285714285714,12.8,-0.6999999999999993,13.433333333333337,14.2,9.0,0.1999999999999993,8.833333333333334,8.700000000000001,4.5,537,-3.0,528.0,3.157812,3.1607983333333336,3.139687142857143,1953.6000000000008,1024.9000000000003,0.0,0.0,0.0,0.06,0.08333333333333333,0.03571428571428571,85.0,0.0,0.04514101777397193,-0.9989806246941579,0.49999999999999994,-0.8660254037844387
2025-06-30,2.1,0.0,2.1333333333333333,2.2285714285714286,40.0,-0.5,40.5,41.07142857142857,4.2,0.6000000000000001,3.8333333333333353,3.9142857142857146,280.0,3.0,276.3333333333333,269.42857142857144,8.1,0.0,8.1,8.1,12.8,0.0,13.033333333333337,13.742857142857144,9.0,0.0,8.933333333333334,8.785714285714286,5.0,566,29.0,538.1428571428571,3.212708,3.1782983333333337,3.159836,2062.880952380953,1073.333333333334,0.0,0.0,0.0,0.0,0.02,0.03571428571428571,87.0,0.0,0.02795029824021032,-0.999609314096404,0.49999999999999994,-0.8660254037844387
2025-07-01,2.1,0.0,2.1,2.185714285714286,41.1,1.1000000000000014,40.53333333333334,40.94285714285714,4.1,-0.10000000000000053,3.966666666666668,3.9857142857142853,279.0,-1.0,278.6666666666667,272.2857142857143,8.1,0.0,8.1,8.1,12.6,-0.20000000000000107,12.733333333333336,13.4,9.1,0.09999999999999964,9.033333333333333,8.87142857142857,6.6,582,16.0,548.8571428571429,3.238333,3.202951,3.180178285714286,2177.133333333334,1106.7000000000005,0.0,0.0,0.0,0.0,0.02,0.03571428571428571,90.0,0.0,0.01075130776352193,-0.9999422030204416,1.2246467991473532e-16,-1.0
2025-07-02,2.0,-0.10000000000000009,2.066666666666667,2.142857142857143,41.5,0.3999999999999986,40.86666666666667,41.01428571428572,5.0,0.9000000000000004,4.4333333333333345,4.042857142857143,287.0,8.0,282.0,275.57142857142856,8.1,0.0,8.1,8.1,13.3,0.7000000000000011,12.900000000000006,13.257142857142856,8.9,-0.1999999999999993,9.0,8.9,6.6,629,47.0,560.1428571428571,3.326979,3.2593400000000003,3.200342,2483.3000000000006,1272.366666666667,0.0,0.0,0.0,0.0,0.0,0.03571428571428571,82.0,0.0,-0.00645086419810515,-0.9999791929590823,1.2246467991473532e-16,-1.0
2025-07-03,2.0,0.0,2.033333333333333,2.1,41.0,-0.5,41.199999999999996,40.871428571428574,4.0,-1.0,4.366666666666668,4.057142857142857,289.0,2.0,285.0,279.2857142857143,8.2,0.09999999999999964,8.133333333333331,8.114285714285714,14.0,0.6999999999999993,13.300000000000002,13.285714285714286,8.7,-0.20000000000000107,8.9,8.885714285714286,5.0,617,-12.0,572.7142857142857,3.304062,3.2897913333333335,3.2234967142857145,2500.8523809523817,1261.9666666666672,0.0,0.0,0.0,0.0,0.0,0.03571428571428571,78.0,0.0,-0.023651127245231586,-0.9997202729664083,1.2246467991473532e-16,-1.0
2025-07-04,2.1,0.10000000000000009,2.033333333333333,2.085714285714286,42.6,1.6000000000000014,41.699999999999996,41.1,4.1,0.09999999999999964,4.366666666666668,4.1,291.0,2.0,289.0,282.14285714285717,8.1,-0.09999999999999964,8.133333333333333,8.114285714285714,14.5,0.5,13.933333333333337,13.357142857142858,8.6,-0.09999999999999964,8.733333333333334,8.871428571428572,5.0,623,6.0,584.8571428571429,3.315833,3.315624666666667,3.2457288571428573,2553.8761904761914,1270.7000000000005,0.0,0.0,0.0,0.0,0.0,0.008571428571428572,88.0,0.0,-0.04084439154329611,-0.9991655196610109,1.2246467991473532e-16,-1.0
2025-07-05,2.1,0.0,2.066666666666667,2.0714285714285716,42.2,-0.3999999999999986,41.93333333333334,41.271428571428565,3.6,-0.49999999999999956,3.9000000000000017,4.085714285714285,291.0,0.0,290.3333333333333,284.85714285714283,8.1,0.0,8.133333333333331,8.114285714285714,13.7,-0.8000000000000007,14.06666666666667,13.385714285714286,8.8,0.20000000000000107,8.700000000000001,8.87142857142857,4.6,615,-8.0,595.5714285714286,3.300833,3.3069093333333335,3.2652228571428568,2322.728571428572,1134.9000000000005,0.0,0.0,0.0,0.0,0.0,0.008571428571428572,89.0,0.0,-0.05802556932878035,-0.9983150972033183,1.2246467991473532e-16,-1.0
2025-07-06,2.0,-0.10000000000000009,2.066666666666667,2.0571428571428574,43.2,1.0,42.666666666666664,41.65714285714286,3.4,-0.20000000000000018,3.7000000000000015,4.057142857142858,293.0,2.0,291.6666666666667,287.14285714285717,8.1,0.0,8.1,8.114285714285714,13.3,-0.3999999999999986,13.833333333333337,13.457142857142857,8.9,0.09999999999999964,8.766666666666667,8.857142857142858,3.9,610,-5.0,606.0,3.29177,3.302812,3.2843597142857144,2242.2000000000007,1084.1000000000004,0.0,0.0,0.0,0.04,0.013333333333333334,0.005714285714285714,89.0,0.0,-0.07518957641475855,-0.9971692572470178,1.2246467991473532e-16,-1.0
2025-07-07,2.0,0.0,2.033333333333333,2.042857142857143,44.8,1.5999999999999943,43.400000000000006,42.34285714285714,3.0,-0.3999999999999999,3.3333333333333344,3.8857142857142857,293.0,0.0,292.3333333333333,289.0,8.2,0.09999999999999964,8.133333333333333,8.128571428571428,13.3,0.0,13.433333333333337,13.528571428571427,8.9,0.0,8.866666666666667,8.842857142857143,3.8,599,-11.0,610.7142857142857,3.269583,3.287395333333334,3.292484714285714,2035.7142857142862,976.666666666667,0.0,0.0,0.0,0.74,0.26,0.11142857142857143,82.0,0.0,-0.09233133369539122,-0.9957283388645872,1.2246467991473532e-16,-1.0
2025-07-08,2.0,0.0,2.0,2.0285714285714285,44.15,-0.6499999999999986,44.04999999999999,42.778571428571425,2.9,-0.10000000000000009,3.1000000000000014,3.7142857142857144,298.0,5.0,294.6666666666667,291.7142857142857,8.2,0.0,8.166666666666664,8.142857142857142,12.5,-0.8000000000000007,13.033333333333337,13.514285714285714,9.1,0.1999999999999993,8.966666666666667,8.842857142857143,3.4,597,-2.0,612.8571428571429,3.266875,3.2760759999999998,3.296562142857143,1899.8571428571438,923.8000000000004,0.0,0.0,0.0,0.02,0.26666666666666666,0.1142857142857143,86.0,0.0,-0.10944576864891556,-0.993992768446958,1.2246467991473532e-16,-1.0
2025-07-09,2.0,0.0,2.0,2.0285714285714285,44.5,0.3500000000000014,44.48333333333333,43.207142857142856,3.4,0.5,3.1000000000000014,3.4857142857142853,303.0,5.0,298.0,294.0,8.2,0.0,8.2,8.157142857142857,12.9,0.40000000000000036,12.900000000000004,13.457142857142857,9.0,-0.09999999999999964,9.0,8.857142857142858,6.1,646,49.0,615.2857142857143,3.356979,3.2978123333333333,3.300847857142857,1907.3857142857153,939.3000000000004,0.0,0.0,0.0,0.0,0.25333333333333335,0.1142857142857143,87.0,0.0,-0.12652781683868314,-0.9919630595773397,1.2246467991473532e-16,-1.0
2025-07-10,2.0,0.0,2.0,2.0285714285714285,46.0,1.5,44.883333333333326,43.92142857142857,3.5,0.10000000000000009,3.266666666666668,3.414285714285714,314.0,11.0,305.0,297.57142857142856,8.2,0.0,8.2,8.157142857142857,13.3,0.40000000000000036,12.900000000000004,13.357142857142858,8.9,-0.09999999999999964,9.0,8.885714285714286,5.1,732,86.0,631.7142857142857,3.507812,3.3772219999999997,3.3299550000000004,2063.600000000001,1025.7333333333338,0.0,0.0,0.0,0.0,0.006666666666666667,0.1142857142857143,87.0,0.0,-0.1435724234118113,-0.9896398128792412,1.2246467991473532e-16,-1.0
2025-07-11,2.0,0.0,2.0,2.0142857142857142,47.0,1.0,45.833333333333336,44.55,3.2,-0.2999999999999998,3.3666666666666685,3.2857142857142856,314.0,0.0,310.3333333333333,300.85714285714283,8.2,0.0,8.2,8.17142857142857,12.4,-0.9000000000000004,12.866666666666669,13.057142857142859,9.1,0.1999999999999993,9.0,8.957142857142857,3.6,734,2.0,647.5714285714286,3.512187,3.4589926666666666,3.358005571428571,2180.1571428571438,1057.133333333334,0.0,0.0,0.0,0.0,0.0,0.1142857142857143,89.0,0.0,-0.16057454459499376,-0.9870237158387383,1.2246467991473532e-16,-1.0
2025-07-12,2.1,0.10000000000000009,2.033333333333333,2.0142857142857147,48.0,1.0,47.0,45.378571428571426,3.4,0.19999999999999973,3.3666666666666685,3.257142857142857,314.0,0.0,314.0,304.14285714285717,8.2,0.0,8.2,8.185714285714285,12.7,0.29999999999999893,12.800000000000004,12.914285714285715,9.0,-0.09999999999999964,9.0,8.985714285714286,4.8,641,-93.0,651.2857142857143,3.347291,3.4557633333333335,3.364642428571429,2192.661904761906,1057.133333333334,0.0,0.0,0.0,0.0,0.0,0.1142857142857143,94.0,0.0,-0.17752914918703497,-0.984115542601034,1.2246467991473532e-16,-1.0
2025-07-13,2.2,0.10000000000000009,2.1,2.042857142857143,48.0,0.0,47.666666666666664,46.06428571428571,2.9,-0.5,3.166666666666668,3.1857142857142855,307.0,-7.0,311.6666666666667,306.14285714285717,8.3,0.10000000000000142,8.233333333333333,8.214285714285714,14.6,1.9000000000000004,13.233333333333336,13.1,8.7,-0.3000000000000007,8.933333333333334,8.957142857142857,3.7,528,-113.0,639.5714285714286,3.127708,3.329062,3.341205,2025.3095238095245,972.1666666666671,0.0,0.0,0.0,0.0,0.0,0.10857142857142857,88.0,0.0,-0.19443122004766195,-0.9809161537413774,1.2246467991473532e-16,-1.0
2025-07-14,2.1,-0.10000000000000009,2.1333333333333333,2.0571428571428574,53.0,5.0,49.666666666666664,47.23571428571428,3.0,0.10000000000000009,3.1000000000000014,3.1857142857142855,310.0,3.0,310.3333333333333,308.57142857142856,8.3,0.0,8.266666666666666,8.228571428571428,13.5,-1.0999999999999996,13.600000000000003,13.12857142857143,8.9,0.20000000000000107,8.866666666666667,8.957142857142857,4.7,623,95.0,643.0,3.315208,3.2634023333333335,3.3477228571428577,1993.3000000000009,961.0000000000005,0.0,0.0,0.0,0.09,0.03,0.015714285714285715,82.0,0.0,-0.2112757555821793,-0.9774264960104055,1.2246467991473532e-16,-1.0
2025-07-15,2.1,0.0,2.1333333333333333,2.0714285714285716,54.5,1.5,51.833333333333336,48.714285714285715,2.6,-0.3999999999999999,2.8333333333333344,3.142857142857143,314.0,4.0,310.3333333333333,310.85714285714283,8.3,0.0,8.3,8.242857142857142,12.7,-0.8000000000000007,13.600000000000003,13.157142857142858,9.0,0.09999999999999964,8.866666666666667,8.942857142857141,3.2,632,9.0,648.0,3.331979,3.2582983333333337,3.3570234285714284,1836.0000000000007,889.666666666667,0.0,0.0,0.0,0.0,0.03,0.012857142857142857,78.0,0.0,-0.2280577712215198,-0.9736476020539838,1.2246467991473532e-16,-1.0
2025-07-16,2.0,-0.10000000000000009,2.0666666666666664,2.0714285714285716,55.0,0.5,54.166666666666664,50.214285714285715,2.2,-0.3999999999999999,2.6000000000000014,2.9714285714285715,313.0,-1.0,312.3333333333333,312.2857142857143,8.3,0.0,8.3,8.257142857142856,12.4,-0.29999999999999893,12.866666666666669,13.085714285714285,9.1,0.09999999999999964,9.0,8.957142857142857,2.8,592,-40.0,640.2857142857143,3.257187,3.3014580000000002,3.3427674285714284,1664.7428571428582,813.8000000000004,0.0,0.0,0.0,0.0,0.03,0.012857142857142857,88.0,0.0,-0.24477230089725957,-0.9695805901076308,1.2246467991473532e-16,-1.0
2025-07-17,2.2,0.20000000000000018,2.1,2.1,57.5,2.5,55.666666666666664,51.857142857142854,2.4,0.19999999999999973,2.4000000000000017,2.814285714285714,308.0,-5.0,311.6666666666667,311.42857142857144,8.3,0.0,8.3,8.27142857142857,13.7,1.299999999999999,12.933333333333337,13.142857142857142,8.8,-0.29999999999999893,8.966666666666667,8.942857142857141,9.0,545,-47.0,613.5714285714286,3.165833,3.251666333333333,3.2939132857142854,1472.5714285714296,739.2000000000005,0.0,0.0,0.0,0.0,0.0,0.012857142857142857,89.0,0.0,-0.2614143985111562,-0.965226663665613,1.2246467991473532e-16,-1.0
2025-07-18,2.2,0.0,2.1333333333333333,2.128571428571429,55.2,-2.299999999999997,55.9,53.02857142857143,2.1,-0.2999999999999998,2.2333333333333347,2.657142857142857,311.0,3.0,310.6666666666667,311.0,8.3,0.0,8.3,8.285714285714286,13.5,-0.1999999999999993,13.200000000000003,13.299999999999999,8.8,0.0,8.9,8.9,2.6,535,-10.0,585.1428571428571,3.144895,3.1893049999999996,3.2414430000000003,1306.8190476190484,694.5666666666671,0.0,0.0,0.0,0.09,0.03,0.025714285714285714,91.0,0.0,-0.2779791393987801,-0.9605871111248129,1.2246467991473532e-16,-1.0
2025-07-19,2.2,0.0,2.2,2.142857142857143,56.3,1.0999999999999943,56.333333333333336,54.214285714285715,2.1,0.0,2.2000000000000015,2.4714285714285715,311.0,0.0,310.0,310.57142857142856,8.3,0.0,8.3,8.3,13.8,0.3000000000000007,13.666666666666671,13.457142857142856,8.8,0.0,8.8,8.87142857142857,2.4,535,0.0,570.0,3.143854,3.1515273333333336,3.212380571428571,1254.000000000001,684.2000000000005,0.0,0.0,0.0,0.0,0.03,0.025714285714285714,75.0,0.0,-0.2944616217868012,-0.9556633054034704,1.2246467991473532e-16,-1.0
2025-07-20,2.1,-0.10000000000000009,2.1666666666666665,2.1285714285714286,56.8,0.5,56.1,55.471428571428575,2.3,0.19999999999999973,2.1666666666666683,2.3857142857142857,308.0,-3.0,310.0,310.7142857142857,8.3,0.0,8.3,8.3,13.9,0.09999999999999964,13.733333333333336,13.357142857142858,8.8,0.0,8.8,8.885714285714286,2.6,536,1.0,571.1428571428571,3.146979,3.145242666666667,3.2151335714285714,1237.4761904761913,667.3333333333338,0.0,0.0,0.0,0.24,0.10999999999999999,0.06,85.0,0.0,-0.3108569682435036,-0.9504567035349151,1.2246467991473532e-16,-1.0
2025-07-21,2.1,0.0,2.1333333333333333,2.128571428571429,56.0,-0.7999999999999972,56.36666666666667,55.9,2.2,-0.09999999999999964,2.2000000000000015,2.2714285714285714,300.0,-8.0,306.3333333333333,309.2857142857143,8.3,0.0,8.3,8.3,13.2,-0.7000000000000011,13.633333333333338,13.314285714285715,8.9,0.09999999999999964,8.833333333333334,8.885714285714286,2.6,538,2.0,559.0,3.149791,3.1468746666666667,3.1915025714285714,1229.8000000000009,660.0000000000005,0.0,0.0,0.0,0.0,0.08,0.04714285714285714,89.0,0.0,-0.3271603271220951,-0.9449688462364056,1.2246467991473532e-16,-1.0
2025-07-22,2.1,0.0,2.1,2.1285714285714286,57.0,1.0,56.6,56.25714285714286,2.2,0.0,2.2333333333333347,2.2142857142857144,,,304.0,308.5,8.3,0.0,8.3,8.3,13.3,0.10000000000000142,13.46666666666667,13.4,8.9,0.0,8.866666666666667,8.871428571428572,3.6,553,15.0,547.7142857142857,3.180312,3.159027333333333,3.169835857142857,1223.2285714285722,,0.0,0.0,0.0,0.0,0.08,0.04714285714285714,89.0,0.0,-0.34336687399638804,-0.939201357453208,1.2246467991473532e-16,-1.0
2025-07-23,2.1,0.0,2.1,2.1428571428571432,58.0,1.0,57.0,56.68571428571429,3.5,1.2999999999999998,2.633333333333335,2.4,,,,307.6,8.3,0.0,8.3,8.3,13.4,0.09999999999999964,13.300000000000004,13.542857142857144,8.9,0.0,8.9,8.842857142857143,4.6,643,90.0,555.0,3.3525,3.2275343333333333,3.183452,1461.500000000001,,0.0,0.0,0.0,0.0,0.0,0.04714285714285714,88.0,0.0,-0.3594718130884232,-0.9331559438780432,1.2246467991473532e-16,-1.0
2025-07-24,2.2,0.10000000000000009,2.1333333333333333,2.142857142857143,55.5,-2.5,56.833333333333336,56.4,2.8,-0.7000000000000002,2.8333333333333344,2.4571428571428577,,,,307.5,8.3,0.0,8.3,8.3,12.4,-1.0,13.033333333333337,13.357142857142858,9.1,0.1999999999999993,8.966666666666667,8.885714285714286,4.0,616,-27.0,565.1428571428571,3.303333,3.2787149999999996,3.2030948571428572,1601.2380952380956,,0.0,0.0,0.0,0.0,0.0,0.04714285714285714,90.0,0.0,-0.3754703786876202,-0.9268343944460494,1.2246467991473532e-16,-1.0
2025-07-25,2.1,-0.10000000000000009,2.1333333333333333,2.128571428571429,58.5,3.0,57.333333333333336,56.871428571428574,2.9,0.10000000000000009,3.066666666666668,2.5714285714285716,,,,,8.3,0.0,8.3,8.3,12.8,0.40000000000000036,12.866666666666672,13.257142857142858,9.0,-0.09999999999999964,9.0,8.914285714285715,18.4,618,2.0,577.0,3.306562,3.3207983333333337,3.2261901428571425,1769.4666666666676,,0.0,0.0,0.0,0.2,0.06666666666666667,0.06285714285714286,86.0,0.0,-0.3913578365610259,-0.9202385798054075,1.2246467991473532e-16,-1.0
2025-07-26,2.1,0.0,2.1333333333333333,2.1142857142857143,57.5,-1.0,57.166666666666664,57.042857142857144,2.5,-0.3999999999999999,2.7333333333333347,2.6285714285714286,317.0,,,,8.4,0.09999999999999964,8.333333333333334,8.314285714285715,13.4,0.5999999999999996,12.866666666666669,13.2,8.9,-0.09999999999999964,9.0,8.928571428571429,3.1,602,-16.0,586.5714285714286,3.27677,3.295555,3.2451781428571427,1603.2952380952388,866.4666666666672,0.0,0.0,0.0,0.0,0.06666666666666667,0.06285714285714286,78.0,0.0,-0.4071294853542516,-0.9133704517637858,1.2246467991473532e-16,-1.0
2025-07-27,2.2,0.10000000000000009,2.1333333333333333,2.128571428571429,59.0,1.5,58.333333333333336,57.357142857142854,2.3,-0.20000000000000018,2.566666666666668,2.6285714285714286,320.0,3.0,318.5,,8.4,0.0,8.366666666666667,8.328571428571431,14.0,0.5999999999999996,13.400000000000006,13.214285714285714,8.8,-0.09999999999999964,8.9,8.928571428571429,2.6,587,-15.0,593.8571428571429,3.247395,3.276909,3.2595232857142853,1524.2333333333343,821.3333333333338,0.0,0.0,0.0,0.0,0.06666666666666667,0.028571428571428574,80.0,0.0,-0.4227806579826773,-0.9062320427107697,1.2246467991473532e-16,-1.0
2025-07-28,2.2,0.0,2.1666666666666665,2.142857142857143,59.0,0.0,58.5,57.785714285714285,2.2,-0.09999999999999964,2.3333333333333344,2.6285714285714286,323.0,3.0,320.0,,8.4,0.0,8.4,8.342857142857143,13.8,-0.1999999999999993,13.733333333333336,13.299999999999999,8.8,0.0,8.833333333333334,8.914285714285715,2.6,585,-2.0,600.5714285714286,3.243125,3.255763333333334,3.2728567142857146,1401.333333333334,753.666666666667,0.0,0.0,0.0,0.09,0.03,0.04142857142857143,87.0,0.0,-0.4383067230125192,-0.898825465016444,1.2246467991473532e-16,-1.0
2025-07-29,2.4,0.19999999999999973,2.266666666666667,2.185714285714286,60.8,1.7999999999999972,59.6,58.32857142857143,2.4,0.19999999999999973,2.300000000000001,2.6571428571428575,325.0,2.0,322.6666666666667,321.25,8.4,0.0,8.4,8.357142857142858,12.6,-1.200000000000001,13.46666666666667,13.200000000000001,9.1,0.29999999999999893,8.9,8.942857142857141,2.8,629,44.0,611.4285714285714,3.326562,3.2723606666666663,3.293749571428571,1406.2857142857151,747.5000000000003,0.0,0.0,0.0,0.0,0.03,0.04142857142857143,90.0,0.0,-0.45370308603134424,-0.8911529104063088,1.2246467991473532e-16,-1.0
2025-07-30,2.4,0.0,2.3333333333333335,2.2285714285714286,60.4,-0.3999999999999986,60.06666666666666,58.67142857142857,2.4,0.0,2.3333333333333353,2.5,322.0,-3.0,323.3333333333333,321.4,8.3,-0.09999999999999964,8.366666666666667,8.357142857142858,12.0,-0.5999999999999996,12.800000000000004,13.0,9.2,0.09999999999999964,9.033333333333333,8.985714285714286,8.7,640,11.0,611.0,3.346145,3.305277333333333,3.2928417142857143,1425.6666666666679,751.3333333333339,0.0,0.0,0.0,0.0,0.03,0.04142857142857143,94.0,0.0,-0.46896519100763184,-0.8832166493127127,1.2246467991473532e-16,-1.0
2025-07-31,2.2,-0.19999999999999973,2.3333333333333335,2.2285714285714286,60.5,0.10000000000000142,60.56666666666666,59.385714285714286,3.2,0.8000000000000003,2.666666666666668,2.557142857142857,316.0,-6.0,321.0,320.5,8.3,0.0,8.333333333333334,8.357142857142858,11.8,-0.1999999999999993,12.133333333333338,12.914285714285715,9.3,0.10000000000000142,9.2,9.014285714285714,23.3,655,15.0,616.5714285714286,3.373854,3.348853666666667,3.3029161428571427,1644.1904761904768,842.6666666666671,0.0,0.0,0.0,0.0,0.0,0.04142857142857143,94.0,0.0,-0.48408852163897587,-0.8750190302029955,1.2246467991473532e-16,-1.0
2025-08-01,2.2,0.0,2.266666666666667,2.242857142857143,62.0,1.5,60.96666666666667,59.885714285714286,2.6,-0.6000000000000001,2.7333333333333347,2.5142857142857147,318.0,2.0,318.6666666666667,320.14285714285717,8.4,0.09999999999999964,8.333333333333334,8.371428571428572,12.2,0.3999999999999986,12.000000000000002,12.828571428571427,9.2,-0.10000000000000142,9.233333333333333,9.042857142857143,3.0,646,-9.0,620.5714285714286,3.358125,3.359374666666667,3.310282285714286,1696.2285714285722,869.2000000000004,0.0,0.0,0.0,0.03,0.01,0.017142857142857144,75.0,0.0,-0.4990686026885319,-0.8665624788845385,-0.4999999999999997,-0.8660254037844388
2025-08-02,2.4,0.19999999999999973,2.2666666666666666,2.2857142857142856,63.5,1.5,62.0,60.74285714285714,2.5,-0.10000000000000009,2.766666666666668,2.5142857142857147,322.0,4.0,318.6666666666667,320.85714285714283,8.4,0.0,8.366666666666667,8.371428571428572,12.0,-0.1999999999999993,12.000000000000002,12.62857142857143,9.3,0.10000000000000142,9.266666666666667,9.1,3.0,635,-11.0,625.2857142857143,3.338541,3.35684,3.319106714285714,1729.9571428571437,890.8666666666671,0.0,0.0,0.0,0.03,0.02,0.02142857142857143,76.0,0.0,-0.5139010013093103,-0.8578494977869301,-0.4999999999999997,-0.8660254037844388
2025-08-03,2.3,-0.10000000000000009,2.3,2.3000000000000003,64.5,1.0,63.333333333333336,61.528571428571425,2.3,-0.20000000000000018,2.466666666666668,2.5142857142857147,323.0,1.0,321.0,321.2857142857143,8.3,-0.09999999999999964,8.366666666666667,8.357142857142858,13.0,1.0,12.400000000000004,12.485714285714286,9.0,-0.3000000000000007,9.166666666666666,9.12857142857143,2.6,630,-5.0,631.4285714285714,3.327916,3.3415273333333335,3.3306097142857145,1557.5238095238105,796.7333333333338,0.0,0.0,0.0,0.04,0.03333333333333333,0.027142857142857142,84.0,0.0,-0.5285813283559292,-0.8488826652214553,-0.4999999999999997,-0.8660254037844388
2025-08-04,2.2,-0.09999999999999964,2.3,2.3000000000000003,63.0,-1.5,63.666666666666664,62.1,2.2,-0.09999999999999964,2.333333333333335,2.5142857142857147,324.0,1.0,323.0,321.42857142857144,8.4,0.09999999999999964,8.366666666666667,8.357142857142858,12.9,-0.09999999999999964,12.633333333333335,12.357142857142858,9.0,0.0,9.1,9.157142857142857,2.6,620,-10.0,636.4285714285714,3.309583,3.325346666666667,3.340103714285714,1485.000000000001,756.0000000000005,0.0,0.0,0.0,0.05,0.04,0.02142857142857143,83.0,0.0,-0.5431052396834317,-0.8396646346181327,-0.4999999999999997,-0.8660254037844388
2025-08-05,2.3,0.09999999999999964,2.2666666666666666,2.2857142857142856,61.75,-1.25,63.083333333333336,62.23571428571428,2.2,0.0,2.2333333333333347,2.485714285714286,327.0,3.0,324.6666666666667,321.7142857142857,8.4,0.0,8.366666666666667,8.357142857142858,12.6,-0.3000000000000007,12.833333333333336,12.357142857142858,9.1,0.09999999999999964,9.033333333333333,9.157142857142858,3.2,631,11.0,636.7142857142857,3.329375,3.3222913333333337,3.3405055714285714,1421.9952380952388,730.3000000000004,0.0,0.0,0.0,0.2,0.09666666666666668,0.049999999999999996,85.0,0.0,-0.5574684374327892,-0.8301981337405212,-0.4999999999999997,-0.8660254037844388
2025-08-06,2.4,0.10000000000000009,2.3000000000000003,2.2857142857142856,61.4,-0.3500000000000014,62.050000000000004,62.378571428571426,2.9,0.6999999999999997,2.433333333333335,2.5571428571428574,332.0,5.0,327.6666666666667,323.14285714285717,8.4,0.0,8.4,8.371428571428572,11.1,-1.5,12.200000000000003,12.228571428571428,9.4,0.3000000000000007,9.166666666666666,9.185714285714285,3.7,702,71.0,645.5714285714286,3.45625,3.365069333333333,3.3562348571428573,1570.890476190477,807.8666666666672,0.0,0.0,0.0,0.0,0.08333333333333333,0.049999999999999996,85.0,0.0,-0.5716666713027052,-0.8204859638785327,-0.4999999999999997,-0.8660254037844388
2025-08-07,2.2,-0.19999999999999973,2.3000000000000003,2.2857142857142856,67.5,6.100000000000001,63.550000000000004,63.378571428571426,2.5,-0.3999999999999999,2.533333333333335,2.457142857142857,331.0,-1.0,330.0,325.2857142857143,8.4,0.0,8.4,8.385714285714286,11.9,0.8000000000000007,11.866666666666669,12.242857142857144,9.2,-0.20000000000000107,9.233333333333333,9.171428571428573,3.0,699,-3.0,651.8571428571429,3.45177,3.4124649999999996,3.3673657142857145,1651.3714285714298,838.5333333333339,0.0,0.0,0.0,0.0,0.06666666666666667,0.049999999999999996,92.0,0.0,-0.5856957398073508,-0.8105309990194823,-0.4999999999999997,-0.8660254037844388
2025-08-08,2.3,0.09999999999999964,2.3000000000000003,2.3000000000000003,65.0,-2.5,64.63333333333334,63.80714285714286,2.6,0.10000000000000009,2.666666666666668,2.457142857142857,332.0,1.0,331.6666666666667,327.2857142857143,8.4,0.0,8.4,8.385714285714286,12.1,0.1999999999999993,11.700000000000003,12.228571428571428,9.1,-0.09999999999999964,9.233333333333334,9.157142857142857,3.0,707,8.0,660.5714285714286,3.464895,3.457638333333333,3.3826185714285715,1761.5238095238103,885.3333333333337,0.0,0.0,0.0,0.0,0.0,0.04571428571428571,93.0,0.0,-0.5995514915196489,-0.8003361849976323,-0.4999999999999997,-0.8660254037844388
2025-08-09,2.4,0.10000000000000009,2.3,2.3000000000000003,63.5,-1.5,65.33333333333333,63.80714285714286,2.8,0.19999999999999973,2.6333333333333346,2.5,331.0,-1.0,331.3333333333333,328.57142857142856,8.4,0.0,8.4,8.385714285714286,12.2,0.09999999999999964,12.06666666666667,12.257142857142856,9.2,0.09999999999999964,9.166666666666666,9.142857142857142,3.1,732,25.0,674.4285714285714,3.507604,3.474756333333333,3.4067704285714284,1775.995238095239,871.6333333333338,0.0,0.0,0.0,0.0,0.0,0.04142857142857143,92.0,0.0,-0.6132298262997502,-0.7899045386224707,-0.4999999999999997,-0.8660254037844388
2025-08-10,2.4,0.0,2.3666666666666667,2.314285714285714,64.0,0.5,64.16666666666667,63.73571428571428,2.6,-0.19999999999999973,2.666666666666668,2.542857142857143,330.0,-1.0,331.0,329.57142857142856,8.3,-0.09999999999999964,8.366666666666667,8.385714285714286,11.7,-0.5,12.000000000000005,12.071428571428571,9.3,0.10000000000000142,9.200000000000001,9.185714285714285,3.0,734,2.0,689.2857142857143,3.512187,3.4948953333333335,3.4330948571428572,1838.095238095239,880.0000000000003,0.0,0.0,0.0,0.0,0.0,0.03571428571428571,96.0,0.0,-0.6267266965083301,-0.7792391467859886,-0.4999999999999997,-0.8660254037844388
2025-08-11,2.4,0.0,2.4,2.3428571428571425,65.0,1.0,64.16666666666667,64.02142857142857,2.4,-0.20000000000000018,2.6000000000000014,2.5714285714285716,335.0,5.0,332.0,331.14285714285717,8.3,0.0,8.333333333333334,8.371428571428572,11.8,0.10000000000000142,11.900000000000004,11.914285714285713,9.3,0.0,9.266666666666666,9.22857142857143,2.9,718,-16.0,703.2857142857143,3.483125,3.5009719999999995,3.4578865714285714,1828.5428571428583,871.0000000000005,0.0,0.0,0.0,0.0,0.0,0.028571428571428574,95.0,0.0,-0.6400381082043503,-0.7683431655492202,-0.4999999999999997,-0.8660254037844388
2025-08-12,2.3,-0.10000000000000009,2.3666666666666667,2.3428571428571425,64.0,-1.0,64.33333333333333,64.34285714285714,2.3,-0.10000000000000009,2.433333333333335,2.585714285714286,336.0,1.0,333.6666666666667,332.42857142857144,8.4,0.09999999999999964,8.333333333333334,8.371428571428572,12.3,0.5,11.933333333333337,11.87142857142857,9.2,-0.10000000000000142,9.266666666666667,9.242857142857144,2.7,691,-27.0,711.8571428571429,3.435208,3.4768399999999997,3.4730055714285717,1732.1857142857154,817.6000000000005,0.0,0.0,0.0,0.0,0.0,0.0,86.0,0.0,-0.65316012232693,-0.7572198192083127,-0.4999999999999997,-0.8660254037844388
2025-08-13,2.3,0.0,2.333333333333333,2.3285714285714287,63.0,-1.0,64.0,64.57142857142857,2.0,-0.2999999999999998,2.2333333333333347,2.457142857142857,335.0,-1.0,335.3333333333333,332.85714285714283,8.4,0.0,8.366666666666667,8.371428571428572,12.7,0.3999999999999986,12.266666666666671,12.1,9.0,-0.1999999999999993,9.166666666666666,9.185714285714285,2.3,617,-74.0,699.7142857142857,3.294791,3.404374666666667,3.4499400000000002,1562.695238095239,748.1666666666671,0.0,0.0,0.0,0.0,0.0,0.0,75.0,0.0,-0.666088855860977,-0.7458723993404063,-0.4999999999999997,-0.8660254037844388
2025-08-14,2.3,0.0,2.3,2.3428571428571425,64.5,1.5,63.833333333333336,64.14285714285714,1.9,-0.10000000000000009,2.066666666666668,2.3714285714285714,335.0,0.0,335.3333333333333,333.42857142857144,8.3,-0.09999999999999964,8.366666666666667,8.357142857142858,12.1,-0.5999999999999996,12.366666666666669,12.128571428571428,9.1,0.09999999999999964,9.1,9.171428571428573,2.3,619,2.0,688.2857142857143,3.2875,3.3391663333333335,3.426472857142857,1422.457142857144,692.3333333333338,0.0,0.0,0.0,0.0,0.0,0.0,81.0,0.0,-0.6788204829862355,-0.734304263829602,-0.4999999999999997,-0.8660254037844388
2025-08-15,2.3,0.0,2.3,2.3428571428571425,65.5,1.0,64.33333333333333,64.21428571428571,1.9,0.0,1.9333333333333347,2.2714285714285714,336.0,1.0,335.3333333333333,334.0,8.2,-0.10000000000000142,8.299999999999999,8.32857142857143,11.7,-0.40000000000000036,12.16666666666667,12.071428571428571,9.2,0.09999999999999964,9.1,9.185714285714285,2.1,618,-1.0,675.5714285714286,3.285729,3.2893399999999997,3.400877714285714,1306.1047619047629,649.6000000000005,0.0,0.0,0.0,0.0,0.0,0.0,86.0,0.0,-0.6913512362094071,-0.722518835873311,-0.4999999999999997,-0.8660254037844388
2025-08-16,2.2,-0.09999999999999964,2.2666666666666666,2.314285714285714,63.8,-1.7000000000000028,64.60000000000001,64.25714285714285,2.0,0.10000000000000009,1.9333333333333347,2.157142857142857,336.0,0.0,335.6666666666667,334.7142857142857,8.2,0.0,8.233333333333333,8.3,12.1,0.40000000000000036,11.966666666666669,12.057142857142859,9.2,0.0,9.166666666666666,9.185714285714285,2.6,635,17.0,661.7142857142857,3.31677,3.296666333333333,3.3736157142857146,1279.3142857142866,649.6000000000005,0.0,0.0,0.0,0.0,0.0,0.0,93.0,0.0,-0.7036774074790128,-0.7105196029692745,-0.4999999999999997,-0.8660254037844388
2025-08-17,2.2,0.0,2.2333333333333334,2.2857142857142856,63.1,-0.6999999999999957,64.13333333333334,64.12857142857142,2.3,0.2999999999999998,2.066666666666668,2.1142857142857143,336.0,0.0,336.0,335.57142857142856,8.2,0.0,8.2,8.285714285714286,12.6,0.5,12.133333333333335,12.185714285714285,9.1,-0.09999999999999964,9.166666666666666,9.157142857142857,2.7,679,44.0,653.8571428571429,3.395833,3.332777333333334,3.3569937142857142,1351.304761904763,694.4000000000005,0.0,0.0,0.0,0.0,0.0,0.0,93.0,0.0,-0.7157953492826642,-0.6983101158835584,-0.4999999999999997,-0.8660254037844388
2025-08-18,2.2,0.0,2.2,2.257142857142857,64.5,1.3999999999999986,63.800000000000004,64.05714285714285,2.4,0.10000000000000009,2.2333333333333347,2.1142857142857143,337.0,1.0,336.3333333333333,335.85714285714283,8.2,0.0,8.2,8.271428571428572,12.8,0.20000000000000107,12.500000000000005,12.328571428571427,9.0,-0.09999999999999964,9.1,9.114285714285714,6.5,677,-2.0,648.0,3.392812,3.3684716666666668,3.344091857142857,1447.200000000001,752.6333333333338,0.0,0.0,0.0,0.0,0.0,0.0,90.0,0.0,-0.7277014757264236,-0.6858939875998223,-0.4999999999999997,-0.8660254037844388
2025-08-19,2.2,0.0,2.2,2.242857142857143,65.5,1.0,64.36666666666667,64.27142857142857,2.2,-0.19999999999999973,2.3000000000000016,2.1,338.0,1.0,337.0,336.14285714285717,8.2,0.0,8.2,8.242857142857142,12.8,0.0,12.733333333333336,12.4,9.1,0.09999999999999964,9.066666666666666,9.1,2.6,669,-8.0,644.8571428571429,3.378958,3.389201,3.3360561428571427,1483.1714285714297,777.4000000000005,0.0,0.0,0.0,0.88,0.29333333333333333,0.12571428571428572,88.0,0.0,-0.7393922635959241,-0.673274892250183,-0.4999999999999997,-0.8660254037844388
2025-08-20,2.2,0.0,2.2,2.2285714285714286,64.5,-1.0,64.83333333333333,64.48571428571428,2.1,-0.10000000000000009,2.2333333333333347,2.1142857142857143,338.0,0.0,337.6666666666667,336.57142857142856,8.2,0.0,8.2,8.214285714285714,13.3,0.5,12.96666666666667,12.485714285714286,9.0,-0.09999999999999964,9.033333333333333,9.1,2.7,668,-1.0,652.1428571428571,3.3775,3.3830899999999997,3.347871714285714,1456.4523809523819,754.8666666666671,0.0,0.0,0.0,0.0,0.29333333333333333,0.12571428571428572,88.0,0.0,-0.7508642533989489,-0.6604565640279754,-0.4999999999999997,-0.8660254037844388
2025-08-21,2.3,0.09999999999999964,2.2333333333333334,2.2285714285714286,65.0,0.5,65.0,64.55714285714285,2.4,0.2999999999999998,2.2333333333333347,2.185714285714286,336.0,-2.0,337.3333333333333,336.7142857142857,8.4,0.20000000000000107,8.266666666666666,8.22857142857143,13.4,0.09999999999999964,13.166666666666671,12.671428571428573,8.9,-0.09999999999999964,9.0,9.071428571428571,2.9,713,45.0,665.5714285714286,3.455104,3.4038540000000004,3.3718151428571432,1486.442857142858,750.4000000000004,0.0,0.0,0.0,0.0,0.29333333333333333,0.12571428571428572,86.0,0.0,-0.7621140503891487,-0.6474427960827475,-0.4999999999999997,-0.8660254037844388
2025-08-22,2.2,-0.09999999999999964,2.2333333333333334,2.2142857142857144,66.0,1.0,65.16666666666667,64.62857142857142,2.2,-0.19999999999999973,2.2333333333333347,2.2285714285714286,335.0,-1.0,336.3333333333333,336.57142857142856,8.2,-0.20000000000000107,8.266666666666666,8.228571428571428,12.6,-0.8000000000000007,13.100000000000003,12.8,9.1,0.1999999999999993,9.0,9.057142857142857,2.5,707,-6.0,678.2857142857143,3.444895,3.4258329999999995,3.3945531428571427,1514.8380952380962,748.1666666666671,0.0,0.0,0.0,0.0,0.0,0.12571428571428572,86.0,0.0,-0.7731383255706026,-0.6342374393978054,-0.4999999999999997,-0.8660254037844388
2025-08-23,2.3,0.09999999999999964,2.2666666666666666,2.2285714285714286,66.0,0.0,65.66666666666667,64.94285714285715,2.7,0.5,2.433333333333335,2.3285714285714287,323.0,-12.0,331.3333333333333,334.7142857142857,8.2,0.0,8.266666666666666,8.228571428571428,13.2,0.5999999999999996,13.06666666666667,12.957142857142856,9.0,-0.09999999999999964,9.0,9.028571428571428,14.3,685,-22.0,685.4285714285714,3.406666,3.4355550000000004,3.4073954285714287,1667.8761904761916,785.9666666666672,0.0,0.0,0.0,0.0,0.0,0.12571428571428572,92.0,0.0,-0.7839338166829201,-0.620844401650647,-0.4999999999999997,-0.8660254037844388
2025-08-24,2.3,0.0,2.2666666666666666,2.242857142857143,67.5,1.5,66.5,65.57142857142857,4.9,2.2,3.266666666666668,2.6999999999999997,316.0,-7.0,324.6666666666667,331.85714285714283,8.2,0.0,8.2,8.228571428571428,12.9,-0.29999999999999893,12.900000000000004,13.0,9.0,0.0,9.033333333333333,9.014285714285714,36.5,662,-23.0,683.0,3.364791,3.405450666666667,3.4029608571428573,2231.133333333334,1032.266666666667,0.0,0.0,0.0,0.0,0.0,0.12571428571428572,92.0,0.0,-0.7944973291665992,-0.6072676460566135,-0.4999999999999997,-0.8660254037844388
2025-08-25,2.3,0.0,2.3,2.257142857142857,65.4,-2.0999999999999943,66.30000000000001,65.7,4.2,-0.7000000000000002,3.933333333333335,2.9571428571428577,313.0,-3.0,317.3333333333333,328.42857142857144,8.2,0.0,8.2,8.228571428571428,12.5,-0.40000000000000036,12.866666666666669,12.957142857142857,9.1,0.09999999999999964,9.033333333333333,9.028571428571428,8.9,639,-23.0,677.5714285714286,3.325104,3.365520333333333,3.3932882857142856,2665.114285714287,1231.133333333334,0.0,0.0,0.0,0.19,0.06333333333333334,0.15285714285714286,78.0,0.0,-0.8048257371083452,-0.593511190196115,-0.4999999999999997,-0.8660254037844388
2025-08-26,2.4,0.10000000000000009,2.3333333333333335,2.2857142857142856,63.4,-2.000000000000007,65.43333333333334,65.4,4.1,-0.10000000000000053,4.400000000000002,3.2285714285714286,304.0,-9.0,311.0,323.57142857142856,8.1,-0.09999999999999964,8.166666666666666,8.214285714285714,12.7,0.1999999999999993,12.700000000000003,12.942857142857145,9.1,0.0,9.066666666666666,9.028571428571428,8.2,601,-38.0,667.8571428571429,3.25177,3.3138883333333333,3.3751185714285716,2938.5714285714303,1337.6000000000006,0.0,0.0,0.0,0.05,0.08,0.03428571428571429,81.0,0.0,-0.8149159841660791,-0.5795791048257612,-0.4999999999999997,-0.8660254037844388
2025-08-27,2.3,-0.10000000000000009,2.3333333333333335,2.3000000000000003,63.1,-0.29999999999999716,63.966666666666676,65.2,4.0,-0.09999999999999964,4.100000000000001,3.5,298.0,-6.0,305.0,317.85714285714283,8.2,0.09999999999999964,8.166666666666664,8.214285714285714,14.0,1.3000000000000007,13.06666666666667,13.042857142857143,8.8,-0.29999999999999893,9.0,9.0,5.6,481,-120.0,641.1428571428571,3.012812,3.196562,3.3230202857142856,2628.685714285715,1221.8000000000004,0.0,0.0,0.0,0.28,0.17333333333333334,0.07428571428571429,72.0,0.0,-0.8247650844733614,-0.5654755126737576,-0.4999999999999997,-0.8660254037844388
2025-08-28,2.3,0.0,2.3333333333333335,2.3,62.0,-1.1000000000000014,62.833333333333336,64.77142857142857,3.2,-0.7999999999999998,3.766666666666668,3.6142857142857148,299.0,1.0,300.3333333333333,312.57142857142856,8.4,0.20000000000000107,8.233333333333333,8.214285714285714,14.9,0.9000000000000004,13.866666666666669,13.257142857142856,8.6,-0.20000000000000107,8.833333333333334,8.957142857142857,4.3,434,-47.0,601.2857142857143,2.907291,3.0572909999999998,3.2447612857142856,2264.842857142858,1126.2333333333338,0.0,0.0,0.0,1.03,0.45333333333333337,0.22142857142857145,70.0,0.0,-0.8343701235229537,-0.5512045872199277,-0.4999999999999997,-0.8660254037844388
2025-08-29,2.3,0.0,2.3,2.314285714285714,58.0,-4.0,61.03333333333334,63.628571428571426,2.6,-0.6000000000000001,3.266666666666668,3.6714285714285713,307.0,8.0,301.3333333333333,308.57142857142856,8.4,0.0,8.333333333333334,8.242857142857144,14.2,-0.7000000000000011,14.366666666666669,13.485714285714284,8.7,0.09999999999999964,8.700000000000001,8.9,4.2,430,-4.0,561.7142857142857,2.897604,2.9392356666666664,3.166576857142857,1834.9333333333338,1002.866666666667,0.0,0.0,0.0,0.14,0.4833333333333334,0.2414285714285714,72.0,0.0,-0.8437282590292712,-0.5367705514607103,-0.4999999999999997,-0.8660254037844388
2025-08-30,2.4,0.10000000000000009,2.3333333333333335,2.3285714285714283,59.5,1.5,59.833333333333336,62.699999999999996,3.7,1.1,3.1666666666666683,3.814285714285714,299.0,-8.0,301.6666666666667,305.14285714285717,8.4,0.0,8.4,8.27142857142857,13.7,-0.5,14.266666666666671,13.557142857142859,8.9,0.20000000000000107,8.733333333333333,8.885714285714286,4.5,551,121.0,542.5714285714286,3.155312,2.9867356666666662,3.1306691428571427,1718.142857142858,946.8333333333338,0.0,0.0,0.0,0.04,0.4033333333333333,0.24714285714285714,78.0,0.0,-0.8528367217694595,-0.522177676659508,-0.4999999999999997,-0.8660254037844388
2025-08-31,2.4,0.0,2.3666666666666667,2.3428571428571425,60.0,0.5,59.166666666666664,61.628571428571426,2.8,-0.9000000000000004,3.033333333333335,3.514285714285714,301.0,2.0,302.3333333333333,303.0,8.3,-0.09999999999999964,8.366666666666665,8.285714285714286,13.2,-0.5,13.700000000000003,13.6,9.0,0.09999999999999964,8.866666666666667,8.885714285714286,6.3,581,30.0,531.0,3.215104,3.08934,3.1092852857142854,1610.700000000001,913.0333333333339,0.0,0.0,0.0,0.0,0.060000000000000005,0.24714285714285714,79.0,0.0,-0.8616928164028521,-0.5074302810827518,-0.4999999999999997,-0.8660254037844388
2025-09-01,2.4,0.0,2.4,2.357142857142857,60.0,0.0,59.833333333333336,60.857142857142854,2.4,-0.3999999999999999,2.9666666666666686,3.2571428571428567,306.0,5.0,302.0,302.0,8.3,0.0,8.333333333333334,8.3,13.1,-0.09999999999999964,13.333333333333336,13.685714285714285,9.0,0.0,8.966666666666667,8.87142857142857,2.8,568,-13.0,520.8571428571429,3.19052,3.1869786666666666,3.0900589999999997,1545.2095238095249,907.8000000000006,0.0,0.0,0.0,0.22,0.08666666666666667,0.25142857142857145,77.0,0.0,-0.8702939222685674,-0.49253272872205434,-0.8660254037844384,-0.5000000000000004
2025-09-02,2.3,-0.10000000000000009,2.3666666666666667,2.3428571428571425,59.0,-1.0,59.666666666666664,60.228571428571435,2.4,0.0,2.5333333333333345,3.0142857142857147,307.0,1.0,304.6666666666667,302.42857142857144,8.3,0.0,8.3,8.328571428571427,12.9,-0.1999999999999993,13.06666666666667,13.714285714285714,9.1,0.09999999999999964,9.033333333333333,8.871428571428572,3.3,581,13.0,518.0,3.215729,3.2071176666666665,3.084910285714286,1312.2666666666673,777.7333333333337,0.0,0.0,0.0,0.02,0.08,0.24714285714285714,72.0,0.0,-0.8786374941610001,-0.4774894280028391,-0.8660254037844384,-0.5000000000000004
2025-09-03,2.3,0.0,2.333333333333333,2.3428571428571425,59.0,0.0,59.333333333333336,59.642857142857146,2.6,0.20000000000000018,2.466666666666668,2.8142857142857145,317.0,10.0,310.0,305.14285714285717,8.3,0.0,8.3,8.342857142857143,12.9,0.0,12.966666666666669,13.557142857142855,9.0,-0.09999999999999964,9.033333333333333,8.9,3.1,647,66.0,541.7142857142857,3.340104,3.248784333333333,3.1316662857142856,1336.2285714285722,781.9333333333338,0.0,0.0,0.0,0.0,0.08,0.20714285714285713,78.0,0.0,-0.886721063082993,-0.46230483047981086,-0.8660254037844384,-0.5000000000000004
2025-09-04,2.2,-0.09999999999999964,2.2666666666666666,2.3285714285714283,57.5,-1.5,58.5,59.0,2.5,-0.10000000000000009,2.5000000000000013,2.7142857142857144,321.0,4.0,315.0,308.2857142857143,8.3,0.0,8.3,8.32857142857143,12.4,-0.5,12.733333333333336,13.200000000000001,9.1,0.09999999999999964,9.066666666666666,8.971428571428572,3.0,682,35.0,577.1428571428571,3.401354,3.3190623333333336,3.2022467142857143,1442.8571428571436,802.5000000000005,0.0,0.0,0.0,0.0,0.006666666666666667,0.060000000000000005,78.0,0.0,-0.8945422369764496,-0.4469834295196741,-0.8660254037844384,-0.5000000000000004
2025-09-05,2.3,0.09999999999999964,2.2666666666666666,2.3285714285714287,59.0,1.5,58.5,59.142857142857146,2.4,-0.10000000000000009,2.5000000000000018,2.685714285714286,322.0,1.0,320.0,310.42857142857144,8.3,0.0,8.3,8.314285714285715,11.9,-0.5,12.400000000000006,12.87142857142857,9.2,0.09999999999999964,9.1,9.042857142857143,2.8,681,-1.0,613.0,3.408541,3.3833330000000004,3.2752377142857143,1532.5000000000011,805.0000000000006,0.0,0.0,0.0,0.0,0.0,0.04,82.0,0.0,-0.9020987014301837,-0.43152975897147144,-0.8660254037844384,-0.5000000000000004
2025-09-06,2.3,0.0,2.2666666666666666,2.314285714285714,59.0,0.0,58.5,59.07142857142857,2.4,0.0,2.433333333333335,2.5,319.0,-3.0,320.6666666666667,313.2857142857143,8.3,0.0,8.3,8.3,11.5,-0.40000000000000036,11.933333333333337,12.557142857142859,9.3,0.10000000000000142,9.2,9.1,3.5,673,-8.0,630.4285714285714,3.404791,3.4048953333333336,3.310877571428572,1534.042857142858,776.2333333333338,0.0,0.0,0.0,0.0,0.0,0.03428571428571429,82.0,0.0,-0.9093882203647925,-0.4159483918249421,-0.8660254037844384,-0.5000000000000004
2025-09-07,2.3,0.0,2.3,2.3000000000000003,60.5,1.5,59.5,59.142857142857146,2.3,-0.10000000000000009,2.366666666666668,2.4285714285714284,319.0,0.0,320.0,315.85714285714283,8.3,0.0,8.3,8.3,12.6,1.0999999999999996,12.000000000000005,12.471428571428572,9.1,-0.20000000000000107,9.200000000000001,9.114285714285716,2.6,669,-4.0,643.0,3.398645,3.4039923333333335,3.3370977142857146,1521.7666666666676,754.9666666666672,0.0,0.0,0.0,0.0,0.0,0.03428571428571429,84.0,0.0,-0.9164086366943458,-0.4002439388573056,-0.8660254037844384,-0.5000000000000004
2025-09-08,2.3,0.0,2.3,2.2857142857142856,61.5,1.0,60.333333333333336,59.357142857142854,2.3,0.0,2.333333333333335,2.414285714285714,320.0,1.0,319.3333333333333,317.85714285714283,8.3,0.0,8.3,8.3,12.3,-0.29999999999999893,12.133333333333338,12.357142857142858,9.1,0.0,9.166666666666666,9.128571428571428,2.9,664,-5.0,656.7142857142857,3.390208,3.3978813333333338,3.365624571428572,1532.3333333333342,746.6666666666672,0.0,0.0,0.0,0.02,0.006666666666666667,0.005714285714285714,63.0,0.0,-0.9231578729647039,-0.38442104726885545,-0.8660254037844384,-0.5000000000000004
2025-09-09,2.3,0.0,2.3,2.2857142857142856,62.0,0.5,61.333333333333336,59.785714285714285,2.3,0.0,2.3,2.3999999999999995,321.0,1.0,320.0,319.85714285714283,8.3,0.0,8.3,8.3,11.6,-0.7000000000000011,12.166666666666671,12.171428571428569,9.3,0.20000000000000107,9.166666666666666,9.157142857142857,2.6,653,-11.0,667.0,3.368854,3.3859023333333336,3.387499571428571,1534.1,738.3,0.0,0.0,0.0,0.0,0.006666666666666667,0.002857142857142857,79.0,0.0,-0.9296339319682695,-0.3684843993077793,-0.8660254037844384,-0.5000000000000004
2025-09-10,2.2,-0.09999999999999964,2.2666666666666666,2.2714285714285714,63.0,1.0,62.166666666666664,60.357142857142854,2.2,-0.09999999999999964,2.266666666666668,2.3428571428571425,321.0,0.0,320.6666666666667,320.42857142857144,8.3,0.0,8.3,8.3,12.5,0.9000000000000004,12.133333333333335,12.114285714285716,9.1,-0.20000000000000107,9.166666666666666,9.171428571428573,2.6,616,-37.0,662.5714285714286,3.302291,3.3537843333333335,3.382097714285714,1501.8285714285723,727.6000000000004,0.0,0.0,0.0,0.0,0.006666666666666667,0.002857142857142857,80.0,0.0,-0.9358348973349941,-0.35243871088460327,-0.8660254037844384,-0.5000000000000004
2025-09-11,2.4,0.19999999999999973,2.3000000000000003,2.3,63.0,0.0,62.666666666666664,61.142857142857146,2.2,0.0,2.2333333333333347,2.3000000000000003,323.0,2.0,321.6666666666667,320.7142857142857,8.3,0.0,8.3,8.3,13.3,0.8000000000000007,12.46666666666667,12.242857142857144,8.9,-0.1999999999999993,9.1,9.142857142857142,2.6,612,-4.0,652.5714285714286,3.294583,3.3219093333333336,3.3668447142857145,1457.4095238095247,721.3666666666671,0.0,0.0,0.0,0.0,0.0,0.002857142857142857,81.0,0.0,-0.9417589340994617,-0.33628873017668287,-0.8660254037844384,-0.5000000000000004
2025-09-12,2.4,0.0,2.3333333333333335,2.314285714285714,62.9,-0.10000000000000142,62.96666666666667,61.699999999999996,2.3,0.09999999999999964,2.2333333333333347,2.2857142857142856,319.0,-4.0,321.0,320.2857142857143,8.3,0.0,8.3,8.3,12.1,-1.200000000000001,12.633333333333338,12.271428571428572,9.2,0.29999999999999893,9.066666666666666,9.142857142857142,2.5,614,2.0,643.0,3.298854,3.2985759999999993,3.351175142857143,1436.0333333333342,712.4333333333337,0.0,0.0,0.0,0.0,0.0,0.002857142857142857,82.0,0.0,-0.9474042892438845,-0.32003923622313857,-0.8660254037844384,-0.5000000000000004
2025-09-13,2.3,-0.10000000000000009,2.3666666666666667,2.314285714285714,67.0,4.100000000000001,64.3,62.84285714285714,2.3,0.0,2.266666666666668,2.2714285714285714,313.0,-6.0,318.3333333333333,319.42857142857144,8.3,0.0,8.3,8.3,11.6,-0.5,12.333333333333337,12.285714285714286,9.3,0.10000000000000142,9.133333333333335,9.142857142857142,2.5,596,-18.0,632.0,3.264479,3.2859719999999997,3.3311305714285715,1432.5333333333342,709.466666666667,0.0,0.0,0.0,0.0,0.0,0.002857142857142857,89.0,0.0,-0.9527692922168511,-0.30369503751065885,-0.8660254037844384,-0.5000000000000004
2025-09-14,2.3,0.0,2.333333333333333,2.314285714285714,64.0,-3.0,64.63333333333334,63.34285714285714,2.4,0.10000000000000009,2.3333333333333344,2.2857142857142856,310.0,-3.0,314.0,318.14285714285717,8.3,0.0,8.3,8.3,11.7,0.09999999999999964,11.800000000000002,12.157142857142857,9.2,-0.10000000000000142,9.233333333333333,9.157142857142857,2.8,583,-13.0,619.7142857142857,3.239687,3.267673333333333,3.3084222857142858,1446.0000000000005,723.3333333333336,0.0,0.0,0.0,0.0,0.0,0.002857142857142857,85.0,0.0,-0.9578523554276669,-0.28726097055059635,-0.8660254037844384,-0.5000000000000004
2025-09-15,2.2,-0.09999999999999964,2.2666666666666666,2.3,64.0,0.0,65.0,63.699999999999996,2.2,-0.19999999999999973,2.300000000000001,2.2714285714285714,310.0,0.0,311.0,316.7142857142857,8.3,0.0,8.3,8.3,11.5,-0.1999999999999993,11.600000000000003,12.042857142857143,9.3,0.10000000000000142,9.266666666666667,9.185714285714287,2.8,546,-37.0,602.8571428571429,3.168854,3.22434,3.2768002857142853,1386.5714285714294,713.0000000000003,0.0,0.0,0.0,0.17,0.05666666666666667,0.02428571428571429,76.0,0.0,-0.9626519747161487,-0.2707418984477642,-0.8660254037844384,-0.5000000000000004
2025-09-16,2.2,0.0,2.2333333333333334,2.2857142857142856,62.0,-2.0,63.333333333333336,63.699999999999996,2.1,-0.10000000000000009,2.2333333333333347,2.242857142857143,309.0,-1.0,309.6666666666667,315.0,8.3,0.0,8.3,8.3,11.6,0.09999999999999964,11.600000000000003,12.042857142857143,9.3,0.0,9.266666666666667,9.185714285714285,2.6,534,-12.0,585.8571428571429,3.142291,3.1836106666666666,3.2444341428571426,1308.4142857142865,690.1000000000005,0.0,0.0,0.0,0.13,0.10000000000000002,0.042857142857142864,73.0,0.0,-0.9671667297977312,-0.2541427094613622,-0.8660254037844384,-0.5000000000000004
2025-09-17,2.2,0.0,2.2,2.2857142857142856,61.0,-1.0,62.333333333333336,63.41428571428571,,,2.150000000000002,2.25,302.0,-7.0,307.0,312.2857142857143,8.3,0.0,8.3,8.3,11.7,0.09999999999999964,11.600000000000003,11.928571428571429,9.2,-0.10000000000000142,9.266666666666667,9.200000000000001,,502,-32.0,569.5714285714286,3.07625,3.1291316666666673,3.212142571428571,1224.5785714285726,649.3000000000006,0.0,0.0,0.0,0.0,0.10000000000000002,0.042857142857142864,72.0,0.0,-0.97139528468375,-0.23746831555846842,-0.8660254037844384,-0.5000000000000004
2025-09-18,2.2,0.0,2.2,2.257142857142857,63.5,2.5,62.166666666666664,63.48571428571428,,,,2.26,303.0,1.0,304.6666666666667,309.42857142857144,8.3,0.0,8.3,8.3,12.6,0.9000000000000004,11.966666666666669,11.828571428571427,9.0,-0.1999999999999993,9.166666666666666,9.214285714285714,,432,-70.0,543.8571428571429,2.922708,3.047083,3.1590175714285715,,,0.0,0.0,0.0,0.0,0.043333333333333335,0.042857142857142864,83.0,0.0,-0.9753363880767837,-0.2207236509605022,-0.8660254037844384,-0.5000000000000004
2025-09-19,2.2,0.0,2.2,2.2285714285714286,61.5,-2.0,62.0,63.285714285714285,,,,2.25,304.0,1.0,303.0,307.2857142857143,8.4,0.09999999999999964,8.333333333333334,8.314285714285715,12.0,-0.5999999999999996,12.100000000000003,11.814285714285715,9.2,0.1999999999999993,9.133333333333333,9.214285714285714,,431,-1.0,517.7142857142857,2.919375,2.972777666666667,3.104806285714286,,,0.0,0.0,0.0,0.23,0.07666666666666667,0.07571428571428572,71.0,0.0,-0.9789888737409319,-0.20391367068311472,-0.8660254037844384,-0.5000000000000004
2025-09-20,2.2,0.0,2.2,2.2142857142857144,59.5,-2.0,61.5,62.214285714285715,,,,,308.0,4.0,305.0,306.57142857142856,8.3,-0.09999999999999964,8.333333333333334,8.314285714285715,11.7,-0.3000000000000007,12.100000000000003,11.828571428571426,9.2,0.0,9.133333333333333,9.200000000000001,,445,14.0,496.14285714285717,2.951354,2.931145666666667,3.0600741428571427,,,0.0,0.0,0.0,0.14,0.12333333333333334,0.09571428571428572,67.0,0.0,-0.9823516608469237,-0.18704334906991657,-0.8660254037844384,-0.5000000000000004
2025-09-21,2.2,0.0,2.2,2.2,60.5,1.0,60.5,61.714285714285715,,,,,308.0,0.0,306.6666666666667,306.2857142857143,8.3,0.0,8.333333333333334,8.314285714285715,12.3,0.6000000000000014,12.000000000000005,11.914285714285715,9.1,-0.09999999999999964,9.166666666666666,9.185714285714285,,446,1.0,476.57142857142856,2.953854,2.941527666666667,3.019240857142857,,,0.0,0.0,0.0,0.0,0.12333333333333334,0.09571428571428572,71.0,0.0,-0.9854237542919524,-0.17011767832049052,-0.8660254037844384,-0.5000000000000004
2025-09-22,2.5,0.2999999999999998,2.3000000000000003,2.242857142857143,58.8,-1.7000000000000028,59.6,60.971428571428575,,,,,307.0,-1.0,307.6666666666667,305.85714285714283,8.2,-0.10000000000000142,8.266666666666666,8.3,11.3,-1.0,11.766666666666671,11.885714285714286,9.3,0.20000000000000107,9.200000000000001,9.185714285714285,,450,4.0,462.85714285714283,2.964166,2.956458,2.9899997142857146,,,0.1,0.1,0.014285714285714287,0.0,0.04666666666666667,0.07142857142857142,77.0,0.0,-0.9882042449941422,-0.15314166701312007,-0.8660254037844384,-0.5000000000000004
2025-09-23,2.2,-0.2999999999999998,2.3000000000000003,2.242857142857143,55.8,-3.0,58.36666666666667,60.08571428571429,3.3,,,,297.0,-10.0,304.0,304.14285714285717,8.2,0.0,8.233333333333333,8.285714285714286,10.9,-0.40000000000000036,11.500000000000005,11.785714285714286,9.4,0.09999999999999964,9.266666666666667,9.200000000000001,3.9,487,37.0,456.14285714285717,3.045,2.9876733333333334,2.976101,,,0.2,0.1,0.042857142857142864,0.0,0.0,0.05285714285714286,76.0,0.0,-0.9906923101615609,-0.13612033862266704,-0.8660254037844384,-0.5000000000000004
2025-09-24,2.2,0.0,2.3000000000000003,2.242857142857143,56.0,0.20000000000000284,56.86666666666667,59.371428571428574,3.3,0.0,3.3,,297.0,0.0,300.3333333333333,303.42857142857144,8.2,0.0,8.2,8.27142857142857,11.5,0.5999999999999996,11.233333333333336,11.757142857142858,9.3,-0.09999999999999964,9.333333333333334,9.214285714285714,4.6,486,-1.0,453.85714285714283,3.04177,3.0169786666666667,2.9711752857142852,1497.7285714285713,980.0999999999999,0.0,-0.2,0.042857142857142864,0.0,0.0,0.05285714285714286,77.0,0.0,-0.9928872135356962,-0.11905873003404988,-0.8660254037844384,-0.5000000000000004
2025-09-25,2.2,0.0,2.2,2.242857142857143,56.0,0.0,55.93333333333334,58.300000000000004,2.5,-0.7999999999999998,3.033333333333335,,299.0,2.0,297.6666666666667,302.85714285714283,8.2,0.0,8.2,8.257142857142856,11.6,0.09999999999999964,11.333333333333337,11.614285714285714,9.3,0.0,9.333333333333334,9.257142857142856,3.0,417,-69.0,451.7142857142857,2.887083,2.991284333333333,2.966086,1370.2000000000007,906.9666666666672,0.0,0.0,0.042857142857142864,0.62,0.20666666666666667,0.14142857142857143,74.0,0.0,-0.994788305609327,-0.10196189005174576,-0.8660254037844384,-0.5000000000000004
2025-09-26,2.2,0.0,2.2,2.242857142857143,58.5,2.5,56.833333333333336,57.871428571428574,2.3,-0.20000000000000018,2.7000000000000015,2.8499999999999996,303.0,4.0,299.6666666666667,302.7142857142857,8.3,0.10000000000000142,8.233333333333333,8.242857142857142,11.3,-0.29999999999999893,11.46666666666667,11.514285714285714,9.3,0.0,9.3,9.271428571428572,2.7,399,-18.0,447.14285714285717,2.844375,2.924409333333333,2.955371714285714,1207.2857142857151,818.1000000000005,0.0,0.0,0.042857142857142864,0.58,0.39999999999999997,0.19142857142857142,54.0,0.0,-0.9963950238187231,-0.08483487790576538,-0.8660254037844384,-0.5000000000000004
2025-09-27,2.3,0.09999999999999964,2.2333333333333334,2.257142857142857,57.0,-1.5,57.166666666666664,57.51428571428572,2.2,-0.09999999999999964,2.333333333333335,2.7199999999999998,305.0,2.0,302.3333333333333,302.2857142857143,8.2,-0.10000000000000142,8.233333333333333,8.228571428571428,11.8,0.5,11.566666666666672,11.52857142857143,9.2,-0.10000000000000142,9.266666666666667,9.271428571428572,2.5,394,-5.0,439.85714285714283,2.832395,2.8546176666666665,2.9383775714285716,1026.333333333334,711.6666666666671,0.0,0.0,0.042857142857142864,0.0,0.39999999999999997,0.1714285714285714,67.0,0.0,-0.9977068927101168,-0.06768276175455162,-0.8660254037844384,-0.5000000000000004
2025-09-28,2.2,-0.09999999999999964,2.2333333333333334,2.257142857142857,56.0,-1.0,57.166666666666664,56.871428571428574,2.1,-0.10000000000000009,2.2000000000000015,2.6166666666666667,305.0,0.0,304.3333333333333,301.85714285714283,8.3,0.10000000000000142,8.266666666666666,8.22857142857143,12.0,0.1999999999999993,11.700000000000003,11.485714285714286,9.1,-0.09999999999999964,9.200000000000001,9.271428571428572,2.5,391,-3.0,432.0,2.825729,2.8341663333333336,2.920074,950.4000000000007,671.0000000000005,0.0,0.0,0.042857142857142864,0.0,0.19333333333333333,0.1714285714285714,76.0,0.0,-0.9987235240803972,-0.050510617185222886,-0.8660254037844384,-0.5000000000000004
2025-09-29,2.2,0.0,2.2333333333333334,2.2142857142857144,59.0,3.0,57.333333333333336,56.89999999999999,,,2.1500000000000026,2.6166666666666667,,,305.0,301.0,8.2,-0.10000000000000142,8.233333333333333,8.228571428571428,,,11.900000000000004,11.516666666666667,,,9.15,9.266666666666667,,395,4.0,424.14285714285717,2.833854,2.830659333333333,2.9014580000000003,911.907142857144,,0.0,0.0,0.028571428571428574,0.0,0.0,0.1714285714285714,79.0,0.0,-0.9994446170919858,-0.033323525711631344,-0.8660254037844384,-0.5000000000000004
2025-09-30,2.2,0.0,2.2,2.2142857142857144,59.0,0.0,58.0,57.357142857142854,,,,2.4799999999999995,,,,301.8,8.2,0.0,8.233333333333333,8.228571428571428,,,,11.640000000000002,,,,9.24,,394,-1.0,410.85714285714283,2.831875,2.8304860000000005,2.8710115714285718,,,0.0,0.0,0.0,0.0,0.0,0.1714285714285714,77.0,0.0,-0.9998699583618592,-0.016126573270657762,-0.8660254037844384,-0.5000000000000004
2025-10-01,2.3,0.09999999999999964,2.2333333333333334,2.2285714285714286,58.9,-0.10000000000000142,58.96666666666667,57.77142857142858,2.2,,,2.2600000000000002,303.0,,,303.0,8.2,0.0,8.2,8.228571428571428,11.9,,,11.72,9.2,,,9.22,2.7,390,-4.0,397.14285714285717,2.821562,2.8290969999999995,2.839553285714286,,,0.0,0.0,0.0,0.0,0.0,0.1714285714285714,75.0,0.0,-0.9999994220246925,0.001075151282798226,-1.0,-1.8369701987210297e-16
2025-10-02,2.3,0.0,2.2666666666666666,2.242857142857143,59.4,0.5,59.1,58.25714285714285,2.2,0.0,2.2,2.2,304.0,1.0,303.5,304.0,8.2,0.0,8.2,8.228571428571428,12.0,0.09999999999999964,11.950000000000006,11.8,9.1,-0.09999999999999964,9.149999999999999,9.179999999999998,2.9,386,-4.0,392.7142857142857,2.812083,2.82184,2.828839,863.9714285714286,668.8000000000001,0.0,0.0,0.0,0.0,0.0,0.08285714285714285,72.0,0.0,-0.999832969770105,0.018276557681691223,-1.0,-1.8369701987210297e-16
2025-10-03,2.2,-0.09999999999999964,2.2666666666666666,2.242857142857143,60.5,1.1000000000000014,59.6,58.54285714285714,2.2,0.0,2.2,2.18,305.0,1.0,304.0,304.4,8.2,0.0,8.2,8.214285714285714,12.2,0.1999999999999993,12.033333333333337,11.98,9.1,0.0,9.133333333333333,9.139999999999999,2.6,379,-7.0,389.85714285714283,2.809791,2.8144786666666666,2.823898428571429,857.6857142857143,671.0,0.0,0.0,0.0,0.0,0.0,0.0,76.0,0.0,-0.9993706508539969,0.03547255575312556,-1.0,-1.8369701987210297e-16
2025-10-04,2.2,0.0,2.2333333333333334,2.2285714285714286,61.5,1.0,60.46666666666666,59.185714285714276,2.2,0.0,2.2,2.18,305.0,0.0,304.6666666666667,304.4,8.3,0.10000000000000142,8.233333333333333,8.228571428571428,12.4,0.20000000000000107,12.200000000000003,12.1,8.9,-0.1999999999999993,9.033333333333333,9.080000000000002,2.5,371,-8.0,386.57142857142856,2.804583,2.8088189999999997,2.819925285714286,850.4571428571429,671.0,0.0,0.0,0.0,0.0,0.0,0.0,76.0,0.0,-0.9986126020839734,0.052658056924614005,-1.0,-1.8369701987210297e-16
2025-10-05,2.2,0.0,2.2,2.2285714285714286,62.0,0.5,61.333333333333336,60.04285714285714,2.3,0.09999999999999964,2.2333333333333347,2.22,303.0,-2.0,304.3333333333333,304.0,8.3,0.0,8.266666666666666,8.228571428571428,10.4,-2.0,11.666666666666671,11.78,9.4,0.5,9.133333333333333,9.14,2.6,373,2.0,384.0,2.811041,2.808471666666667,2.8178270000000003,857.6000000000006,676.7000000000004,0.1,0.1,0.014285714285714287,0.0,0.0,0.0,79.0,0.0,-0.9975590477788613,0.06982797572987089,-1.0,-1.8369701987210297e-16
2025-10-06,2.2,0.0,2.2,2.2285714285714286,61.0,-1.0,61.5,60.32857142857142,2.4,0.10000000000000009,2.300000000000001,2.25,300.0,-3.0,302.6666666666667,303.3333333333333,8.2,-0.10000000000000142,8.266666666666666,8.228571428571428,10.3,-0.09999999999999964,11.033333333333337,11.533333333333333,9.5,0.09999999999999964,9.266666666666667,9.200000000000001,3.4,384,11.0,382.42857142857144,2.836562,2.8173953333333333,2.818213857142857,879.5857142857147,690.0000000000003,0.0,-0.1,0.014285714285714287,0.0,0.0,0.0,84.0,0.0,-0.9962102997023297,0.0869772313136861,-1.0,-1.8369701987210297e-16
2025-10-07,2.3,0.09999999999999964,2.2333333333333334,2.242857142857143,59.75,-1.25,60.916666666666664,60.435714285714276,2.5,0.10000000000000009,2.4000000000000017,2.2857142857142856,298.0,-2.0,300.3333333333333,302.57142857142856,8.3,0.10000000000000142,8.266666666666666,8.242857142857144,10.8,0.5,10.500000000000005,11.428571428571429,9.4,-0.09999999999999964,9.433333333333332,9.228571428571428,2.9,388,4.0,381.57142857142856,2.848333,2.8319786666666666,2.8205649999999998,915.7714285714292,715.2000000000005,0.0,0.0,0.014285714285714287,0.0,0.0,0.0,78.0,0.0,-0.9945667569706337,0.1041007489354256,-1.0,-1.8369701987210297e-16
2025-10-08,2.3,0.0,2.2666666666666666,2.242857142857143,61.0,1.25,60.583333333333336,60.73571428571428,2.4,-0.10000000000000009,2.433333333333335,2.314285714285714,300.0,2.0,299.3333333333333,302.14285714285717,8.2,-0.10000000000000142,8.233333333333333,8.242857142857142,10.9,0.09999999999999964,10.666666666666671,11.285714285714286,9.4,0.0,9.433333333333334,9.257142857142856,3.3,380,-8.0,380.14285714285717,2.827708,2.8375343333333336,2.821443,925.0142857142864,730.0000000000005,0.0,0.0,0.014285714285714287,0.11,0.03666666666666667,0.015714285714285715,64.0,0.0,-0.9926289059345095,0.121193461470736,-1.0,-1.8369701987210297e-16
2025-10-09,2.3,0.0,2.3,2.242857142857143,63.5,2.5,61.416666666666664,61.32142857142857,2.4,0.0,2.433333333333335,2.3428571428571425,301.0,1.0,299.6666666666667,301.7142857142857,8.3,0.10000000000000142,8.266666666666666,8.257142857142856,10.5,-0.40000000000000036,10.733333333333336,11.071428571428571,9.5,0.09999999999999964,9.433333333333334,9.314285714285715,2.7,375,-5.0,378.57142857142856,2.814583,2.8302079999999994,2.8218001428571426,921.1904761904767,732.4333333333338,0.0,0.0,0.014285714285714287,0.02,0.043333333333333335,0.018571428571428572,47.0,0.0,-0.9903973200352558,0.1382503109109819,-1.0,-1.8369701987210297e-16
2025-10-10,2.3,0.0,2.3,2.257142857142857,62.5,-1.0,62.333333333333336,61.607142857142854,2.4,0.0,2.4,2.371428571428571,303.0,2.0,301.3333333333333,301.42857142857144,8.2,-0.10000000000000142,8.233333333333333,8.257142857142856,11.2,0.6999999999999993,10.866666666666669,10.928571428571429,9.3,-0.1999999999999993,9.4,9.342857142857143,2.7,355,-20.0,375.14285714285717,2.762291,2.801527333333333,2.8150144285714283,900.3428571428572,727.1999999999999,0.1,0.1,0.028571428571428574,0.0,0.043333333333333335,0.018571428571428572,55.0,0.0,-0.9878726596350429,0.15526624985999563,-1.0,-1.8369701987210297e-16
2025-10-11,2.3,0.0,2.3,2.2714285714285714,60.7,-1.7999999999999972,62.23333333333333,61.49285714285715,2.4,0.0,2.4,2.4,302.0,-1.0,302.0,301.0,8.2,0.0,8.233333333333333,8.242857142857144,11.7,0.5,11.133333333333335,10.828571428571427,9.1,-0.20000000000000107,9.299999999999999,9.37142857142857,2.8,359,4.0,373.42857142857144,2.77375,2.7835413333333334,2.810609714285714,896.2285714285714,724.8,0.0,-0.1,0.028571428571428574,0.0,0.006666666666666667,0.018571428571428572,78.0,0.0,-0.9850556718215013,0.172236243027682,-1.0,-1.8369701987210297e-16
2025-10-12,2.2,-0.09999999999999964,2.2666666666666666,2.2714285714285714,61.5,0.7999999999999972,61.56666666666666,61.42142857142858,2.6,0.20000000000000018,2.466666666666668,2.4428571428571426,300.0,-2.0,301.6666666666667,300.57142857142856,8.3,0.10000000000000142,8.233333333333333,8.242857142857144,11.5,-0.1999999999999993,11.466666666666669,10.985714285714284,9.1,0.0,9.166666666666666,9.328571428571427,3.0,361,2.0,371.7142857142857,2.78,2.772013666666666,2.8061752857142856,916.8952380952387,740.0000000000005,0.0,0.0,0.014285714285714287,0.0,0.0,0.018571428571428572,81.0,0.0,-0.981947190186646,0.18915526872004093,-1.0,-1.8369701987210297e-16
2025-10-13,2.2,0.0,2.2333333333333334,2.2714285714285714,62.5,1.0,61.56666666666666,61.63571428571429,2.8,0.19999999999999973,2.6000000000000014,2.5,301.0,1.0,301.0,300.7142857142857,8.3,0.0,8.266666666666666,8.257142857142856,9.5,-2.0,10.900000000000004,10.87142857142857,9.7,0.5999999999999996,9.299999999999999,9.357142857142858,3.0,353,-8.0,367.2857142857143,2.757812,2.7705206666666666,2.7949252857142852,954.9428571428576,782.6000000000005,0.1,0.1,0.028571428571428574,0.0,0.0,0.018571428571428572,68.0,0.0,-0.9785481345802031,0.20601832032517084,-1.0,-1.8369701987210297e-16
2025-10-14,2.2,0.0,2.2,2.257142857142857,63.0,0.5,62.333333333333336,62.10000000000001,2.6,-0.19999999999999973,2.666666666666668,2.5142857142857147,300.0,-1.0,300.3333333333333,301.0,8.3,0.0,8.3,8.257142857142858,10.7,1.1999999999999993,10.56666666666667,10.857142857142858,9.4,-0.29999999999999893,9.399999999999999,9.357142857142858,3.2,355,2.0,362.57142857142856,2.764687,2.767499666666667,2.7829758571428576,966.8571428571432,800.0000000000003,0.0,-0.1,0.028571428571428574,0.0,0.0,0.018571428571428572,69.0,0.0,-0.9748595108374125,0.22282040779479959,-1.0,-1.8369701987210297e-16
2025-10-15,2.2,0.0,2.2,2.242857142857143,62.0,-1.0,62.5,62.24285714285715,2.5,-0.10000000000000009,2.6333333333333346,2.5285714285714285,300.0,0.0,300.3333333333333,301.0,8.3,0.0,8.3,8.271428571428572,11.4,0.7000000000000011,10.533333333333337,10.928571428571429,9.2,-0.20000000000000107,9.433333333333332,9.328571428571427,2.8,355,0.0,359.0,2.763854,2.7621176666666667,2.773853857142857,945.3666666666671,790.0000000000003,0.0,0.0,0.028571428571428574,0.0,0.0,0.002857142857142857,69.0,0.0,-0.9708824104813836,0.23955655912092708,-1.0,-1.8369701987210297e-16
2025-10-16,2.2,0.0,2.2,2.2285714285714286,61.0,-1.0,62.0,61.88571428571429,2.6,0.10000000000000009,2.566666666666668,2.557142857142857,300.0,0.0,300.0,300.85714285714283,8.3,0.0,8.3,8.271428571428572,11.2,-0.20000000000000107,11.100000000000003,11.028571428571427,9.2,0.0,9.266666666666666,9.285714285714286,3.4,355,0.0,356.14285714285717,2.763958,2.7641663333333333,2.7666217142857144,914.1000000000006,770.0000000000005,0.0,0.0,0.028571428571428574,0.0,0.0,0.0,59.0,0.0,-0.9666180104000972,0.2562218218071163,-1.0,-1.8369701987210297e-16
2025-10-17,2.3,0.09999999999999964,2.2333333333333334,2.2285714285714286,60.4,-0.6000000000000014,61.13333333333333,61.58571428571429,2.7,0.10000000000000009,2.600000000000002,2.6,302.0,2.0,300.6666666666667,300.7142857142857,8.3,0.0,8.3,8.285714285714286,8.6,-2.5999999999999996,10.400000000000004,10.657142857142858,9.8,0.6000000000000014,9.4,9.357142857142858,3.1,352,-3.0,355.7142857142857,2.755,2.760937333333333,2.765580142857143,924.8571428571436,785.2000000000006,0.0,0.0,0.014285714285714287,0.0,0.0,0.0,78.0,0.0,-0.9620675724981452,0.27281126433401914,-1.0,-1.8369701987210297e-16
2025-10-18,2.2,-0.09999999999999964,2.2333333333333334,2.2142857142857144,57.5,-2.8999999999999986,59.63333333333333,61.128571428571426,2.6,-0.10000000000000009,2.6333333333333346,2.628571428571429,302.0,0.0,301.3333333333333,300.7142857142857,8.3,0.0,8.3,8.3,8.1,-0.5,9.300000000000004,10.142857142857142,10.0,0.1999999999999993,9.666666666666666,9.485714285714286,2.9,352,0.0,354.7142857142857,2.75552,2.7581593333333334,2.7629758571428575,934.0809523809529,795.2666666666671,0.0,0.0,0.014285714285714287,0.0,0.0,0.0,82.0,0.0,-0.957232443323312,0.28931997761869527,-1.0,-1.8369701987210297e-16
2025-10-19,2.3,0.09999999999999964,2.2666666666666666,2.2285714285714286,58.0,0.5,58.63333333333333,60.628571428571426,2.7,0.10000000000000009,2.6666666666666683,2.642857142857143,301.0,-1.0,301.6666666666667,300.85714285714283,8.3,0.0,8.3,8.3,7.9,-0.1999999999999993,8.200000000000003,9.62857142857143,10.0,0.0,9.933333333333335,9.614285714285714,3.1,350,-2.0,353.14285714285717,2.751145,2.7538883333333337,2.758853714285714,941.7142857142863,802.6666666666672,0.0,0.0,0.014285714285714287,0.0,0.0,0.0,72.0,0.0,-0.9521140536681102,0.3057430764672831,-1.0,-1.8369701987210297e-16
2025-10-20,2.2,-0.09999999999999964,2.2333333333333334,2.2285714285714286,61.0,3.0,58.833333333333336,60.41428571428571,2.7,0.0,2.6666666666666683,2.628571428571429,302.0,1.0,301.6666666666667,301.0,8.3,0.0,8.3,8.3,8.7,0.7999999999999989,8.233333333333336,9.514285714285714,9.8,-0.1999999999999993,9.933333333333332,9.62857142857143,3.1,349,-1.0,352.57142857142856,2.747708,2.751457666666667,2.757410285714286,940.1904761904767,805.3333333333338,0.0,0.0,0.0,0.0,0.0,0.0,72.0,0.0,-0.9467139181463862,0.3220757010206104,-1.0,-1.8369701987210297e-16
2025-10-21,2.2,0.0,2.2333333333333334,2.2285714285714286,58.5,-2.5,59.166666666666664,59.771428571428565,2.6,-0.10000000000000009,2.6666666666666683,2.6285714285714286,303.0,1.0,302.0,301.42857142857144,8.3,0.0,8.3,8.3,7.7,-0.9999999999999991,8.100000000000003,9.085714285714285,10.1,0.29999999999999893,9.966666666666667,9.728571428571428,2.9,348,-1.0,351.57142857142856,2.744062,2.747638333333333,2.754463857142857,937.5238095238101,808.0000000000005,0.0,0.0,0.0,0.0,0.0,0.0,63.0,0.0,-0.9410336347451197,0.3383130181923076,-1.0,-1.8369701987210297e-16
2025-10-22,2.2,0.0,2.2,2.2285714285714286,59.0,0.5,59.5,59.34285714285714,2.6,0.0,2.6333333333333346,2.642857142857143,305.0,2.0,303.3333333333333,302.14285714285717,8.3,0.0,8.3,8.3,7.6,-0.10000000000000053,8.000000000000004,8.542857142857143,10.2,0.09999999999999964,10.033333333333333,9.87142857142857,3.0,347,-1.0,350.42857142857144,2.742083,2.7446176666666666,2.751353714285714,922.7952380952386,803.1666666666671,0.0,0.0,0.0,0.0,0.0,0.0,80.0,0.0,-0.9350748843515574,0.3544502230989869,-1.0,-1.8369701987210297e-16
2025-10-23,2.2,0.0,2.2,2.2285714285714286,55.0,-4.0,57.5,58.48571428571428,2.6,0.0,2.6,2.642857142857143,301.0,-4.0,303.0,302.2857142857143,8.3,0.0,8.3,8.3,8.1,0.5,7.800000000000003,8.1,10.0,-0.1999999999999993,10.1,9.985714285714286,3.0,353,6.0,350.14285714285717,2.757291,2.7478119999999997,2.7504012857142857,910.3714285714286,782.6,0.2,0.2,0.028571428571428574,0.0,0.0,0.0,66.0,0.0,-0.9288394302558068,0.3704825404820963,-1.0,-1.8369701987210297e-16
2025-10-24,2.3,0.09999999999999964,2.2333333333333334,2.2285714285714286,60.7,5.700000000000003,58.23333333333333,58.528571428571425,2.6,0.0,2.6,2.628571428571429,301.0,0.0,302.3333333333333,302.14285714285717,8.3,0.0,8.3,8.3,8.9,0.8000000000000007,8.200000000000003,8.142857142857142,9.8,-0.1999999999999993,10.0,9.985714285714286,2.9,353,0.0,350.2857142857143,2.758333,2.752569,2.7508774285714286,910.7428571428571,782.6,0.2,0.0,0.05714285714285715,0.0,0.0,0.0,71.0,0.0,-0.9223291176290545,0.3864052261209853,-1.0,-1.8369701987210297e-16
2025-10-25,2.2,-0.09999999999999964,2.2333333333333334,2.2285714285714286,60.9,0.19999999999999574,58.86666666666667,59.01428571428572,2.7,0.10000000000000009,2.633333333333335,2.642857142857143,301.0,0.0,301.0,302.0,8.3,0.0,8.3,8.3,7.8,-1.1000000000000005,8.26666666666667,8.1,10.1,0.29999999999999893,9.966666666666667,10.0,3.0,355,2.0,350.7142857142857,2.762395,2.759339666666667,2.751859571428571,923.5476190476197,792.6333333333339,0.2,0.0,0.08571428571428573,0.0,0.0,0.0,70.0,0.0,-0.9155458729775467,0.40221356823680365,-1.0,-1.8369701987210297e-16
2025-10-26,2.2,0.0,2.2333333333333334,2.2142857142857144,60.0,-0.8999999999999986,60.53333333333333,59.300000000000004,2.8,0.09999999999999964,2.7000000000000015,2.6571428571428575,301.0,0.0,301.0,302.0,8.3,0.0,8.3,8.3,7.5,-0.2999999999999998,8.06666666666667,8.042857142857143,10.1,0.0,10.0,10.014285714285716,3.0,353,-2.0,351.14285714285717,2.758125,2.7596176666666667,2.752856714285714,948.0857142857149,812.7000000000005,0.2,0.0,0.1142857142857143,0.0,0.0,0.0,69.0,0.0,-0.9084917035725082,0.41790288888678667,-1.0,-1.8369701987210297e-16
2025-10-27,2.2,0.0,2.2,2.2142857142857144,61.5,1.5,60.800000000000004,59.371428571428574,2.7,-0.09999999999999964,2.7333333333333347,2.6571428571428575,300.0,-1.0,300.6666666666667,301.7142857142857,8.3,0.0,8.3,8.3,7.9,0.40000000000000036,7.733333333333337,7.928571428571429,10.0,-0.09999999999999964,10.066666666666666,10.042857142857143,3.1,356,3.0,352.14285714285717,2.766041,2.7621869999999995,2.7554757142857147,962.5238095238101,820.0000000000005,0.3,0.09999999999999998,0.15714285714285717,0.0,0.0,0.0,62.0,0.0,-0.9011686968561569,0.4334685453485363,-1.0,-1.8369701987210297e-16
2025-10-28,2.2,0.0,2.2,2.2142857142857144,60.0,-1.5,60.5,59.58571428571429,2.7,0.0,2.7333333333333347,2.6714285714285713,301.0,1.0,300.6666666666667,301.42857142857144,8.3,0.0,8.3,8.3,6.8,-1.1000000000000005,7.400000000000003,7.799999999999999,10.4,0.40000000000000036,10.166666666666666,10.085714285714285,2.9,353,-3.0,352.85714285714283,2.758229,2.7607983333333337,2.7574995714285713,964.4761904761909,822.7333333333338,0.3,0.0,0.19999999999999998,0.0,0.0,0.0,70.0,0.0,-0.8935790198239952,0.4489059314938798,-1.0,-1.8369701987210297e-16
2025-10-29,2.2,0.0,2.2,2.2142857142857144,60.0,0.0,60.5,59.728571428571435,2.8,0.09999999999999964,2.7333333333333347,2.7,308.0,7.0,303.0,301.85714285714283,8.3,0.0,8.3,8.3,4.8,-2.0,6.5000000000000036,7.4,11.0,0.5999999999999996,10.466666666666667,10.200000000000001,3.1,339,-14.0,351.7142857142857,2.720104,2.748124666666667,2.7543597142857146,961.3523809523815,841.8666666666671,0.4,0.10000000000000003,0.2571428571428572,0.0,0.0,0.0,67.0,0.0,-0.8857249183835637,0.4642104791518923,-1.0,-1.8369701987210297e-16
2025-10-30,2.2,0.0,2.2,2.2142857142857144,58.5,-1.5,59.5,60.228571428571435,3.0,0.20000000000000018,2.8333333333333344,2.757142857142857,304.0,-4.0,304.3333333333333,302.2857142857143,8.2,-0.10000000000000142,8.266666666666666,8.285714285714286,6.2,1.4000000000000004,5.933333333333337,7.128571428571428,10.5,-0.5,10.633333333333333,10.271428571428572,3.4,352,13.0,351.57142857142856,2.756041,2.7447913333333336,2.7541811428571426,996.1190476190479,861.3333333333336,0.4,0.0,0.2857142857142857,0.13,0.043333333333333335,0.018571428571428572,58.0,0.0,-0.8776087166898392,0.4793776594606945,-1.0,-1.8369701987210297e-16
2025-10-31,2.2,0.0,2.2,2.2,55.0,-3.5,57.833333333333336,59.41428571428571,3.0,0.0,2.933333333333335,2.814285714285714,304.0,0.0,305.3333333333333,302.7142857142857,8.2,0.0,8.233333333333333,8.271428571428572,5.2,-1.0,5.400000000000003,6.6000000000000005,10.8,0.3000000000000007,10.766666666666667,10.414285714285715,3.6,341,-11.0,349.85714285714283,2.727395,2.7345133333333336,2.7497614285714285,1026.2476190476195,891.7333333333338,0.4,0.0,0.31428571428571433,0.0,0.043333333333333335,0.018571428571428572,46.0,0.0,-0.8692328164574792,0.49440298420761813,-1.0,-1.8369701987210297e-16
2025-11-01,2.2,0.0,2.2,2.2,54.5,-0.5,56.0,58.5,2.8,-0.20000000000000018,2.933333333333335,2.8285714285714287,298.0,-6.0,302.0,302.2857142857143,8.2,0.0,8.2,8.257142857142858,4.2,-1.0,5.200000000000004,6.0857142857142845,11.1,0.29999999999999893,10.800000000000002,10.557142857142859,3.2,299,-42.0,341.85714285714283,2.609895,2.697777,2.7279757142857144,1002.7809523809528,874.1333333333338,0.4,0.0,0.3428571428571429,0.0,0.043333333333333335,0.018571428571428572,61.0,0.0,-0.8605996962501181,0.5092820071573356,-0.8660254037844386,0.5000000000000001
2025-11-02,2.2,0.0,2.2,2.2,55.0,0.5,54.833333333333336,57.785714285714285,2.6,-0.19999999999999973,2.800000000000001,2.8,294.0,-4.0,298.6666666666667,301.2857142857143,8.1,-0.09999999999999964,8.166666666666666,8.22857142857143,5.5,1.2999999999999998,4.96666666666667,5.799999999999999,10.7,-0.40000000000000036,10.866666666666667,10.642857142857142,3.0,302,3.0,334.57142857142856,2.618437,2.6519090000000003,2.708020285714286,936.8000000000003,823.2000000000004,0.4,0.0,0.37142857142857144,0.0,0.0,0.018571428571428572,53.0,0.0,-0.8517119107469189,0.5240103253675756,-0.8660254037844386,0.5000000000000001
2025-11-03,2.3,0.09999999999999964,2.2333333333333334,2.2142857142857144,56.0,1.0,55.166666666666664,57.0,2.6,0.0,2.666666666666668,2.7857142857142856,293.0,-1.0,295.0,300.2857142857143,8.2,0.09999999999999964,8.166666666666666,8.214285714285714,5.6,0.09999999999999964,5.100000000000003,5.471428571428571,10.7,0.0,10.833333333333334,10.742857142857144,3.1,291,-11.0,325.2857142857143,2.596875,2.6084023333333333,2.683853714285714,867.4285714285718,781.3333333333337,0.4,0.0,0.38571428571428573,0.0,0.0,0.018571428571428572,46.0,0.0,-0.8425720899866032,0.5385835804920232,-0.8660254037844386,0.5000000000000001
2025-11-04,2.2,-0.09999999999999964,2.2333333333333334,2.2142857142857144,62.0,6.0,57.666666666666664,57.285714285714285,2.5,-0.10000000000000009,2.566666666666668,2.757142857142857,283.0,-10.0,290.0,297.7142857142857,8.1,-0.09999999999999964,8.133333333333333,8.185714285714285,5.3,-0.2999999999999998,5.4666666666666694,5.257142857142858,10.8,0.10000000000000142,10.733333333333334,10.799999999999999,2.8,253,-38.0,311.0,2.489791,2.5683676666666666,2.6455054285714286,798.2333333333338,726.3666666666671,0.3,-0.10000000000000003,0.38571428571428573,0.0,0.0,0.018571428571428572,62.0,0.0,-0.8331829385891785,0.5529974600700271,-0.8660254037844386,0.5000000000000001
2025-11-05,2.2,0.0,2.2333333333333334,2.2142857142857144,59.4,-2.6000000000000014,59.13333333333333,57.2,2.5,0.0,2.533333333333335,2.7142857142857144,283.0,0.0,286.3333333333333,294.14285714285717,8.1,0.0,8.133333333333331,8.157142857142857,5.2,-0.09999999999999964,5.36666666666667,5.314285714285714,10.8,0.0,10.766666666666666,10.77142857142857,3.0,248,-5.0,298.0,2.475729,2.520798333333333,2.6105947142857144,754.9333333333338,716.9333333333338,0.3,0.0,0.37142857142857144,0.0,0.0,0.018571428571428572,81.0,0.0,-0.8235472349556007,0.5672476988027229,-0.8660254037844386,0.5000000000000001
2025-11-06,2.2,0.0,2.2,2.2142857142857144,51.0,-8.399999999999999,57.46666666666667,56.128571428571426,2.5,0.0,2.5,2.642857142857143,282.0,-1.0,282.6666666666667,291.0,8.1,0.0,8.1,8.142857142857142,5.3,0.09999999999999964,5.26666666666667,5.185714285714286,10.7,-0.10000000000000142,10.766666666666666,10.799999999999999,2.8,246,-2.0,282.85714285714283,2.470833,2.478784333333333,2.569850714285714,707.1428571428571,705.0,0.2,-0.09999999999999998,0.3428571428571429,0.0,0.0,0.0,53.0,0.0,-0.8136678304455991,0.5813300798152042,-0.8660254037844386,0.5000000000000001
2025-11-07,2.2,0.0,2.2,2.2142857142857144,57.5,6.5,55.96666666666667,56.48571428571428,2.6,0.10000000000000009,2.533333333333335,2.585714285714286,288.0,6.0,284.3333333333333,288.7142857142857,8.2,0.09999999999999964,8.133333333333333,8.142857142857142,5.3,0.0,5.26666666666667,5.2,10.7,0.0,10.733333333333334,10.785714285714286,3.8,266,20.0,272.14285714285717,2.530312,2.4922913333333336,2.5416959999999995,689.4285714285719,729.6000000000005,0.2,0.0,0.3142857142857142,0.0,0.0,0.0,73.0,0.0,-0.8035476485339116,0.5952404359043674,-0.8660254037844386,0.5000000000000001
2025-11-08,2.2,0.0,2.2,2.2142857142857144,61.0,3.5,56.5,57.41428571428571,2.9,0.2999999999999998,2.6666666666666683,2.6,304.0,16.0,291.3333333333333,289.57142857142856,8.2,0.0,8.166666666666664,8.142857142857142,5.6,0.2999999999999998,5.400000000000003,5.4,10.6,-0.09999999999999964,10.666666666666666,10.714285714285714,4.2,322,56.0,275.42857142857144,2.694479,2.5652079999999997,2.553779428571428,734.4761904761909,810.6666666666672,0.2,0.0,0.2857142857142857,0.0,0.0,0.0,67.0,0.0,-0.7931896839451843,0.6089746507720486,-0.8660254037844386,0.5000000000000001
2025-11-09,2.2,0.0,2.2,2.2142857142857144,59.5,-1.5,59.333333333333336,58.05714285714286,2.9,0.0,2.800000000000002,2.642857142857143,308.0,4.0,300.0,291.57142857142856,8.2,0.0,8.2,8.157142857142857,3.8,-1.7999999999999998,4.900000000000003,5.157142857142857,11.3,0.7000000000000011,10.866666666666667,10.799999999999999,3.4,316,-6.0,277.42857142857144,2.67802,2.6342703333333333,2.5622912857142857,776.8000000000006,862.4000000000007,0.2,0.0,0.2571428571428572,0.0,0.0,0.0,68.0,0.0,-0.7825970017677834,0.6225286602431057,-0.8660254037844386,0.5000000000000001
2025-11-10,2.0,-0.20000000000000018,2.1333333333333333,2.1714285714285717,60.5,1.0,60.333333333333336,58.699999999999996,2.8,-0.10000000000000009,2.8666666666666685,2.6714285714285713,309.0,1.0,307.0,293.85714285714283,8.2,0.0,8.2,8.157142857142857,4.1,0.2999999999999998,4.5000000000000036,4.942857142857143,11.2,-0.10000000000000142,11.033333333333333,10.87142857142857,3.1,321,5.0,281.7142857142857,2.6925,2.688333,2.575952,807.5809523809529,885.8000000000005,0.2,0.0,0.22857142857142856,0.0,0.0,0.0,62.0,0.0,-0.7717727365467837,0.6358984534680745,-0.8660254037844386,0.5000000000000001
2025-11-11,2.0,0.0,2.066666666666667,2.1428571428571432,59.0,-1.5,59.666666666666664,58.271428571428565,2.8,0.0,2.8333333333333344,2.7142857142857144,302.0,-7.0,306.3333333333333,296.57142857142856,8.2,0.0,8.2,8.17142857142857,5.9,1.8000000000000007,4.600000000000004,5.028571428571429,10.6,-0.5999999999999996,11.033333333333331,10.842857142857143,3.1,309,-12.0,289.7142857142857,2.659062,2.676527333333333,2.6001335714285716,820.8571428571432,855.666666666667,0.2,0.0,0.21428571428571427,0.0,0.0,0.0,51.0,0.0,-0.7607200913564104,0.6490800741100398,-0.8660254037844386,0.5000000000000001
2025-11-12,2.0,0.0,2.0,2.1142857142857143,58.0,-1.0,59.166666666666664,58.07142857142857,2.8,0.0,2.8,2.757142857142857,305.0,3.0,305.3333333333333,299.7142857142857,8.2,0.0,8.2,8.185714285714285,5.9,0.0,5.300000000000003,5.128571428571428,10.6,0.0,10.799999999999999,10.814285714285715,3.2,300,-9.0,297.14285714285717,2.633437,2.6616663333333332,2.6226632857142853,832.0,854.0,0.2,0.0,0.2,0.0,0.0,0.0,48.0,0.0,-0.7494423368521953,0.6620696215153815,-0.8660254037844386,0.5000000000000001
2025-11-13,2.1,0.10000000000000009,2.033333333333333,2.1,60.5,2.5,59.166666666666664,59.42857142857143,2.8,0.0,2.8,2.8,303.0,-2.0,303.3333333333333,302.7142857142857,8.2,0.0,8.2,8.2,6.4,0.5,6.066666666666671,5.285714285714286,10.4,-0.1999999999999993,10.533333333333333,10.771428571428572,3.1,300,0.0,304.85714285714283,2.633125,2.641874666666667,2.6458478571428574,853.5999999999999,848.4,0.1,-0.1,0.18571428571428572,0.0,0.0,0.0,65.0,0.0,-0.7379428103031386,0.6748632518680403,-0.8660254037844386,0.5000000000000001
2025-11-14,2.2,0.10000000000000009,2.1,2.1,58.5,-2.0,59.0,59.57142857142857,2.8,0.0,2.8,2.8285714285714283,305.0,2.0,304.3333333333333,305.14285714285717,8.2,0.0,8.2,8.2,5.9,-0.5,6.06666666666667,5.371428571428572,10.5,0.09999999999999964,10.5,10.742857142857144,3.3,297,-3.0,309.2857142857143,2.624583,2.6303816666666666,2.659315142857143,865.9999999999999,854.0,0.1,0.0,0.17142857142857146,0.0,0.0,0.0,65.0,0.0,-0.7262249146041543,0.6874571793269664,-0.8660254037844386,0.5000000000000001
2025-11-15,2.1,-0.10000000000000009,2.1333333333333333,2.085714285714286,59.5,1.0,59.5,59.357142857142854,2.8,0.0,2.8,2.814285714285714,305.0,0.0,304.3333333333333,305.2857142857143,8.2,0.0,8.2,8.2,6.5,0.5999999999999996,6.26666666666667,5.5,10.4,-0.09999999999999964,10.433333333333332,10.714285714285714,3.1,296,-1.0,305.57142857142856,2.623333,2.6270136666666666,2.649151428571429,855.5999999999999,854.0,0.1,0.0,0.15714285714285717,0.0,0.0,0.0,66.0,0.0,-0.7142921172691032,0.699847677146407,-0.8660254037844386,0.5000000000000001
2025-11-16,2.1,0.0,2.1333333333333333,2.0714285714285716,58.0,-1.5,58.666666666666664,59.142857142857146,2.9,0.10000000000000009,2.8333333333333344,2.814285714285714,304.0,-1.0,304.6666666666667,304.7142857142857,8.2,0.0,8.2,8.2,6.6,0.09999999999999964,6.333333333333337,5.9,10.3,-0.09999999999999964,10.4,10.571428571428571,3.2,300,4.0,303.2857142857143,2.632395,2.6267703333333334,2.6426335714285716,859.3095238095241,861.3333333333336,0.3,0.19999999999999998,0.17142857142857146,0.0,0.0,0.0,72.0,0.0,-0.7021479494046978,0.7120310787787131,-0.8660254037844386,0.5000000000000001
2025-11-17,2.1,0.0,2.1,2.085714285714286,60.5,2.5,59.333333333333336,59.142857142857146,2.9,0.0,2.8666666666666685,2.8285714285714287,303.0,-1.0,304.0,303.85714285714283,8.2,0.0,8.2,8.2,6.5,-0.09999999999999964,6.533333333333338,6.242857142857143,10.3,0.0,10.333333333333334,10.442857142857141,3.4,303,3.0,300.7142857142857,2.642395,2.6327076666666667,2.6354757142857146,862.0476190476196,868.6000000000006,0.3,0.0,0.18571428571428572,0.0,0.0,0.0,76.0,0.0,-0.6897960046655887,0.7240037789593305,-0.8660254037844386,0.5000000000000001
2025-11-18,2.1,0.0,2.1,2.1,58.5,-2.0,59.0,59.07142857142857,2.9,0.0,2.9,2.8428571428571425,304.0,1.0,303.6666666666667,304.14285714285717,8.2,0.0,8.2,8.2,5.2,-1.2999999999999998,6.100000000000004,6.142857142857143,10.7,0.3999999999999986,10.433333333333335,10.457142857142857,3.2,297,-6.0,299.0,2.625833,2.6335409999999997,2.630728714285714,867.1,881.6,0.3,0.0,0.2,0.0,0.0,0.0,76.0,0.0,-0.6772399381909491,0.7357622347736527,-0.8660254037844386,0.5000000000000001
2025-11-19,2.1,0.0,2.1,2.1142857142857143,64.0,5.5,61.0,59.92857142857143,2.9,0.0,2.9,2.8571428571428568,306.0,2.0,304.3333333333333,304.2857142857143,8.2,0.0,8.2,8.2,4.8,-0.40000000000000036,5.5000000000000036,5.985714285714287,10.9,0.20000000000000107,10.633333333333333,10.5,3.1,298,1.0,298.7142857142857,2.626979,2.6317356666666667,2.6298061428571424,866.2714285714286,887.4,0.3,0.0,0.21428571428571427,0.02,0.006666666666666667,0.002857142857142857,69.0,0.0,-0.6644834655228552,0.7473029667054297,-0.8660254037844386,0.5000000000000001
2025-11-20,2.1,0.0,2.1,2.1142857142857143,64.9,0.9000000000000057,62.46666666666667,60.55714285714286,2.9,0.0,2.9,2.8714285714285714,304.0,-2.0,304.6666666666667,304.42857142857144,8.2,0.0,8.2,8.2,5.1,0.2999999999999998,5.033333333333336,5.799999999999999,10.8,-0.09999999999999964,10.800000000000002,10.557142857142859,3.2,298,0.0,298.42857142857144,2.626458,2.6264233333333333,2.6288537142857145,865.4428571428572,881.6,0.4,0.10000000000000003,0.2571428571428572,0.0,0.006666666666666667,0.002857142857142857,58.0,0.0,-0.6515303615068021,0.75862255966641,-0.8660254037844386,0.5000000000000001
2025-11-21,2.1,0.0,2.1,2.1,64.5,-0.4000000000000057,64.46666666666667,61.41428571428571,2.8,-0.10000000000000009,2.8666666666666676,2.8714285714285714,302.0,-2.0,304.0,304.0,8.2,0.0,8.2,8.2,6.8,1.7000000000000002,5.56666666666667,5.928571428571429,10.3,-0.5,10.666666666666666,10.528571428571428,3.2,300,2.0,298.85714285714283,2.632916,2.6287843333333334,2.6300441428571433,856.7238095238097,865.7333333333336,0.4,0.0,0.3,0.0,0.006666666666666667,0.002857142857142857,61.0,0.0,-0.6383844591746642,0.769717664006921,-0.8660254037844386,0.5000000000000001
2025-11-22,2.1,0.0,2.1,2.1,65.5,1.0,64.96666666666667,62.271428571428565,3.0,0.20000000000000018,2.9000000000000017,2.8999999999999995,310.0,8.0,305.3333333333333,304.7142857142857,8.1,-0.09999999999999964,8.166666666666666,8.185714285714285,5.0,-1.7999999999999998,5.633333333333336,5.714285714285714,10.8,0.5,10.633333333333335,10.585714285714285,3.3,274,-26.0,295.7142857142857,2.555937,2.6051036666666665,2.6204161428571426,857.5714285714291,899.0000000000006,0.4,0.0,0.34285714285714286,0.0,0.0,0.002857142857142857,62.0,0.0,-0.6250496486104377,0.7805849965070866,-0.8660254037844386,0.5000000000000001
2025-11-23,2.1,0.0,2.1,2.1,65.0,-0.5,65.0,63.271428571428565,3.0,0.0,2.933333333333335,2.914285714285714,313.0,3.0,308.3333333333333,306.0,8.1,0.0,8.133333333333333,8.171428571428569,4.3,-0.7000000000000002,5.366666666666671,5.385714285714285,11.0,0.1999999999999993,10.700000000000001,10.685714285714285,3.4,269,-5.0,291.2857142857143,2.542187,2.5770133333333334,2.607529285714286,854.4380952380957,918.1333333333338,0.4,0.0,0.35714285714285715,,0.0,0.0033333333333333335,51.0,0.0,-0.6115298757991053,0.7912213413483807,-0.8660254037844386,0.5000000000000001
2025-11-24,2.1,0.0,2.1,2.1,65.0,0.0,65.16666666666667,63.91428571428571,,,3.0,2.916666666666666,,,311.5,306.5,,,8.1,8.166666666666666,,,4.650000000000006,5.2,,,10.9,10.75,,274,5.0,287.14285714285717,2.556666,2.5515966666666667,2.595282285714286,861.4285714285716,,0.4,0.0,0.37142857142857144,,,0.004,50.0,0.0,-0.5978291414589552,0.801623551065242,-0.8660254037844386,0.5000000000000001
2025-11-25,2.1,0.0,2.1,2.1,64.0,-1.0,64.66666666666667,64.7,,,,2.9199999999999995,,,,307.0,,,,8.16,,,,5.2,,,,10.76,,271,-3.0,283.42857142857144,2.54802,2.548957666666667,2.5841661428571427,,,0.4,0.0,0.38571428571428573,0.0,,0.004,58.0,0.0,-0.5839514998576998,0.8117885474764613,-0.8660254037844386,0.5000000000000001
2025-11-26,2.1,0.0,2.1,2.1,65.0,1.0,64.66666666666667,64.84285714285714,,,,2.9249999999999994,,,,307.25,,,,8.149999999999999,,,,5.3,,,,10.725,,282,11.0,281.14285714285717,2.581354,2.5620133333333333,2.577648285714286,,,0.5,0.09999999999999998,0.4142857142857143,0.0,0.0,0.0,52.0,0.0,-0.5699010576127624,0.821713322596059,-0.8660254037844386,0.5000000000000001
2025-11-27,2.1,0.0,2.1,2.1,63.5,-1.5,64.16666666666667,64.64285714285714,,,,,,,,,,,,,,,,,,,,,,290,8.0,280.0,2.605104,2.5781593333333337,2.5745977142857144,,,0.5,0.0,0.42857142857142855,0.0,0.0,0.0,54.0,0.0,-0.5556819724760489,0.8313949395234058,-0.8660254037844386,0.5000000000000001
2025-11-28,2.1,0.0,2.1,2.1,63.0,-0.5,63.833333333333336,64.42857142857143,,,,,,,,,,,,,,,,,,,,,,297,7.0,279.57142857142856,2.623645,2.6033676666666667,2.573273285714286,,,0.7,0.19999999999999996,0.4714285714285714,0.0,0.0,0.0,38.0,0.0,-0.5412984521036173,0.8408305333122887,-0.8660254037844386,0.5000000000000001
2025-11-29,2.1,0.0,2.1,2.1,65.0,2.0,63.833333333333336,64.35714285714286,,,,,,,,,,,,,,,,,,,,,,298,1.0,283.0,2.628125,2.6189579999999997,2.5835858571428574,,,0.8,0.10000000000000009,0.5285714285714286,0.0,0.0,0.0,48.0,0.0,-0.5267547528105542,0.8500173118187018,-0.8660254037844386,0.5000000000000001
2025-11-30,2.2,0.10000000000000009,2.1333333333333333,2.1142857142857143,66.0,1.0,64.66666666666667,64.5,,,,,,,,,,,,,,,,,,,,,,278,-20.0,284.2857142857143,2.56802,2.6065966666666665,2.5872762857142857,,,0.9,0.09999999999999998,0.6,0.0,0.0,0.0,50.0,0.0,-0.5120551783114646,0.8589525565270845,-0.8660254037844386,0.5000000000000001
2025-12-01,2.2,0.0,2.166666666666667,2.1285714285714286,69.0,3.0,66.66666666666667,65.07142857142857,,,,,,,,,,,,,,,,,,,,,,275,-3.0,284.42857142857144,2.559375,2.585173333333333,2.5876632857142856,,,0.9,0.0,0.6714285714285715,0.0,0.0,0.0,62.0,0.0,-0.4972040784469378,0.8676336233547726,-0.5000000000000004,0.8660254037844384
2025-12-02,2.3,0.09999999999999964,2.2333333333333334,2.1571428571428575,70.0,1.0,68.33333333333333,65.92857142857143,,,,,,,,,,,,,,,,,,,,,,238,-37.0,279.7142857142857,2.442083,2.5231593333333335,2.5725294285714284,,,1.1,0.20000000000000007,0.7714285714285715,0.0,0.0,0.0,26.0,0.0,-0.4822058478963526,0.8760579434344281,-0.5000000000000004,0.8660254037844384
2025-12-03,2.2,-0.09999999999999964,2.2333333333333334,2.1714285714285713,73.5,3.5,70.83333333333333,67.14285714285714,,,,,,,,,,,,,,,,,,,,,,254,16.0,275.7142857142857,2.495416,2.498958,2.5602525714285713,,,1.2,0.09999999999999987,0.8714285714285716,0.0,0.0,0.0,25.0,0.0,-0.46706492487743034,0.8842230238742036,-0.5000000000000004,0.8660254037844384
2025-12-04,2.2,0.0,2.2333333333333334,2.185714285714286,73.0,-0.5,72.16666666666667,68.5,,,,,,,,,,,,,,,,,,,,,,241,-13.0,268.7142857142857,2.452291,2.4632633333333334,2.5384221428571427,,,1.3,0.10000000000000009,0.9857142857142857,0.0,0.0,0.0,39.0,0.0,-0.451785789832884,0.8921264484954345,-0.5000000000000004,0.8660254037844384
2025-12-05,2.2,0.0,2.2,2.2,71.7,-1.2999999999999972,72.73333333333333,69.74285714285715,,,,,,,,,,,,,,,,,,,,,,251,10.0,262.14285714285717,2.483541,2.4770826666666665,2.518407285714286,,,1.5,0.19999999999999996,1.1,0.24,0.08,0.03428571428571429,50.0,4.4,-0.4363729641045924,0.8997658785476209,-0.5000000000000004,0.8660254037844384
2025-12-06,2.4,0.19999999999999973,2.266666666666667,2.242857142857143,67.5,-4.200000000000003,70.73333333333333,70.10000000000001,,,,,,,,,,,,,,,,,,,,,,298,47.0,262.14285714285717,2.628854,2.521562,2.5185114285714287,,,2.4,0.8999999999999999,1.3285714285714287,0.44,0.22666666666666666,0.09714285714285713,27.0,8.0,-0.42083100859565564,0.9071390534005044,-0.5000000000000004,0.8660254037844384
2025-12-07,2.1,-0.2999999999999998,2.2333333333333334,2.2285714285714286,68.5,1.0,69.23333333333333,70.45714285714287,,,,,,,,,,,,,,,,,,,,,,290,-8.0,263.85714285714283,2.604062,2.5721523333333334,2.5236602857142856,,,2.5,0.10000000000000009,1.5571428571428572,0.0,0.22666666666666666,0.09714285714285713,33.0,0.0,-0.4051645224207563,0.9142437912130223,-0.5000000000000004,0.8660254037844384
2025-12-08,2.2,0.10000000000000009,2.2333333333333334,2.2285714285714286,70.0,1.5,68.66666666666667,70.60000000000001,,,,,,,,,,,,,,,,,,,,,,297,7.0,267.0,2.62375,2.6188886666666664,2.5328567142857144,,,2.6,0.10000000000000009,1.8,0.0,0.14666666666666667,0.09714285714285713,46.0,0.0,-0.3893781415452015,0.9210779895789526,-0.5000000000000004,0.8660254037844384
2025-12-09,2.2,0.0,2.166666666666667,2.2142857142857144,68.1,-1.9000000000000057,68.86666666666667,70.32857142857144,,,,,,,,,,,,,,,,,,,,,,301,4.0,276.0,2.637187,2.621666333333333,2.5607287142857147,,,2.7,0.10000000000000009,2.028571428571429,0.0,0.0,0.09714285714285713,50.0,0.0,-0.37347653741307074,0.9276396261490467,-0.5000000000000004,0.8660254037844384
2025-12-10,2.2,0.0,2.2,2.2142857142857144,67.5,-0.5999999999999943,68.53333333333335,69.47142857142856,,,,,,,,,,,,,,,,,,,,,,269,-32.0,278.14285714285717,2.540729,2.6005553333333333,2.5672019999999995,,,2.7,0.0,2.242857142857143,0.0,0.0,0.09714285714285713,43.0,0.0,-0.3574644155648614,0.9339267592294762,-0.5000000000000004,0.8660254037844384
2025-12-11,2.2,0.0,2.2,2.2142857142857144,69.5,2.0,68.36666666666667,68.97142857142856,,,,,,,,,,,,,,,,,,,,,,270,1.0,282.2857142857143,2.545104,2.57434,2.5804609999999997,,,2.6,-0.10000000000000009,2.4285714285714284,0.0,0.0,0.09714285714285713,50.0,0.0,-0.34134651424503615,0.9399375283564133,-0.5000000000000004,0.8660254037844384
2025-12-12,2.2,0.0,2.2,2.2142857142857144,68.0,-1.5,68.33333333333333,68.44285714285714,,,,,,,,,,,,,,,,,,,,,,251,-19.0,282.2857142857143,2.484791,2.523541333333333,2.5806395714285713,,,2.6,0.0,2.585714285714286,0.0,0.0,0.06285714285714286,50.0,0.0,-0.3251276029999093,0.9456701548465688,-0.5000000000000004,0.8660254037844384
2025-12-13,2.2,0.0,2.2,2.185714285714286,67.0,-1.0,68.16666666666667,68.37142857142857,,,,,,,,,,,,,,,,,,,,,,246,-5.0,274.85714285714283,2.470625,2.500173333333333,2.5580354285714284,,,2.6,0.0,2.6142857142857143,0.0,0.0,0.0,49.0,0.0,-0.30881248126625377,0.9511229423235357,-0.5000000000000004,0.8660254037844384
2025-12-14,2.1,-0.10000000000000009,2.1666666666666665,2.185714285714286,71.0,4.0,68.66666666666667,68.72857142857143,,,,,,,,,,,,,,,,,,,,,,243,-3.0,268.14285714285717,2.459687,2.471701,2.537410428571428,,,2.6,0.0,2.628571428571429,0.0,0.0,0.0,62.0,0.0,-0.29240597695107734,0.9562942772197719,-0.5000000000000004,0.8660254037844384
2025-12-15,2.2,0.10000000000000009,2.1666666666666665,2.185714285714286,68.5,-2.5,68.83333333333333,68.5142857142857,,,,,,,,,,,,,,,,,,,,,,241,-2.0,260.14285714285717,2.452708,2.4610066666666666,2.5129758571428575,,,2.5,-0.10000000000000009,2.6142857142857143,0.0,0.0,0.0,62.0,0.0,-0.27591294500296043,0.9611826292540837,-0.5000000000000004,0.8660254037844384
2025-12-16,2.2,0.0,2.1666666666666665,2.185714285714286,69.0,0.5,69.5,68.64285714285714,,,,,,,,,,,,,,,,,,,,,,241,0.0,251.57142857142858,2.453541,2.4553119999999997,2.486740714285714,,,2.5,0.0,2.585714285714286,0.0,0.0,0.0,65.0,0.0,-0.2593382659754056,0.9657865518844574,-0.5000000000000004,0.8660254037844384
2025-12-17,2.2,0.0,2.2,2.185714285714286,70.5,1.5,69.33333333333333,69.07142857142857,,,,,,,,,,,,,,,,,,,,,,241,0.0,247.57142857142858,2.454687,2.453645333333333,2.474449,,,2.6,0.10000000000000009,2.5714285714285716,0.0,0.0,0.0,60.0,0.0,-0.2426868445825954,0.9701046827361175,-0.5000000000000004,0.8660254037844384
2025-12-18,2.1,-0.10000000000000009,2.1666666666666665,2.1714285714285717,68.0,-2.5,69.16666666666667,68.85714285714286,,,,,,,,,,,,,,,,,,,,,,243,2.0,243.71428571428572,2.461458,2.456562,2.462499571428571,,,2.7,0.10000000000000009,2.585714285714286,0.0,0.0,0.0,57.0,0.0,-0.22596360824801906,0.974135744004672,-0.5000000000000004,0.8660254037844384
2025-12-19,,,2.1500000000000004,2.1666666666666665,,,69.25,69.0,,,,,,,,,,,,,,,,,,,,,,240,-3.0,242.14285714285714,2.450104,2.4554163333333334,2.4575442857142855,,,2.7,0.0,2.6,0.0,0.0,0.0,62.0,0.0,-0.20917350564635637,0.9778785428342386,-0.5000000000000004,0.8660254037844384
2025-12-20,,,,2.16,,,,69.4,,,,,,,,,,,,,,,,,,,,,,227,-13.0,239.42857142857142,2.407083,2.439548333333333,2.4484668571428574,,,2.7,0.0,2.6142857142857143,0.08,0.02666666666666667,0.011428571428571429,68.0,0.0,-0.19232150523909483,0.9813319716704275,-0.5000000000000004,0.8660254037844384
2025-12-21,,,,2.175,,,,69.0,,,,,,,,,,,,,,,,,,,,,,223,-4.0,236.57142857142858,2.394791,2.417326,2.439196,,,2.7,0.0,2.628571428571429,0.0,0.02666666666666667,0.011428571428571429,56.0,0.0,-0.17541259380427843,0.9844950085880858,-0.5000000000000004,0.8660254037844384
2025-12-22,,,,,,,,,,,,,,,,,,,,,,,,,,,,,,224,1.0,234.14285714285714,2.396354,2.3994093333333333,2.431145428571429,,,2.7,0.0,2.6571428571428575,0.0,0.02666666666666667,0.011428571428571429,69.0,0.0,-0.15845177496083632,0.9873667175937016,-0.5000000000000004,0.8660254037844384
2025-12-23,,,,,,,,,,,,,,,,,,,,,,,,,,,,,,221,-3.0,231.28571428571428,2.385625,2.3922566666666665,2.421443142857143,,,2.7,0.0,2.685714285714286,0.0,0.0,0.011428571428571429,52.0,0.0,-0.14144406768794202,0.9899462489023779,-0.5000000000000004,0.8660254037844384
2025-12-24,,,,,,,,,,,,,,,,,,,,,,,,,,,,,,219,-2.0,228.14285714285714,2.38,2.3873263333333337,2.4107735714285714,,,2.7,0.0,2.7,0.0,0.0,0.011428571428571429,60.0,0.0,-0.12439450483979998,0.9922328391893008,-0.5000000000000004,0.8660254037844384
2025-12-25,,,,,,,,,,,,,,,,,,,,,,,,,,,,,,203,-16.0,222.42857142857142,2.321354,2.3623263333333333,2.390758714285714,,,2.7,0.0,2.7,0.0,0.0,0.011428571428571429,74.0,0.0,-0.10730813165636247,0.9942258118156161,-0.5000000000000004,0.8660254037844384
2025-12-26,,,,,,,,,,,,,,,,,,,,,,,,,,,,,,198,-5.0,216.42857142857142,2.30302,2.3347913333333334,2.3697467142857143,,,2.7,0.0,2.7,0.0,0.0,0.011428571428571429,66.0,0.0,-0.09019000427034513,0.9959245770286599,-0.5000000000000004,0.8660254037844384
2025-12-27,,,,,,,,,,,,,,,,,,,,,,,,,,,,,,169,-29.0,208.14285714285714,2.1925,2.272291333333333,2.339092,,,2.7,0.0,2.7,0.0,0.0,0.0,66.0,0.0,-0.07304518821104743,0.9973286321364752,-0.5000000000000004,0.8660254037844384
2025-12-28,,,,,,,,,,,,,,,,,,,,,,,,,,,,,,166,-3.0,200.0,2.179375,2.2249649999999996,2.3083182857142854,,,2.8,0.09999999999999964,2.7142857142857144,0.0,0.0,0.0,71.0,0.0,-0.05587875690537313,0.9984375616565666,-0.5000000000000004,0.8660254037844384
2025-12-29,,,,,,,,,,,,,,,,,,,,,,,,,,,,,,141,-25.0,188.14285714285714,2.07927,2.1503816666666666,2.2630205714285716,,,2.9,0.10000000000000009,2.742857142857143,0.0,0.0,0.0,65.0,0.0,-0.03869579017652689,0.9992510374388481,-0.5000000000000004,0.8660254037844384
2025-12-30,,,,,,,,,,,,,,,,,,,,,,,,,,,,,,166,25.0,180.28571428571428,2.177812,2.1454856666666666,2.2333329999999996,,,2.9,0.0,2.771428571428572,0.08,0.02666666666666667,0.011428571428571429,59.0,2.5,-0.021501372740813793,0.999768818762748,-0.5000000000000004,0.8660254037844384
2025-12-31,,,,,,,,,,,,,,,,,,,,,,,,,,,,,,177,11.0,174.28571428571428,2.22375,2.1602773333333336,2.2110115714285716,,,2.9,0.0,2.8000000000000003,0.0,0.02666666666666667,0.011428571428571429,30.0,0.0,-0.004300592702981974,0.9999907524084426,-0.5000000000000004,0.8660254037844384
2026-01-01,,,,,,,,,,,,,,,,,,,,,,,,,,,,,,212,35.0,175.57142857142858,2.35302,2.251527333333333,2.2155352857142856,,,3.0,0.10000000000000009,2.8428571428571425,0.0,0.02666666666666667,0.011428571428571429,41.0,0.0,0.017201575418260506,0.9998520419557735,0.0,1.0
2026-01-02,,,,,,,,,,,,,,,,,,,,,,,,,,,,,,208,-4.0,177.0,2.337083,2.3046176666666667,2.2204014285714284,,,3.1,0.10000000000000009,2.9,0.0,0.0,0.011428571428571429,49.0,0.0,0.03439806061360801,0.9994082116062598,0.0,1.0
2026-01-03,,,,,,,,,,,,,,,,,,,,,,,,,,,,,,188,-20.0,179.71428571428572,2.263333,2.317812,2.2305204285714284,,,3.2,0.10000000000000009,2.9714285714285715,0.0,0.0,0.011428571428571429,55.0,0.0,0.051584366869408364,0.9986686402879997,0.0,1.0
2026-01-04,,,,,,,,,,,,,,,,,,,,,,,,,,,,,,186,-2.0,182.57142857142858,2.256979,2.285798333333333,2.241606714285714,,,3.1,-0.10000000000000009,3.0142857142857147,0.0,0.0,0.011428571428571429,52.0,0.0,0.06875540848113941,0.9976335468520451,0.0,1.0
2026-01-05,,,,,,,,,,,,,,,,,,,,,,,,,,,,,,183,-3.0,188.57142857142858,2.245416,2.2552426666666663,2.265341857142857,,,3.2,0.10000000000000009,3.0571428571428574,0.0,0.0,0.011428571428571429,58.0,0.0,0.08590610426133272,0.9963032375991965,0.0,1.0
2026-01-06,,,,,,,,,,,,,,,,,,,,,,,,,,,,,,170,-13.0,189.14285714285714,2.194895,2.2324300000000004,2.2677822857142855,,,3.3,0.09999999999999964,3.1142857142857143,0.0,0.0,0.0,56.0,0.0,0.10303137904317879,0.9946781061893646,0.0,1.0
2026-01-07,,,,,,,,,,,,,,,,,,,,,,,,,,,,,,169,-1.0,188.0,2.183541,2.2079506666666666,2.2620381428571426,,,3.3,0.0,3.1714285714285713,0.0,0.0,0.0,66.0,0.0,0.1201261651823505,0.9927586335250793,0.0,1.0
2026-01-08,,,,,,,,,,,,,,,,,,,,,,,,,,,,,,181,12.0,183.57142857142858,2.209479,2.1959716666666664,2.241532285714286,,,3.3,0.0,3.2142857142857144,0.0,0.0,0.0,58.0,0.0,0.13718540405660057,0.9905453876091833,0.0,1.0
2026-01-09,,,,,,,,,,,,,,,,,,,,,,,,,,,,,,177,-4.0,179.14285714285714,2.193437,2.195485666666667,2.2210114285714284,,,3.3,0.0,3.242857142857143,0.0,0.0,0.0,55.0,0.0,0.1542040475626894,0.988039023376751,0.0,1.0
2026-01-10,,,,,,,,,,,,,,,,,,,,,,,,,,,,,,151,-26.0,173.85714285714286,2.090312,2.164409333333333,2.1962941428571425,,,3.4,0.10000000000000009,3.2714285714285714,0.0,0.0,0.0,56.0,0.0,0.17117705961019986,0.985240282501282,0.0,1.0
2026-01-11,,,,,,,,,,,,,,,,,,,,,,,,,,,,,,174,23.0,172.14285714285714,2.175937,2.1532286666666667,2.184716714285714,,,3.4,0.0,3.314285714285714,0.33,0.11,0.047142857142857146,35.0,6.0,0.18809941761179758,0.9821499931752291,0.0,1.0
2026-01-12,,,,,,,,,,,,,,,,,,,,,,,,,,,,,,193,19.0,173.57142857142858,2.251354,2.172534333333333,2.185565,,,3.5,0.10000000000000009,3.357142857142857,0.08,0.1366666666666667,0.05857142857142857,26.0,2.0,0.20496611396949532,0.9787690698649216,0.0,1.0
2026-01-13,,,,,,,,,,,,,,,,,,,,,,,,,,,,,,230,37.0,182.14285714285714,2.386354,2.2712149999999998,2.2129162857142854,,,3.5,0.0,3.3857142857142857,0.0,0.1366666666666667,0.05857142857142857,35.0,0.0,0.22177215755648186,0.975098513039961,0.0,1.0
2026-01-14,,,,,,,,,,,,,,,,,,,,,,,,,,,,,,212,-18.0,188.28571428571428,2.324062,2.32059,2.2329907142857146,,,3.5,0.0,3.4142857142857146,0.0,0.02666666666666667,0.05857142857142857,45.0,0.0,0.23851257519407648,0.9711394088771653,0.0,1.0
2026-01-15,,,,,,,,,,,,,,,,,,,,,,,,,,,,,,204,-8.0,191.57142857142858,2.293958,2.3347913333333334,2.245059142857143,,,3.5,0.0,3.442857142857143,0.0,0.0,0.05857142857142857,53.0,0.0,0.2551824131233728,0.9668929289391521,0.0,1.0
2026-01-16,,,,,,,,,,,,,,,,,,,,,,,,,,,,,,209,5.0,196.14285714285714,2.312083,2.310034333333333,2.2620085714285714,,,3.5,0.0,3.4714285714285715,0.0,0.0,0.05857142857142857,51.0,0.0,0.2717767384711357,0.9623603298276545,0.0,1.0
2026-01-17,,,,,,,,,,,,,,,,,,,,,,,,,,,,,,216,7.0,205.42857142857142,2.336979,2.31434,2.297246714285714,,,3.6,0.10000000000000009,3.5,0.0,0.0,0.05857142857142857,51.0,0.0,0.2882906407095177,0.9575429528116719,0.0,1.0
2026-01-18,,,,,,,,,,,,,,,,,,,,,,,,,,,,,,212,-4.0,210.85714285714286,2.322708,2.323923333333333,2.318214,,,3.6,0.0,3.5285714285714285,0.0,0.0,0.011428571428571429,60.0,0.0,0.3047192331091634,0.9524422234305676,0.0,1.0
2026-01-19,,,,,,,,,,,,,,,,,,,,,,,,,,,,,,219,7.0,214.57142857142858,2.3475,2.335729,2.3319491428571424,,,3.7,0.10000000000000009,3.557142857142857,0.0,0.0,0.0,37.0,0.0,0.321057654185271,0.9470596510722283,0.0,1.0
2026-01-20,,,,,,,,,,,,,,,,,,,,,,,,,,,,,,211,-8.0,211.85714285714286,2.317812,2.32934,2.322157428571429,,,3.7,0.0,3.5857142857142854,0.0,0.0,0.0,31.0,0.0,0.3373010691361842,0.9413968285264122,0.0,1.0
2026-01-21,,,,,,,,,,,,,,,,,,,,,,,,,,,,,,205,-6.0,210.85714285714286,2.2975,2.320937333333333,2.318362857142857,,,3.7,0.0,3.6142857142857143,0.03,0.01,0.004285714285714286,53.0,0.5,0.3534446712740877,0.9354554315134164,0.0,1.0
2026-01-22,,,,,,,,,,,,,,,,,,,,,,,,,,,,,,208,3.0,211.42857142857142,2.309062,2.3081246666666666,2.3205205714285713,,,3.7,0.0,3.642857142857143,0.0,0.01,0.004285714285714286,43.0,0.0,0.3694836834473831,0.9292372181882051,0.0,1.0
2026-01-23,,,,,,,,,,,,,,,,,,,,,,,,,,,,,,204,-4.0,210.71428571428572,2.294791,2.3004510000000002,2.3180502857142855,,,3.8,0.09999999999999964,3.685714285714286,0.0,0.01,0.004285714285714286,59.0,0.0,0.38541335945432564,0.9227440286201427,0.0,1.0
2026-01-24,,,,,,,,,,,,,,,,,,,,,,,,,,,,,,227,23.0,212.28571428571428,2.375937,2.3265966666666666,2.3236157142857143,,,3.9,0.10000000000000009,3.7285714285714286,0.0,0.0,0.004285714285714286,49.0,0.0,0.4012289854475009,0.9159777842484877,0.0,1.0
2026-01-25,,,,,,,,,,,,,,,,,,,,,,,,,,,,,,226,-1.0,214.28571428571428,2.370312,2.3470133333333334,2.3304162857142856,,,4.0,0.10000000000000009,3.7857142857142856,0.0,0.0,0.004285714285714286,38.0,0.0,0.4169258813287287,0.908940487313808,0.0,1.0
2026-01-26,,,,,,,,,,,,,,,,,,,,,,,,,,,,,,224,-2.0,215.0,2.360729,2.3689926666666667,2.3323061428571426,,,4.1,0.09999999999999964,3.8428571428571425,0.02,0.006666666666666667,0.0071428571428571435,22.0,0.5,0.4324994021339788,0.901634220265486,0.0,1.0
2026-01-27,,,,,,,,,,,,,,,,,,,,,,,,,,,,,,237,13.0,218.71428571428572,2.407083,2.3793746666666666,2.3450591428571426,,,4.1,0.0,3.9,0.0,0.006666666666666667,0.0071428571428571435,19.0,0.0,0.44794493940789115,0.8940611451454876,0.0,1.0
2026-01-28,,,,,,,,,,,,,,,,,,,,,,,,,,,,,,336,99.0,237.42857142857142,2.701458,2.4897566666666666,2.402767428571429,,,4.1,0.0,3.9571428571428564,0.08,0.03333333333333333,0.014285714285714287,27.0,2.0,0.4632579225674917,0.88622350294858,0.0,1.0
2026-01-29,,,,,,,,,,,,,,,,,,,,,,,,,,,,,,396,60.0,264.2857142857143,2.848229,2.6522566666666667,2.4797912857142856,,,4.1,0.0,4.014285714285714,0.0,0.02666666666666667,0.014285714285714287,42.0,0.0,0.4784338202547012,0.8781236129591848,0.0,1.0
2026-01-30,,,,,,,,,,,,,,,,,,,,,,,,,,,,,,277,-119.0,274.7142857142857,2.535312,2.6949996666666665,2.514151428571428,,,4.2,0.10000000000000053,4.071428571428571,0.0,0.02666666666666667,0.014285714285714287,47.0,0.0,0.49346814167723735,0.8697638720650646,0.0,1.0
2026-01-31,,,,,,,,,,,,,,,,,,,,,,,,,,,,,,245,-32.0,277.2857142857143,2.435833,2.606458,2.522708,,,4.2,0.0,4.114285714285714,0.0,0.0,0.014285714285714287,48.0,0.0,0.5083564379375122,0.8611467540480452,0.0,1.0
2026-02-01,,,,,,,,,,,,,,,,,,,,,,,,,,,,,,256,11.0,281.57142857142856,2.469687,2.4802773333333334,2.536904428571429,,,4.3,0.09999999999999964,4.157142857142857,0.0,0.0,0.014285714285714287,43.0,0.0,0.5230943033491326,0.8522748088519838,0.49999999999999994,0.8660254037844387
2026-02-02,,,,,,,,,,,,,,,,,,,,,,,,,,,,,,255,-1.0,286.0,2.46802,2.4578466666666667,2.552231714285714,,,4.2,-0.09999999999999964,4.171428571428572,0.0,0.0,0.011428571428571429,45.0,0.0,0.5376773767406141,0.8431506618282,0.49999999999999994,0.8660254037844387
2026-02-03,,,,,,,,,,,,,,,,,,,,,,,,,,,,,,249,-6.0,287.7142857142857,2.447291,2.4616659999999997,2.557975714285714,,,4.3,0.09999999999999964,4.2,0.0,0.0,0.011428571428571429,57.0,0.0,0.5521013427459208,0.8337770129585915,0.49999999999999994,0.8660254037844387
2026-02-04,,,,,,,,,,,,,,,,,,,,,,,,,,,,,,244,-5.0,274.57142857142856,2.434479,2.4499299999999997,2.5198358571428576,,,4.3,0.0,4.228571428571429,0.0,0.0,0.0,60.0,0.0,0.5663619330814524,0.8241566360566663,0.49999999999999994,0.8660254037844387
2026-02-05,,,,,,,,,,,,,,,,,,,,,,,,,,,,,,237,-7.0,251.85714285714286,2.409583,2.4304509999999997,2.457172142857143,,,4.3,0.0,4.257142857142857,0.0,0.0,0.0,48.0,0.0,0.580454927809098,0.8142923779467267,0.49999999999999994,0.8660254037844387
2026-02-06,,,,,,,,,,,,,,,,,,,,,,,,,,,,,,242,5.0,246.85714285714286,2.426354,2.423472,2.4416067142857143,,,4.3,0.0,4.271428571428571,0.0,0.0,0.0,47.0,0.0,0.5943761565849831,0.804187157621448,0.49999999999999994,0.8660254037844387
2026-02-07,,,,,,,,,,,,,,,,,,,,,,,,,,,,,,244,2.0,246.71428571428572,2.433333,2.42309,2.4412495714285716,,,4.3,0.0,4.285714285714286,0.0,0.0,0.0,50.0,0.0,0.6081214998935418,0.7938439653781019,0.49999999999999994,0.8660254037844387
2026-02-08,,,,,,,,,,,,,,,,,,,,,,,,,,,,,,243,-1.0,244.85714285714286,2.430729,2.4301386666666667,2.4356841428571427,,,4.3,0.0,4.285714285714286,0.0,0.0,0.0,62.0,0.0,0.6216868902665479,0.7832658619336791,0.49999999999999994,0.8660254037844387
2026-02-09,,,,,,,,,,,,,,,,,,,,,,,,,,,,,,245,2.0,243.42857142857142,2.436562,2.433541333333334,2.431190142857143,,,4.3,0.0,4.3,0.0,0.0,0.0,65.0,0.0,0.6350683134867438,0.7724559775191742,0.49999999999999994,0.8660254037844387
2026-02-10,,,,,,,,,,,,,,,,,,,,,,,,,,,,,,243,-2.0,242.57142857142858,2.429479,2.4322566666666665,2.4286455714285715,,,4.3,0.0,4.3,0.0,0.0,0.0,61.0,0.0,0.6482618097757122,0.7614175109532997,0.49999999999999994,0.8660254037844387
2026-02-11,,,,,,,,,,,,,,,,,,,,,,,,,,,,,,242,-1.0,242.28571428571428,2.425,2.430347,2.4272914285714284,,,4.4,0.10000000000000053,4.314285714285714,0.0,0.0,0.0,63.0,0.0,0.6612634749656386,0.7501537286959042,0.49999999999999994,0.8660254037844387
2026-02-12,,,,,,,,,,,,,,,,,,,,,,,,,,,,,,245,3.0,243.42857142857142,2.436041,2.430173333333333,2.4310711428571428,,,4.4,0.0,4.328571428571428,0.0,0.0,0.0,72.0,0.0,0.6740694616546161,0.7386679638813748,0.49999999999999994,0.8660254037844387
2026-02-13,,,,,,,,,,,,,,,,,,,,,,,,,,,,,,245,0.0,243.85714285714286,2.435208,2.432083,2.432336,,,4.6,0.1999999999999993,4.371428571428572,0.0,0.0,0.0,45.0,0.0,0.6866759803451553,0.726963615332308,0.49999999999999994,0.8660254037844387
2026-02-14,,,,,,,,,,,,,,,,,,,,,,,,,,,,,,251,6.0,244.85714285714286,2.45375,2.4416663333333335,2.435252714285714,,,4.6,0.0,4.414285714285714,0.0,0.0,0.0,63.0,0.0,0.6990793005655562,0.7150441465537444,0.49999999999999994,0.8660254037844387
2026-02-15,,,,,,,,,,,,,,,,,,,,,,,,,,,,,,243,-8.0,244.85714285714286,2.428958,2.4393053333333334,2.434999714285714,,,4.6,0.0,4.457142857142857,0.0,0.0,0.0,56.0,0.0,0.7112757519738152,0.7029130847082615,0.49999999999999994,0.8660254037844387
2026-02-16,,,,,,,,,,,,,,,,,,,,,,,,,,,,,,245,2.0,244.85714285714286,2.435833,2.4395136666666666,2.4348955714285716,,,4.6,0.0,4.5,0.02,0.006666666666666667,0.002857142857142857,54.0,0.0,0.7232617254437388,0.6905740195722294,0.49999999999999994,0.8660254037844387
2026-02-17,,,,,,,,,,,,,,,,,,,,,,,,,,,,,,245,0.0,245.14285714285714,2.436875,2.433888666666667,2.435952142857143,,,4.8,0.20000000000000018,4.571428571428571,0.0,0.006666666666666667,0.002857142857142857,55.0,0.0,0.7350336741329412,0.6780306024735382,0.49999999999999994,0.8660254037844387
2026-02-18,,,,,,,,,,,,,,,,,,,,,,,,,,,,,,241,-4.0,245.0,2.4225,2.4317360000000003,2.4355949999999997,,,4.9,0.10000000000000053,4.642857142857143,0.0,0.006666666666666667,0.002857142857142857,70.0,0.0,0.746588114532413,0.6652865452111116,0.49999999999999994,0.8660254037844387
2026-02-19,,,,,,,,,,,,,,,,,,,,,,,,,,,,,,227,-14.0,242.42857142857142,2.37677,2.4120483333333333,2.427127714285714,,,4.9,0.0,4.714285714285714,0.0,0.0,0.002857142857142857,67.0,0.0,0.7579216274973472,0.6523456189565257,0.49999999999999994,0.8660254037844387
2026-02-20,,,,,,,,,,,,,,,,,,,,,,,,,,,,,,222,-5.0,239.14285714285714,2.356458,2.3852426666666666,2.415877714285714,,,5.1,0.1999999999999993,4.785714285714286,0.0,0.0,0.002857142857142857,51.0,0.0,0.7690308592589181,0.6392116531380588,0.49999999999999994,0.8660254037844387
2026-02-21,,,,,,,,,,,,,,,,,,,,,,,,,,,,,,226,4.0,235.57142857142858,2.372291,2.368506333333334,2.4042407142857143,,,5.2,0.10000000000000053,4.871428571428571,0.0,0.0,0.002857142857142857,50.0,0.0,0.7799125224167177,0.6258885343075018,0.49999999999999994,0.8660254037844387
2026-02-22,,,,,,,,,,,,,,,,,,,,,,,,,,,,,,225,-1.0,233.0,2.367604,2.365451,2.395475857142857,,,5.2,0.0,4.957142857142857,0.0,0.0,0.002857142857142857,37.0,0.0,0.7905633969115482,0.612380204990065,0.49999999999999994,0.8660254037844387
2026-02-23,,,,,,,,,,,,,,,,,,,,,,,,,,,,,,228,3.0,230.57142857142858,2.379062,2.3729856666666667,2.387365714285714,,,5.2,0.0,5.042857142857143,0.0,0.0,0.0,27.0,0.0,0.8009803309782905,0.5986906625177214,0.49999999999999994,0.8660254037844387
2026-02-24,,,,,,,,,,,,,,,,,,,,,,,,,,,,,,222,-6.0,227.28571428571428,2.37625,2.3743053333333335,2.378705,,,5.4,0.20000000000000018,5.128571428571429,0.0,0.0,0.0,45.0,0.0,0.8111602420785621,0.5848239578463322,0.49999999999999994,0.8660254037844387
2026-02-25,,,,,,,,,,,,,,,,,,,,,,,,,,,,,,222,0.0,224.57142857142858,2.390416,2.381909333333333,2.3741215714285713,,,5.9,0.5,5.271428571428571,0.0,0.0,0.0,52.0,0.0,0.8211001178128892,0.5707841943569036,0.49999999999999994,0.8660254037844387
2026-02-26,,,,,,,,,,,,,,,,,,,,,,,,,,,,,,221,-1.0,223.71428571428572,2.383541,2.383402333333333,2.375088857142857,,,6.2,0.2999999999999998,5.457142857142857,0.0,0.0,0.0,65.0,0.0,0.8307970168121247,0.5565755266413303,0.49999999999999994,0.8660254037844387
2026-02-27,,,,,,,,,,,,,,,,,,,,,,,,,,,,,,216,-5.0,222.85714285714286,2.365833,2.37993,2.3764281428571428,,,6.3,0.09999999999999964,5.628571428571428,0.0,0.0,0.0,72.0,0.0,0.8402480696078469,0.5422021592729844,0.49999999999999994,0.8660254037844387
2026-02-28,,,,,,,,,,,,,,,,,,,,,,,,,,,,,,218,2.0,221.71428571428572,2.3725,2.373958,2.376458,,,6.3,0.0,5.7857142857142865,0.0,0.0,0.0,68.0,0.0,0.8494504794814806,0.527668345562516,0.49999999999999994,0.8660254037844387
2026-03-01,,,,,,,,,,,,,,,,,,,,,,,,,,,,,,219,1.0,220.85714285714286,2.3775,2.3719443333333334,2.3778717142857144,,,6.3,0.0,5.942857142857143,0.0,0.0,0.0,62.0,0.0,0.8584015232918917,0.512978386299228,0.8660254037844386,0.5000000000000001
2026-03-02,,,,,,,,,,,,,,,,,,,,,,,,,,,,,,218,-1.0,219.42857142857142,2.373229,2.3744096666666668,2.3770384285714283,,,6.3,0.0,6.1,0.0,0.0,0.0,65.0,0.0,0.8670985522812081,0.4981366284784055,0.8660254037844386,0.5000000000000001
2026-03-03,,,,,,,,,,,,,,,,,,,,,,,,,,,,,,221,3.0,219.28571428571428,2.384479,2.378402666666666,2.378214,,,6.3,0.0,6.228571428571429,0.0,0.0,0.0,68.0,0.0,0.8755389928586302,0.4831474640149687,0.8660254037844386,0.5000000000000001
2026-03-04,,,,,,,,,,,,,,,,,,,,,,,,,,,,,,230,9.0,220.42857142857142,2.415416,2.3910413333333334,2.381785428571429,,,6.4,0.10000000000000053,6.3,0.0,0.0,0.0,61.0,0.0,0.8837203473619977,0.4680153284438345,0.8660254037844386,0.5000000000000001
2026-03-05,,,,,,,,,,,,,,,,,,,,,,,,,,,,,,266,36.0,226.85714285714286,2.533645,2.444513333333333,2.403228857142857,,,6.4,0.0,6.328571428571428,0.0,0.0,0.0,69.0,0.0,0.8916401947968874,0.45274469960737107,0.8660254037844386,0.5000000000000001
2026-03-06,,,,,,,,,,,,,,,,,,,,,,,,,,,,,,273,7.0,235.0,2.551875,2.500312,2.4298062857142857,,,7.4,1.0,6.485714285714287,0.5,0.16666666666666666,0.07142857142857142,48.0,0.0,0.8992961915530253,0.4373400963303323,0.8660254037844386,0.5000000000000001
2026-03-07,,,,,,,,,,,,,,,,,,,,,,,,,,,,,,230,-43.0,236.71428571428572,2.416145,2.500555,2.436041285714286,,,7.4,0.0,6.642857142857143,0.0,0.16666666666666666,0.07142857142857142,60.0,0.0,0.9066860720977985,0.4218060770826634,0.8660254037844386,0.5000000000000001
2026-03-08,,,,,,,,,,,,,,,,,,,,,,,,,,,,,,232,2.0,238.57142857142858,2.424021,2.4640136666666668,2.442687142857143,,,7.5,0.09999999999999964,6.814285714285715,,0.25,0.08333333333333333,68.0,,0.9138076496466615,0.40614723863057883,0.8660254037844386,0.5000000000000001
2026-03-09,,,,,,,,,,,,,,,,,,,,,,,,,,,,,,235,3.0,241.0,2.43302,2.4243953333333335,2.4512287142857145,,,7.5,0.0,6.985714285714287,,,0.1,32.0,12.0,0.9206588168102428,0.3903682146763026,0.8660254037844386,0.5000000000000001
2026-03-10,,,,,,,,,,,,,,,,,,,,,,,,,,,,,,216,-19.0,240.28571428571428,2.36625,2.4077636666666664,2.4486245714285713,,,7.6,0.09999999999999964,7.171428571428572,0.0,,0.1,46.0,0.0,0.9272375462179537,0.374473674486883,0.8660254037844386,0.5000000000000001
2026-03-11,,,,,,,,,,,,,,,,,,,,,,,,,,,,,,199,-17.0,235.85714285714286,2.307708,2.3689926666666667,2.4332377142857142,,,7.6,0.0,7.3428571428571425,0.0,0.0,0.1,62.0,0.0,0.9335418911179212,0.35846832151248087,0.8660254037844386,0.5000000000000001
2026-03-12,,,,,,,,,,,,,,,,,,,,,,,,,,,,,,193,-6.0,225.42857142857142,2.283229,2.319062333333333,2.397464,,,7.6,0.0,7.514285714285714,0.0,0.0,0.1,72.0,0.0,0.9395699859530622,0.342356891994542,0.8660254037844386,0.5000000000000001
2026-03-13,,,,,,,,,,,,,,,,,,,,,,,,,,,,,,192,-1.0,213.85714285714286,2.281458,2.2907983333333335,2.358833,,,7.6,0.0,7.542857142857144,0.02,0.006666666666666667,0.004,69.0,0.0,0.945320046913132,0.3261441535642696,0.8660254037844386,0.5000000000000001
2026-03-14,,,,,,,,,,,,,,,,,,,,,,,,,,,,,,194,2.0,208.71428571428572,2.28927,2.2846523333333337,2.340708,,,7.7,0.10000000000000053,7.5857142857142845,0.0,0.006666666666666667,0.004,49.0,0.0,0.9507903724625832,0.3098349038318025,0.8660254037844386,0.5000000000000001
2026-03-15,,,,,,,,,,,,,,,,,,,,,,,,,,,,,,202,8.0,204.42857142857142,2.318437,2.2963883333333333,2.325624571428572,,,7.7,0.0,7.614285714285714,0.0,0.006666666666666667,0.0033333333333333335,67.0,0.0,0.9559793438440766,0.2934339689665273,0.8660254037844386,0.5000000000000001
2026-03-16,,,,,,,,,,,,,,,,,,,,,,,,,,,,,,189,-13.0,197.85714285714286,2.267812,2.2918396666666667,2.3020234285714283,,,7.9,0.20000000000000018,7.671428571428571,0.0,0.0,0.002857142857142857,69.0,0.0,0.9608854255574977,0.27694620226893646,0.8660254037844386,0.5000000000000001
2026-03-17,,,,,,,,,,,,,,,,,,,,,,,,,,,,,,199,10.0,195.42857142857142,2.305416,2.2972216666666667,2.2933328571428575,,,7.9,0.0,7.714285714285714,0.34,0.11333333333333334,0.051428571428571435,72.0,5.5,0.9655071658143364,0.2603764827344581,0.8660254037844386,0.5000000000000001
2026-03-18,,,,,,,,,,,,,,,,,,,,,,,,,,,,,,195,-4.0,194.85714285714286,2.29427,2.2891660000000003,2.291413142857143,,,7.8,-0.10000000000000053,7.742857142857143,0.09,0.14333333333333334,0.0642857142857143,24.0,1.0,0.969843196967294,0.24372971360968387,0.8660254037844386,0.5000000000000001
2026-03-19,,,,,,,,,,,,,,,,,,,,,,,,,,,,,,201,6.0,196.0,2.314583,2.304756333333333,2.295892285714286,,,7.8,0.0,7.771428571428571,0.0,0.14333333333333334,0.0642857142857143,49.0,0.0,0.9738922359149924,0.22701082094141847,0.8660254037844386,0.5000000000000001
2026-03-20,,,,,,,,,,,,,,,,,,,,,,,,,,,,,,233,32.0,201.85714285714286,2.425416,2.344756333333333,2.3164577142857143,,,7.6,-0.20000000000000018,7.771428571428571,0.0,0.03,0.06142857142857144,70.0,0.0,0.9776530844816641,0.2102247521189836,0.8660254037844386,0.5000000000000001
2026-03-21,,,,,,,,,,,,,,,,,,,,,,,,,,,,,,238,5.0,208.14285714285714,2.442083,2.3940273333333333,2.3382881428571425,,,7.4,-0.1999999999999993,7.728571428571429,0.0,0.0,0.06142857142857144,80.0,0.0,0.981124629771712,0.19337647441020586,0.8660254037844386,0.5000000000000001
2026-03-22,,,,,,,,,,,,,,,,,,,,,,,,,,,,,,241,3.0,213.71428571428572,2.453333,2.440277333333333,2.3575589999999997,,,7.4,0.0,7.685714285714285,0.0,0.0,0.06142857142857144,83.0,0.0,0.984305844499033,0.17647097349152166,0.8660254037844386,0.5000000000000001
2026-03-23,,,,,,,,,,,,,,,,,,,,,,,,,,,,,,243,2.0,221.42857142857142,2.459166,2.4515273333333334,2.3848952857142858,,,7.3,-0.10000000000000053,7.6000000000000005,0.0,0.0,0.06142857142857144,83.0,0.0,0.9871957872910085,0.15951325197263655,0.8660254037844386,0.5000000000000001
2026-03-24,,,,,,,,,,,,,,,,,,,,,,,,,,,,,,238,-5.0,227.0,2.44375,2.452083,2.404657285714286,,,7.2,-0.09999999999999964,7.5,0.0,0.0,0.012857142857142857,88.0,0.0,0.9897936029670716,0.14250832791617088,0.8660254037844386,0.5000000000000001
2026-03-25,,,,,,,,,,,,,,,,,,,,,,,,,,,,,,199,-39.0,227.57142857142858,2.30802,2.4036453333333334,2.406621571428571,,,7.0,-0.20000000000000018,7.385714285714286,0.0,0.0,0.0,61.0,0.0,0.992098522791769,0.12546123335273648,0.8660254037844386,0.5000000000000001
2026-03-26,,,,,,,,,,,,,,,,,,,,,,,,,,,,,,207,8.0,228.42857142857142,2.335937,2.362569,2.409672142857143,,,6.7,-0.2999999999999998,7.228571428571429,0.0,0.0,0.0,70.0,0.0,0.9941098647022418,0.10837701279187609,0.8660254037844386,0.5000000000000001
2026-03-27,,,,,,,,,,,,,,,,,,,,,,,,,,,,,,205,-2.0,224.42857142857142,2.328541,2.324166,2.395832857142857,,,6.6,-0.10000000000000053,7.085714285714286,0.0,0.0,0.0,74.0,0.0,0.9958270335100595,0.09126072172931188,0.8660254037844386,0.5000000000000001
2026-03-28,,,,,,,,,,,,,,,,,,,,,,,,,,,,,,191,-14.0,217.71428571428572,2.278125,2.314201,2.3724102857142855,,,6.6,0.0,6.971428571428572,0.0,0.0,0.0,87.0,0.0,0.9972495210773451,0.07411742515094437,0.8660254037844386,0.5000000000000001
2026-03-29,,,,,,,,,,,,,,,,,,,,,,,,,,,,,,182,-9.0,209.28571428571428,2.243958,2.2835413333333334,2.3424995714285717,,,6.4,-0.1999999999999993,6.828571428571429,0.0,0.0,0.0,77.0,0.0,0.998376906467142,0.056952196034039754,0.8660254037844386,0.5000000000000001
2026-03-30,,,,,,,,,,,,,,,,,,,,,,,,,,,,,,181,-1.0,200.42857142857142,2.237708,2.2532636666666668,2.3108627142857148,,,6.4,0.0,6.7,0.0,0.0,0.0,50.0,0.0,0.9992088560679753,0.03977011384605572,0.8660254037844386,0.5000000000000001
2026-03-31,,,,,,,,,,,,,,,,,,,,,,,,,,,,,,181,0.0,192.28571428571428,2.237604,2.239756666666667,2.2814132857142857,,,6.2,-0.20000000000000018,6.557142857142858,0.0,0.0,0.0,79.0,0.0,0.9997451236925734,0.022576263041545485,0.8660254037844386,0.5000000000000001
2026-04-01,2.3,,,,60.5,,,,2.0,,,,299.0,,,,8.3,,,,7.7,,,,9.8,,,,2.4,180,-1.0,189.57142857142858,2.234166,2.236492666666667,2.2708627142857147,,,6.3,0.09999999999999964,6.457142857142857,0.0,0.0,0.0,77.0,0.0,0.9999855506507186,0.005375731557583884,1.0,6.123233995736766e-17
2026-04-02,2.3,0.0,2.3,,60.6,0.10000000000000142,60.55,,2.0,0.0,2.0,,301.0,2.0,300.0,,8.4,0.09999999999999964,8.35,,9.5,1.7999999999999998,8.600000000000005,,9.4,-0.40000000000000036,9.600000000000001,,3.9,180,0.0,185.71428571428572,2.232395,2.2347216666666667,2.256071,371.42857142857144,602.0,6.5,0.20000000000000018,6.428571428571429,0.0,0.0,0.0,76.0,0.0,0.9999300657962057,-0.011826390691832589,1.0,6.123233995736766e-17
2026-04-03,2.2,-0.09999999999999964,2.2666666666666666,,61.0,0.3999999999999986,60.699999999999996,,2.9,0.8999999999999999,2.300000000000001,,318.0,17.0,306.0,,8.4,0.0,8.366666666666667,,9.3,-0.1999999999999993,8.833333333333337,,9.6,0.1999999999999993,9.6,,4.1,224,44.0,188.42857142857142,2.395208,2.287256333333333,2.2655948571428572,433.38571428571447,731.4000000000003,6.6,0.09999999999999964,6.428571428571429,0.0,0.0,0.0,53.0,0.0,0.9995786855478958,-0.029025013321975237,1.0,6.123233995736766e-17
2026-04-04,2.2,0.0,2.2333333333333334,2.25,61.0,0.0,60.86666666666667,60.775,2.5,-0.3999999999999999,2.466666666666668,2.35,320.0,2.0,313.0,309.5,8.4,0.0,8.4,8.375,8.2,-1.1000000000000014,9.000000000000004,8.675,9.9,0.3000000000000007,9.633333333333333,9.675,2.9,220,-4.0,192.57142857142858,2.382604,2.3367356666666663,2.2805204285714287,475.0095238095241,789.3333333333338,7.2,0.6000000000000005,6.514285714285713,0.02,0.006666666666666667,0.002857142857142857,56.0,0.0,0.9989315138848577,-0.046215046983708354,1.0,6.123233995736766e-17
2026-04-05,2.2,0.0,2.2,2.2399999999999998,62.0,1.0,61.333333333333336,61.02,2.3,-0.20000000000000018,2.566666666666668,2.34,325.0,5.0,321.0,312.6,8.4,0.0,8.4,8.38,8.7,0.5,8.733333333333336,8.68,9.8,-0.09999999999999964,9.766666666666667,9.7,2.8,215,-5.0,197.28571428571428,2.363854,2.380555333333333,2.2976484285714283,506.36666666666696,834.1666666666672,7.1,-0.10000000000000053,6.614285714285714,0.0,0.006666666666666667,0.002857142857142857,70.0,0.0,0.9979887423155984,-0.06339140486951038,1.0,6.123233995736766e-17
2026-04-06,2.2,0.0,2.2,2.2333333333333334,61.0,-1.0,61.333333333333336,61.01666666666667,2.2,-0.09999999999999964,2.3333333333333344,2.316666666666667,325.0,0.0,323.3333333333333,314.6666666666667,8.4,0.0,8.4,8.383333333333335,8.7,0.0,8.533333333333337,8.683333333333332,9.8,0.0,9.833333333333334,9.716666666666667,2.6,216,1.0,202.28571428571428,2.365937,2.3707983333333336,2.315966857142857,472.00000000000017,758.3333333333337,6.8,-0.2999999999999998,6.671428571428572,0.0,0.006666666666666667,0.002857142857142857,54.0,0.0,0.9967506498213929,-0.08054900421874167,1.0,6.123233995736766e-17
2026-04-07,2.2,0.0,2.2,2.2285714285714286,63.5,2.5,62.166666666666664,61.371428571428574,2.1,-0.10000000000000009,2.2000000000000015,2.2857142857142856,323.0,-2.0,324.3333333333333,315.85714285714283,8.4,0.0,8.4,8.385714285714286,8.4,-0.29999999999999893,8.600000000000003,8.642857142857142,9.8,0.0,9.8,9.72857142857143,3.3,217,1.0,207.42857142857142,2.371666,2.3671523333333333,2.335118571428571,456.34285714285744,710.6000000000005,6.7,-0.09999999999999964,6.742857142857142,0.0,0.0,0.002857142857142857,61.0,0.0,0.9952176027737294,-0.09768276782171598,1.0,6.123233995736766e-17
2026-04-08,2.3,0.09999999999999964,2.2333333333333334,2.2285714285714286,62.0,-1.5,62.166666666666664,61.58571428571429,2.0,-0.10000000000000009,2.1000000000000014,2.2857142857142856,325.0,2.0,324.3333333333333,319.57142857142856,8.4,0.0,8.4,8.4,9.0,0.5999999999999996,8.700000000000003,8.828571428571427,9.7,-0.10000000000000142,9.766666666666666,9.714285714285714,2.4,217,0.0,212.71428571428572,2.371458,2.3696870000000003,2.3547317142857147,446.70000000000033,682.5000000000005,6.6,-0.10000000000000053,6.785714285714286,0.0,0.0,0.002857142857142857,66.0,0.0,0.9933900548258936,-0.11478762552212701,1.0,6.123233995736766e-17
2026-04-09,2.2,-0.09999999999999964,2.2333333333333334,2.2142857142857144,63.0,1.0,62.833333333333336,61.92857142857143,2.1,0.10000000000000009,2.066666666666668,2.3000000000000003,327.0,2.0,325.0,323.2857142857143,8.4,0.0,8.4,8.4,9.1,0.09999999999999964,8.833333333333337,8.77142857142857,9.7,0.0,9.733333333333334,9.757142857142856,7.6,227,10.0,219.42857142857142,2.401354,2.3814926666666665,2.3788687142857143,453.4857142857146,675.8000000000005,6.3,-0.2999999999999998,6.757142857142857,0.0,0.0,0.002857142857142857,65.0,0.0,0.9912685467787256,-0.13185851571739118,1.0,6.123233995736766e-17
2026-04-10,2.3,0.09999999999999964,2.2666666666666666,2.2285714285714286,63.6,0.6000000000000014,62.866666666666674,62.3,4.8,2.6999999999999997,2.9666666666666686,2.5714285714285716,336.0,9.0,329.3333333333333,325.85714285714283,8.4,0.0,8.4,8.4,8.6,-0.5,8.900000000000004,8.67142857142857,9.8,0.10000000000000142,9.733333333333333,9.785714285714286,6.6,276,49.0,226.85714285714286,2.564375,2.445729,2.4030354285714286,673.0095238095242,996.8000000000006,6.2,-0.09999999999999964,6.7,0.0,0.0,0.002857142857142857,71.0,0.0,0.9888537064205885,-0.1488903868564548,1.0,6.123233995736766e-17
2026-04-11,2.3,0.0,2.2666666666666666,2.242857142857143,67.1,3.499999999999993,64.56666666666666,63.17142857142857,3.9,-0.8999999999999999,3.6000000000000014,2.7714285714285714,337.0,1.0,333.3333333333333,328.2857142857143,8.4,0.0,8.4,8.4,9.3,0.7000000000000011,9.000000000000002,8.82857142857143,9.6,-0.20000000000000107,9.700000000000001,9.742857142857144,4.5,274,-2.0,234.57142857142858,2.557083,2.507604,2.427961,844.4571428571433,1213.2000000000005,6.2,0.0,6.557142857142858,0.0,0.0,0.0,71.0,0.0,0.986146248341595,-0.16587819893463143,1.0,6.123233995736766e-17
2026-04-12,2.2,-0.09999999999999964,2.2666666666666666,2.242857142857143,66.4,-0.6999999999999886,65.7,63.8,3.4,-0.5,4.033333333333335,2.9285714285714284,337.0,0.0,336.6666666666667,330.0,8.4,0.0,8.4,8.4,9.7,0.3999999999999986,9.200000000000003,8.971428571428572,9.5,-0.09999999999999964,9.633333333333333,9.700000000000001,4.1,275,1.0,243.14285714285714,2.559791,2.560416333333334,2.455952,980.6761904761909,1359.2333333333338,5.9,-0.2999999999999998,6.385714285714286,0.0,0.0,0.0,70.0,0.0,0.9831469737221499,-0.1828169249850199,1.0,6.123233995736766e-17
2026-04-13,1.2,-1.0000000000000002,1.9000000000000001,2.1,67.0,0.5999999999999943,66.83333333333333,64.65714285714286,3.0,-0.3999999999999999,3.433333333333335,3.042857142857143,335.0,-2.0,336.3333333333333,331.42857142857144,8.4,0.0,8.4,8.4,9.8,0.10000000000000142,9.600000000000003,9.128571428571428,9.4,-0.09999999999999964,9.5,9.642857142857142,3.7,267,-8.0,250.42857142857142,2.533854,2.550242666666667,2.479940142857143,859.8047619047622,1150.1666666666672,5.4,-0.5,6.185714285714285,0.0,0.0,0.0,62.0,0.0,0.9798567700958665,-0.1997015525660636,1.0,6.123233995736766e-17
2026-04-14,2.3,1.0999999999999999,1.9000000000000001,2.1142857142857143,68.5,1.5,67.30000000000001,65.37142857142857,2.2,-0.7999999999999998,2.8666666666666685,3.0571428571428574,330.0,-5.0,334.0,332.42857142857144,8.4,0.0,8.4,8.4,8.7,-1.1000000000000014,9.400000000000004,9.171428571428573,9.7,0.29999999999999893,9.533333333333333,9.62857142857143,2.5,228,-39.0,252.0,2.411562,2.501735666666667,2.4856395714285715,722.4000000000004,946.0000000000006,5.6,0.1999999999999993,6.028571428571429,0.0,0.0,0.0,74.0,0.0,0.9762766110869321,-0.21652708524481437,1.0,6.123233995736766e-17
2026-04-15,2.3,0.0,1.9333333333333333,2.1142857142857143,73.2,4.700000000000003,69.56666666666666,66.97142857142856,2.1,-0.10000000000000009,2.433333333333335,3.0714285714285716,327.0,-3.0,330.6666666666667,332.7142857142857,8.4,0.0,8.4,8.4,8.6,-0.09999999999999964,9.033333333333337,9.114285714285714,9.8,0.10000000000000142,9.633333333333333,9.642857142857142,2.4,232,4.0,254.14285714285714,2.424479,2.4566316666666665,2.4932139999999996,618.414285714286,795.7000000000005,6.0,0.40000000000000036,5.942857142857143,0.0,0.0,0.0,74.0,0.0,0.9724075561219968,-0.23328854407545518,1.0,6.123233995736766e-17
2026-04-16,2.3,0.0,2.3,2.1285714285714286,71.4,-1.7999999999999972,71.03333333333333,68.17142857142856,2.1,0.0,2.133333333333335,3.0714285714285716,329.0,2.0,328.6666666666667,333.0,8.4,0.0,8.4,8.4,9.9,1.3000000000000007,9.06666666666667,9.22857142857143,9.4,-0.40000000000000036,9.633333333333335,9.6,2.7,230,-2.0,254.57142857142858,2.415625,2.4172219999999998,2.4952527142857144,543.0857142857147,701.8666666666672,6.0,0.0,5.9,0.0,0.0,0.0,72.0,0.0,0.9682507501166718,-0.2499809690726521,1.0,6.123233995736766e-17
2026-04-17,2.7,0.40000000000000036,2.433333333333333,2.185714285714286,71.1,-0.30000000000001137,71.9,69.24285714285715,2.3,0.19999999999999973,2.1666666666666683,2.7142857142857144,327.0,-2.0,327.6666666666667,331.7142857142857,8.4,0.0,8.4,8.4,6.6,-3.3000000000000007,8.366666666666669,8.942857142857143,10.2,0.7999999999999989,9.8,9.657142857142857,3.2,240,10.0,249.42857142857142,2.449375,2.429826333333333,2.4788241428571425,540.4285714285718,708.5000000000006,6.1,0.09999999999999964,5.885714285714286,0.0,0.0,0.0,,0.0,0.9638074231367307,-0.26659942067929354,1.0,6.123233995736766e-17
2026-04-18,2.3,-0.40000000000000036,2.433333333333333,2.1857142857142855,70.0,-1.0999999999999943,70.83333333333333,69.65714285714286,2.4,0.10000000000000009,2.266666666666668,2.5,330.0,3.0,328.6666666666667,330.7142857142857,8.4,0.0,8.4,8.4,5.7,-0.8999999999999995,7.400000000000003,8.428571428571429,10.7,0.5,10.1,9.814285714285715,3.0,249,9.0,245.85714285714286,2.478437,2.4478123333333333,2.4675890000000003,557.2761904761908,748.0000000000005,6.4,0.3000000000000007,5.914285714285714,0.0,0.0,0.0,66.0,0.0,0.9590788900341131,-0.28313898122818354,1.0,6.123233995736766e-17
2026-04-19,2.2,-0.09999999999999964,2.4,2.185714285714286,69.0,-1.0,70.03333333333333,70.02857142857144,2.4,0.0,2.366666666666668,2.357142857142857,330.0,0.0,329.0,329.7142857142857,8.4,0.0,8.4,8.4,9.1,3.3999999999999995,7.133333333333337,8.342857142857143,9.7,-1.0,10.2,9.842857142857143,2.7,244,-5.0,241.42857142857142,2.462291,2.4633676666666666,2.4536604285714287,571.3809523809526,781.0000000000005,6.1,-0.3000000000000007,5.942857142857143,0.0,0.0,0.0,75.0,0.0,0.9540665500578387,-0.2995947563972602,1.0,6.123233995736766e-17
2026-04-20,2.2,0.0,2.2333333333333334,2.3285714285714287,69.7,0.7000000000000028,69.56666666666666,70.41428571428573,1.8,-0.5999999999999999,2.2000000000000015,2.185714285714286,319.0,-11.0,326.3333333333333,327.42857142857144,8.4,0.0,8.4,8.4,10.6,1.5,8.46666666666667,8.457142857142857,9.3,-0.3999999999999986,9.9,9.828571428571427,2.2,203,-41.0,232.28571428571428,2.321979,2.4209023333333333,2.4233925714285713,511.02857142857175,701.8000000000005,6.0,-0.09999999999999964,6.028571428571429,0.36,0.12,0.05142857142857143,39.0,6.0,0.9487718864399473,-0.31596187665790293,1.0,6.123233995736766e-17
2026-04-21,2.2,0.0,2.2,2.314285714285714,69.6,-0.10000000000000853,69.43333333333334,70.57142857142857,1.7,-0.10000000000000009,1.9666666666666683,2.1142857142857143,319.0,0.0,322.6666666666667,325.85714285714283,8.4,0.0,8.4,8.4,11.6,1.0,10.433333333333337,8.871428571428572,9.1,-0.20000000000000107,9.366666666666667,9.742857142857144,2.3,199,-4.0,228.14285714285714,2.30625,2.3635066666666664,2.408348,448.68095238095276,627.3666666666672,5.4,-0.5999999999999996,6.0,0.0,0.12,0.05142857142857143,56.0,0.0,0.9431964659565866,-0.33223549871590435,1.0,6.123233995736766e-17
2026-04-22,2.3,0.09999999999999964,2.2333333333333334,2.314285714285714,69.5,-0.09999999999999432,69.60000000000001,70.04285714285713,1.6,-0.09999999999999987,1.7000000000000017,2.042857142857143,319.0,0.0,319.0,324.7142857142857,8.5,0.09999999999999964,8.433333333333332,8.414285714285715,12.2,0.5999999999999996,11.466666666666669,9.385714285714286,8.9,-0.1999999999999993,9.1,9.614285714285714,2.0,197,-2.0,223.14285714285714,2.3,2.309409666666667,2.3905652857142856,379.3428571428575,542.3000000000005,5.5,0.09999999999999964,5.928571428571429,0.0,0.12,0.05142857142857143,71.0,0.0,0.9373419384643772,-0.3484108069446808,1.0,6.123233995736766e-17
2026-04-23,2.3,0.0,2.2666666666666666,2.314285714285714,70.5,1.0,69.86666666666667,69.91428571428571,1.7,0.09999999999999987,1.666666666666668,1.9857142857142855,321.0,2.0,319.6666666666667,323.57142857142856,8.5,0.0,8.466666666666667,8.428571428571429,11.3,-0.8999999999999986,11.700000000000003,9.585714285714285,9.1,0.1999999999999993,9.033333333333333,9.571428571428571,2.3,198,1.0,218.57142857142858,2.305208,2.303819333333333,2.374791428571428,364.2857142857146,535.0000000000005,5.3,-0.20000000000000018,5.828571428571428,0.0,0.0,0.05142857142857143,77.0,0.0,0.9312100364121947,-0.3644830148102912,1.0,6.123233995736766e-17
2026-04-24,2.2,-0.09999999999999964,2.2666666666666666,2.242857142857143,70.4,-0.09999999999999432,70.13333333333333,69.81428571428572,2.2,0.5000000000000002,1.8333333333333348,1.9714285714285715,320.0,-1.0,320.0,322.57142857142856,8.4,-0.09999999999999964,8.466666666666667,8.428571428571429,10.1,-1.200000000000001,11.200000000000003,10.085714285714285,9.4,0.3000000000000007,9.133333333333333,9.457142857142856,2.5,239,41.0,218.42857142857142,2.448229,2.351145666666666,2.3746277142857144,400.45238095238125,586.6666666666672,4.6,-0.7000000000000002,5.614285714285714,0.0,0.0,0.05142857142857143,83.0,0.0,0.9248025743285089,-0.38044736628785164,1.0,6.123233995736766e-17
2026-04-25,2.3,0.09999999999999964,2.2666666666666666,2.242857142857143,71.9,1.5,70.93333333333334,70.08571428571429,4.0,1.7999999999999998,2.6333333333333346,2.1999999999999997,319.0,-1.0,320.0,321.0,8.4,0.0,8.433333333333332,8.428571428571429,10.0,-0.09999999999999964,10.46666666666667,10.7,9.4,0.0,9.299999999999999,9.271428571428572,4.9,264,25.0,220.57142857142858,2.524479,2.4259720000000002,2.381205142857143,580.8380952380955,840.0333333333338,4.0,-0.5999999999999996,5.271428571428571,0.0,0.0,0.05142857142857143,80.0,0.0,0.9181214482844365,-0.39629913726891813,1.0,6.123233995736766e-17
2026-04-26,2.3,0.0,2.2666666666666666,2.257142857142857,70.4,-1.5,70.89999999999999,70.28571428571429,3.2,-0.7999999999999998,3.1333333333333346,2.3142857142857145,317.0,-2.0,318.6666666666667,319.14285714285717,8.4,0.0,8.4,8.428571428571429,9.0,-1.0,9.700000000000003,10.685714285714285,9.6,0.1999999999999993,9.466666666666667,9.257142857142856,4.1,270,6.0,224.28571428571428,2.545208,2.505972,2.3930504285714282,702.761904761905,993.2666666666671,4.2,0.20000000000000018,5.0,0.0,0.0,0.05142857142857143,61.0,0.0,0.9111686353326631,-0.41203363695942635,1.0,6.123233995736766e-17
2026-04-27,2.2,-0.09999999999999964,2.2666666666666666,2.257142857142857,70.9,0.5,71.06666666666668,70.45714285714286,2.9,-0.30000000000000027,3.3666666666666685,2.4714285714285715,314.0,-3.0,316.6666666666667,318.42857142857144,8.4,0.0,8.4,8.428571428571429,9.0,0.0,9.333333333333336,10.457142857142856,9.6,0.0,9.533333333333333,9.299999999999999,3.4,276,6.0,234.71428571428572,2.564895,2.5448606666666667,2.427752714285714,790.2047619047623,1057.133333333334,4.1,-0.10000000000000053,4.728571428571429,0.0,0.0,0.0,73.0,0.0,0.9039461929224011,-0.42764620926777464,1.0,6.123233995736766e-17
2026-04-28,2.2,0.0,2.2333333333333334,2.257142857142857,67.0,-3.9000000000000057,69.43333333333334,70.08571428571429,2.4,-0.5,2.8333333333333344,2.5714285714285716,315.0,1.0,315.3333333333333,317.85714285714283,8.4,0.0,8.4,8.428571428571429,9.9,0.9000000000000004,9.300000000000002,10.214285714285714,9.5,-0.09999999999999964,9.566666666666668,9.357142857142858,3.2,275,-1.0,245.57142857142858,2.560833,2.5569786666666667,2.464121714285714,695.7857142857146,892.5000000000003,4.2,0.10000000000000053,4.557142857142857,0.0,0.0,0.0,,0.0,0.8964562582905575,-0.44313223418263453,1.0,6.123233995736766e-17
2026-04-29,2.3,0.09999999999999964,2.2333333333333334,2.257142857142857,67.0,0.0,68.30000000000001,69.72857142857143,2.3,-0.10000000000000009,2.5333333333333345,2.6714285714285713,316.0,1.0,315.0,317.42857142857144,8.4,0.0,8.4,8.414285714285715,9.1,-0.8000000000000007,9.333333333333337,9.77142857142857,9.7,0.1999999999999993,9.6,9.471428571428572,2.7,276,1.0,256.85714285714283,2.561979,2.5625690000000003,2.5015472857142855,650.7047619047621,800.5333333333338,3.8,-0.40000000000000036,4.314285714285714,0.23,0.07666666666666667,0.032857142857142856,53.0,0.0,0.8887010478292915,-0.45848712914008766,1.0,6.123233995736766e-17
2026-04-30,2.2,-0.09999999999999964,2.2333333333333334,2.242857142857143,67.8,0.7999999999999972,67.26666666666667,69.34285714285714,2.5,0.20000000000000018,2.400000000000001,2.7857142857142856,310.0,-6.0,313.6666666666667,315.85714285714283,8.3,-0.09999999999999964,8.366666666666667,8.385714285714286,7.7,-1.3999999999999995,8.900000000000004,9.257142857142856,10.0,0.3000000000000007,9.733333333333333,9.6,2.8,288,12.0,269.7142857142857,2.597916,2.5735759999999996,2.5433627142857143,647.3142857142859,744.0000000000002,4.5,0.7000000000000002,4.2,0.07,0.10000000000000002,0.042857142857142864,47.0,0.0,0.8806828564301475,-0.47370635037968,1.0,6.123233995736766e-17
2026-05-01,2.2,0.0,2.2333333333333334,2.242857142857143,67.2,-0.5999999999999943,67.33333333333333,68.88571428571429,,,2.4000000000000017,2.8833333333333333,,,313.0,315.1666666666667,,,8.350000000000001,8.383333333333333,,,8.400000000000006,9.116666666666665,,,9.849999999999998,9.633333333333335,,261,-27.0,272.85714285714283,2.516666,2.5588536666666664,2.5531394285714284,654.8571428571432,,4.7,0.20000000000000018,4.214285714285714,0.02,0.10666666666666667,0.045714285714285714,55.0,0.0,0.8724040568049612,-0.48878539428899265,0.8660254037844387,-0.4999999999999998
2026-05-02,2.2,0.0,2.2,2.2285714285714286,70.0,2.799999999999997,68.33333333333333,68.61428571428571,1.9,,2.200000000000002,2.5333333333333337,312.0,,311.0,314.0,8.4,,8.35,8.383333333333335,10.4,,9.050000000000004,9.183333333333332,9.4,,9.7,9.633333333333333,2.3,215,-46.0,265.85714285714283,2.365208,2.493263333333333,2.5303864285714286,584.8857142857147,686.4000000000007,4.6,-0.10000000000000053,4.3,0.15,0.08,0.06714285714285714,56.0,0.0,0.8638670987837349,-0.503719798736334,0.8660254037844387,-0.4999999999999998
2026-05-03,2.1,-0.10000000000000009,2.1666666666666665,2.2,70.0,0.0,69.06666666666666,68.55714285714285,1.9,0.0,1.9,2.3166666666666664,307.0,-5.0,309.5,312.3333333333333,8.4,0.0,8.4,8.383333333333335,10.6,0.1999999999999993,10.500000000000005,9.45,9.3,-0.09999999999999964,9.350000000000001,9.583333333333334,2.1,213,-2.0,257.7142857142857,2.356875,2.4129163333333334,2.5034817142857144,489.65714285714284,583.3,4.6,0.0,4.357142857142857,0.12,0.09666666666666666,0.08428571428571428,42.0,0.0,0.8550745085896932,-0.518505144391157,0.8660254037844387,-0.4999999999999998
2026-05-04,2.1,0.0,2.1333333333333333,2.185714285714286,65.5,-4.5,68.5,67.78571428571429,1.9,0.0,1.9,2.15,302.0,-5.0,307.0,310.3333333333333,8.4,0.0,8.4,8.383333333333335,10.4,-0.1999999999999993,10.46666666666667,9.683333333333332,9.3,0.0,9.333333333333334,9.533333333333333,2.2,213,0.0,248.71428571428572,2.357708,2.3599303333333332,2.4738835714285714,472.5571428571429,573.8,4.6,0.0,4.428571428571429,0.0,0.08999999999999998,0.08428571428571428,59.0,0.0,0.8460288880917339,-0.533137056031809,0.8660254037844387,-0.4999999999999998
2026-05-05,2.1,0.0,2.1,2.1714285714285717,68.75,3.25,68.08333333333333,68.03571428571429,2.0,0.10000000000000009,1.9333333333333347,2.0833333333333335,300.0,-2.0,303.0,307.8333333333333,8.3,-0.09999999999999964,8.366666666666665,8.366666666666667,8.2,-2.200000000000001,9.733333333333336,9.4,9.8,0.5,9.466666666666669,9.583333333333334,2.4,222,9.0,241.14285714285714,2.38802,2.3675343333333334,2.449196,466.2095238095241,580.0000000000005,4.7,0.10000000000000053,4.5,0.0,0.04,0.08428571428571428,69.0,0.0,0.8367329140344921,-0.5476112038402312,0.8660254037844387,-0.4999999999999998
2026-05-06,2.1,0.0,2.1,2.1428571428571432,69.0,0.25,67.75,68.32142857142857,3.9,1.9,2.6000000000000014,2.35,285.0,-15.0,295.6666666666667,302.6666666666667,8.3,0.0,8.333333333333334,8.35,5.7,-2.499999999999999,8.100000000000003,8.833333333333334,10.5,0.6999999999999993,9.866666666666667,9.716666666666667,4.9,269,47.0,240.14285714285714,2.540833,2.428853666666667,2.4461751428571428,624.3714285714289,741.0000000000005,5.1,0.39999999999999947,4.685714285714285,0.0,0.0,0.05142857142857143,70.0,0.0,0.8271893372462497,-0.5619233046832195,0.8660254037844387,-0.4999999999999998
2026-05-07,2.1,0.0,2.1,2.1285714285714286,68.3,-0.7000000000000028,68.68333333333334,68.39285714285714,2.8,-1.1,2.900000000000001,2.4,294.0,9.0,293.0,300.0,8.4,0.09999999999999964,8.333333333333334,8.366666666666667,7.4,1.7000000000000002,7.100000000000002,8.783333333333333,10.1,-0.40000000000000036,10.133333333333335,9.733333333333334,3.5,261,-8.0,236.28571428571428,2.515625,2.4814926666666666,2.4344192857142857,685.2285714285716,852.6000000000003,5.1,0.0,4.771428571428571,0.19,0.06333333333333334,0.06857142857142857,71.0,0.0,0.8174009818249189,-0.5760691233798758,0.8660254037844387,-0.4999999999999998
2026-05-08,2.1,0.0,2.1,2.1142857142857143,68.5,0.20000000000000284,68.60000000000001,68.57857142857144,2.8,0.0,3.166666666666668,2.457142857142857,294.0,0.0,291.0,299.14285714285717,8.4,0.0,8.366666666666665,8.371428571428572,11.3,3.9000000000000004,8.133333333333336,9.142857142857142,9.2,-0.9000000000000004,9.933333333333334,9.657142857142858,3.6,269,8.0,237.42857142857142,2.542291,2.5329163333333335,2.43808,751.8571428571431,931.0000000000003,4.6,-0.5,4.757142857142857,0.84,0.3433333333333333,0.18571428571428572,38.0,4.0,0.8073707443023492,-0.5900444739548627,0.8660254037844387,-0.4999999999999998
2026-05-09,2.2,0.10000000000000009,2.1333333333333333,2.1142857142857143,68.5,0.0,68.43333333333334,68.36428571428571,4.4,1.6000000000000005,3.3333333333333344,2.814285714285714,289.0,-5.0,292.3333333333333,295.85714285714283,8.4,0.0,8.4,8.371428571428572,12.0,0.6999999999999993,10.233333333333336,9.37142857142857,9.0,-0.1999999999999993,9.433333333333332,9.6,5.2,277,8.0,246.28571428571428,2.56552,2.541145333333333,2.4666959999999998,820.9523809523812,963.3333333333336,4.4,-0.1999999999999993,4.728571428571428,0.16,0.39666666666666667,0.18714285714285714,38.0,0.0,0.7971015927871943,-0.6038452208771035,0.8660254037844387,-0.4999999999999998
2026-05-10,2.2,0.0,2.166666666666667,2.128571428571429,67.5,-1.0,68.16666666666667,68.00714285714285,3.1,-1.3000000000000003,3.433333333333335,2.985714285714286,282.0,-7.0,288.3333333333333,292.2857142857143,8.4,0.0,8.4,8.371428571428572,13.4,1.4000000000000004,12.233333333333336,9.771428571428572,8.8,-0.1999999999999993,9.0,9.528571428571428,5.2,272,-5.0,254.71428571428572,2.549166,2.552325666666667,2.494166142857143,874.519047619048,968.2000000000004,3.4,-1.0000000000000004,4.557142857142857,0.0,0.3333333333333333,0.16999999999999998,66.0,0.0,0.7865965660866021,-0.6174672802835514,0.8660254037844387,-0.4999999999999998
2026-05-11,2.1,-0.10000000000000009,2.1666666666666665,2.1285714285714286,66.5,-1.0,67.5,68.15,2.4,-0.7000000000000002,3.300000000000002,3.057142857142857,288.0,6.0,286.3333333333333,290.2857142857143,8.4,0.0,8.4,8.371428571428572,14.1,0.6999999999999993,13.16666666666667,10.299999999999999,8.6,-0.20000000000000107,8.799999999999999,9.428571428571429,3.0,263,-9.0,261.85714285714283,2.52375,2.5461453333333335,2.517886428571429,864.1285714285718,950.4000000000005,2.1,-1.2999999999999998,4.2,0.0,0.053333333333333295,0.16999999999999998,68.0,0.0,0.7758587728069828,-0.6309066211876704,0.8660254037844387,-0.4999999999999998
2026-05-12,2.2,0.10000000000000009,2.1666666666666665,2.142857142857143,66.0,-0.5,66.66666666666667,67.75714285714285,2.3,-0.10000000000000009,2.6000000000000014,3.1,294.0,6.0,288.0,289.42857142857144,8.4,0.0,8.4,8.385714285714286,14.6,0.5,14.033333333333337,11.214285714285714,8.6,0.0,8.666666666666666,9.257142857142856,14.1,272,9.0,269.0,2.548854,2.5405900000000003,2.5408627142857148,699.4000000000004,764.4000000000004,1.3,-0.8,3.7142857142857144,0.02,0.00666666666666663,0.17285714285714285,74.0,0.0,0.7648913904341226,-0.6441592666722685,0.8660254037844387,-0.4999999999999998
2026-05-13,2.2,0.0,2.1666666666666665,2.1571428571428575,63.0,-3.0,65.16666666666667,66.9,10.6,8.3,5.100000000000001,4.057142857142857,291.0,-3.0,291.0,290.2857142857143,8.3,-0.09999999999999964,8.366666666666665,8.385714285714286,13.1,-1.5,13.933333333333337,12.271428571428572,8.8,0.20000000000000107,8.666666666666666,9.014285714285714,16.8,382,110.0,285.14285714285717,2.852395,2.6416663333333332,2.5853715714285714,1454.228571428572,1484.1000000000004,1.0,-0.30000000000000004,3.128571428571429,0.0,0.00666666666666663,0.17285714285714285,68.0,0.0,0.753697664392914,-0.6572212950663319,0.8660254037844387,-0.4999999999999998
2026-05-14,2.2,0.0,2.2,2.1714285714285717,66.0,3.0,65.0,66.57142857142857,6.8,-3.8,6.566666666666667,4.628571428571428,297.0,6.0,294.0,290.7142857142857,8.4,0.09999999999999964,8.366666666666667,8.385714285714286,13.5,0.40000000000000036,13.733333333333334,13.142857142857142,8.7,-0.10000000000000142,8.7,8.814285714285713,10.1,399,17.0,304.85714285714283,2.892916,2.7647216666666665,2.639270285714286,2001.895238095238,1950.3000000000002,0.8,-0.19999999999999996,2.514285714285714,0.0,0.00666666666666663,0.1457142857142857,84.0,0.0,0.742280907086982,-0.6700888411055113,0.8660254037844387,-0.4999999999999998
2026-05-15,2.3,0.09999999999999964,2.233333333333333,2.2,63.0,-3.0,64.0,65.78571428571429,7.4,0.6000000000000005,8.266666666666667,5.285714285714286,317.0,20.0,301.6666666666667,294.0,8.3,-0.09999999999999964,8.333333333333334,8.371428571428572,12.5,-1.0,13.033333333333337,13.314285714285713,8.9,0.20000000000000107,8.799999999999999,8.771428571428572,17.3,484,85.0,335.57142857142856,3.086562,2.9439576666666665,2.7170232857142858,2774.057142857143,2620.5333333333338,0.4,-0.4,1.9142857142857146,0.0,0.0,0.025714285714285714,77.0,0.0,0.7306444969184916,-0.6827580970759147,0.8660254037844387,-0.4999999999999998
2026-05-16,2.3,0.0,2.266666666666667,2.2142857142857144,61.0,-2.0,63.333333333333336,64.71428571428571,9.3,1.9000000000000004,7.833333333333336,5.985714285714285,324.0,7.0,312.6666666666667,299.0,8.3,0.0,8.333333333333334,8.357142857142858,11.0,-1.5,12.333333333333336,13.171428571428569,9.2,0.29999999999999893,8.933333333333332,8.8,13.3,548,64.0,374.2857142857143,3.220833,3.066770333333333,2.8106394285714287,2931.904761904763,2538.000000000001,0.2,-0.2,1.3142857142857143,0.0,0.0,0.002857142857142857,88.0,0.0,0.7187918772884232,-0.6952253139408722,0.8660254037844387,-0.4999999999999998
2026-05-17,2.4,0.10000000000000009,2.333333333333333,2.242857142857143,61.5,0.5,61.833333333333336,63.857142857142854,7.0,-2.3000000000000007,7.900000000000002,6.542857142857143,320.0,-4.0,320.3333333333333,304.42857142857144,8.4,0.09999999999999964,8.333333333333334,8.357142857142858,10.1,-0.9000000000000004,11.200000000000003,12.700000000000001,9.4,0.20000000000000107,9.166666666666666,8.885714285714284,8.0,530,-18.0,411.14285714285717,3.183229,3.1635413333333333,2.9012198571428565,3248.0285714285724,2528.000000000001,0.1,-0.1,0.8428571428571429,0.0,0.0,0.002857142857142857,86.0,0.0,0.7067265555776158,-0.7074868024503348,0.8660254037844387,-0.4999999999999998
2026-05-18,2.4,0.0,2.3666666666666667,2.2857142857142856,66.2,4.700000000000003,62.9,63.81428571428571,4.2,-2.8,6.833333333333336,6.799999999999999,308.0,-12.0,317.3333333333333,307.2857142857143,8.3,-0.09999999999999964,8.333333333333334,8.342857142857143,8.7,-1.4000000000000004,9.933333333333335,11.928571428571429,9.7,0.29999999999999893,9.433333333333334,9.042857142857143,5.2,441,-89.0,436.57142857142856,2.991145,3.1317356666666663,2.9679905714285715,2983.2380952380963,2104.6666666666674,0.1,0.0,0.5571428571428572,0.0,0.0,0.002857142857142857,83.0,0.0,0.6944521021088763,-0.719538934232584,0.8660254037844387,-0.4999999999999998
2026-05-19,2.2,-0.19999999999999973,2.3333333333333335,2.2857142857142856,67.8,1.5999999999999943,65.16666666666667,64.07142857142857,3.2,-1.0,4.8000000000000025,6.928571428571429,304.0,-4.0,310.6666666666667,308.7142857142857,8.4,0.09999999999999964,8.366666666666667,8.342857142857143,7.9,-0.7999999999999989,8.900000000000002,10.971428571428572,10.0,0.3000000000000007,9.700000000000001,9.242857142857144,4.2,328,-113.0,444.57142857142856,2.71125,2.9618746666666667,2.99119,2133.942857142858,1459.2000000000007,0.2,0.1,0.4,0.0,0.0,0.0,73.0,0.0,0.6819721490904629,-0.7313781428679254,0.8660254037844387,-0.4999999999999998
2026-05-20,2.2,0.0,2.266666666666667,2.2857142857142856,65.8,-2.0,66.60000000000001,64.47142857142858,2.9,-0.30000000000000027,3.433333333333336,5.828571428571429,300.0,-4.0,304.0,310.0,8.4,0.0,8.366666666666667,8.357142857142858,9.5,1.5999999999999996,8.700000000000003,10.457142857142857,9.6,-0.40000000000000036,9.766666666666666,9.357142857142858,4.4,285,-43.0,430.7142857142857,2.589479,2.763958,2.953630571428571,1478.7857142857154,1030.0000000000007,0.1,-0.1,0.27142857142857146,0.09,0.02999999999999996,0.012857142857142857,63.0,0.0,0.6692903895412567,-0.7430009249440493,0.8660254037844387,-0.4999999999999998
2026-05-21,2.2,0.0,2.2,2.2857142857142856,64.4,-1.3999999999999915,66.0,64.24285714285715,3.2,0.30000000000000027,3.1000000000000028,5.314285714285715,284.0,-16.0,296.0,308.14285714285717,8.4,0.0,8.4,8.357142857142858,11.4,1.9000000000000004,9.600000000000001,10.157142857142857,9.1,-0.5,9.566666666666666,9.414285714285715,3.8,265,-20.0,411.57142857142856,2.527916,2.609548333333333,2.901487714285714,1275.8714285714298,880.4000000000008,0.0,-0.1,0.15714285714285717,0.54,0.20999999999999996,0.09,42.0,0.0,0.6564105761979381,-0.7544038410927472,0.8660254037844387,-0.4999999999999998
2026-05-22,2.2,0.0,2.2,2.2714285714285714,67.5,3.0999999999999943,65.89999999999999,64.88571428571429,2.8,-0.40000000000000036,2.966666666666669,4.6571428571428575,282.0,-2.0,288.6666666666667,303.14285714285717,8.4,0.0,8.4,8.371428571428572,12.8,1.4000000000000004,11.233333333333336,10.200000000000001,8.9,-0.1999999999999993,9.200000000000001,9.414285714285713,3.5,254,-11.0,378.7142857142857,2.49427,2.537221666666667,2.8168745714285714,1123.5190476190485,836.6000000000007,0.0,0.0,0.1,0.21,0.27999999999999997,0.12,46.0,0.0,0.6433365204044917,-0.765583517007675,0.8660254037844387,-0.4999999999999998
2026-05-23,2.2,0.0,2.2,2.257142857142857,64.2,-3.299999999999997,65.36666666666666,65.34285714285714,2.8,0.0,2.9333333333333353,3.7285714285714286,283.0,1.0,283.0,297.2857142857143,8.5,0.09999999999999964,8.433333333333332,8.4,13.4,0.5999999999999996,12.533333333333337,10.542857142857143,8.8,-0.09999999999999964,8.933333333333332,9.357142857142858,4.0,258,4.0,337.2857142857143,2.506875,2.509687,2.7148805714285715,989.3714285714292,830.1333333333339,0.0,0.0,0.07142857142857142,0.39,0.37999999999999995,0.1757142857142857,54.0,0.0,0.6300720909843687,-0.7765366444428655,0.8660254037844387,-0.4999999999999998
2026-05-24,2.2,0.0,2.2,2.2285714285714286,65.2,1.0,65.63333333333333,65.87142857142858,3.5,0.7000000000000002,3.0333333333333354,3.2285714285714286,290.0,7.0,285.0,293.0,8.4,-0.09999999999999964,8.433333333333332,8.4,12.8,-0.5999999999999996,13.000000000000005,10.928571428571429,8.9,0.09999999999999964,8.866666666666667,9.285714285714286,3.9,320,62.0,307.2857142857143,2.690416,2.5638536666666667,2.6444787142857145,932.1000000000006,879.6666666666673,0.0,0.0,0.05714285714285715,0.0,0.19999999999999996,0.1757142857142857,67.0,0.0,0.6166212130956382,-0.7872599821916922,0.8660254037844387,-0.4999999999999998
2026-05-25,2.2,0.0,2.2,2.2,65.4,0.20000000000000284,64.93333333333334,65.75714285714285,3.6,0.10000000000000009,3.300000000000002,3.142857142857143,294.0,4.0,289.0,291.0,8.4,0.0,8.433333333333334,8.414285714285715,13.0,0.1999999999999993,13.066666666666668,11.542857142857143,8.8,-0.09999999999999964,8.833333333333334,9.157142857142857,4.0,346,26.0,293.7142857142857,2.758958,2.6520829999999997,2.611309142857143,969.2571428571434,970.2000000000006,0.0,0.0,0.042857142857142864,0.07,0.1533333333333333,0.18571428571428572,62.0,0.0,0.6029878670694714,-0.7977503570459932,0.8660254037844387,-0.4999999999999998
2026-05-26,2.3,0.09999999999999964,2.233333333333334,2.2142857142857144,62.5,-2.9000000000000057,64.36666666666667,65.0,3.0,-0.6000000000000001,3.3666666666666694,3.114285714285714,295.0,1.0,293.0,289.7142857142857,8.4,0.0,8.4,8.414285714285715,12.8,-0.1999999999999993,12.866666666666669,12.242857142857144,8.8,0.0,8.833333333333334,8.985714285714286,3.6,348,2.0,296.57142857142856,2.766145,2.738506333333333,2.6191512857142856,998.4571428571436,993.1666666666674,0.3,0.3,0.05714285714285714,0.0,0.0233333333333333,0.18571428571428572,74.0,0.0,0.5891760872322963,-0.8080046647350754,0.8660254037844387,-0.4999999999999998
2026-05-27,2.3,0.0,2.266666666666666,2.2285714285714286,62.0,-0.5,63.300000000000004,64.45714285714286,3.2,0.20000000000000018,3.2666666666666693,3.1571428571428575,290.0,-5.0,293.0,288.2857142857143,8.4,0.0,8.4,8.414285714285715,12.0,-0.8000000000000007,12.600000000000003,12.6,9.0,0.1999999999999993,8.866666666666667,8.9,5.3,369,21.0,308.57142857142856,2.817916,2.7810063333333335,2.651785142857143,1008.0000000000008,947.333333333334,0.1,-0.19999999999999998,0.05714285714285713,0.0,0.0233333333333333,0.17285714285714285,78.0,0.0,0.5751899607119775,-0.8180198708443175,0.8660254037844387,-0.4999999999999998
2026-05-28,2.3,0.0,2.3,2.242857142857143,62.0,0.0,62.166666666666664,64.11428571428571,8.7,5.499999999999999,4.966666666666669,3.942857142857143,282.0,-8.0,289.0,288.0,8.4,0.0,8.4,8.414285714285715,13.5,1.5,12.766666666666671,12.9,8.7,-0.3000000000000007,8.833333333333334,8.842857142857143,12.8,442,73.0,333.85714285714283,2.995,2.8596869999999996,2.7185114285714285,1658.1571428571433,1400.6000000000006,0.1,0.0,0.07142857142857142,0.05,0.016666666666666632,0.10285714285714286,79.0,0.0,0.5610336262283677,-0.8277930117131022,0.8660254037844387,-0.4999999999999998
2026-05-29,2.3,0.0,2.3,2.257142857142857,59.5,-2.5,61.166666666666664,62.971428571428575,8.4,-0.29999999999999893,6.766666666666668,4.742857142857143,276.0,-6.0,282.6666666666667,287.14285714285717,8.4,0.0,8.4,8.414285714285715,14.1,0.5999999999999996,13.200000000000003,13.085714285714287,8.6,-0.09999999999999964,8.766666666666666,8.799999999999999,9.9,461,19.0,363.42857142857144,3.038854,2.95059,2.796309142857143,2459.2000000000007,1867.6000000000004,0.0,-0.1,0.07142857142857142,0.02,0.0233333333333333,0.07571428571428572,72.0,0.0,0.5467112728685939,-0.8373211953118121,0.8660254037844387,-0.4999999999999998
2026-05-30,2.3,0.0,2.3,2.2714285714285714,59.9,0.3999999999999986,60.46666666666667,62.35714285714287,5.3,-3.1000000000000005,7.466666666666669,5.1,279.0,3.0,279.0,286.57142857142856,8.4,0.0,8.4,8.4,13.1,-1.0,13.566666666666668,13.042857142857143,8.8,0.20000000000000107,8.700000000000001,8.8,9.2,445,-16.0,390.14285714285717,3.002187,3.012013666666667,2.867068,2913.0666666666675,2083.2000000000007,0.0,0.0,0.07142857142857142,0.0,0.0233333333333333,0.02,72.0,0.0,0.5322271388474397,-0.8466016020976267,0.8660254037844387,-0.4999999999999998
2026-05-31,2.3,0.0,2.3,2.2857142857142856,59.1,-0.7999999999999972,59.5,61.48571428571428,4.1,-1.2000000000000002,5.933333333333336,5.185714285714285,286.0,7.0,280.3333333333333,286.0,8.4,0.0,8.4,8.4,12.5,-0.5999999999999996,13.233333333333334,13.0,8.9,0.09999999999999964,8.766666666666667,8.8,5.1,428,-17.0,405.57142857142856,2.963854,3.001631666666667,2.9061305714285717,2406.3904761904773,1696.933333333334,0.0,0.0,0.07142857142857142,0.06,0.02666666666666663,0.028571428571428574,72.0,0.0,0.5175855102531889,-0.8556314858488706,0.8660254037844387,-0.4999999999999998
2026-06-01,2.4,0.10000000000000009,2.3333333333333335,2.314285714285714,57.8,-1.3000000000000043,58.93333333333334,60.4,3.8,-0.2999999999999998,4.400000000000002,5.214285714285714,290.0,4.0,285.0,285.42857142857144,8.4,0.0,8.4,8.4,13.9,1.4000000000000004,13.16666666666667,13.12857142857143,8.7,-0.20000000000000107,8.8,8.785714285714286,5.1,432,4.0,417.85714285714283,2.971875,2.979305333333333,2.9365472857142856,1838.5714285714294,1276.0000000000007,0.0,0.0,0.07142857142857142,0.0,0.019999999999999962,0.018571428571428572,80.0,0.0,0.5027907197793043,-0.8644081744776648,0.49999999999999994,-0.8660254037844387
2026-06-02,2.4,0.0,2.3666666666666667,2.3285714285714283,60.25,2.450000000000003,59.04999999999999,60.07857142857143,4.2,0.40000000000000036,4.033333333333336,5.385714285714285,298.0,8.0,291.3333333333333,285.85714285714283,8.4,0.0,8.4,8.4,13.7,-0.20000000000000107,13.366666666666669,13.257142857142856,8.8,0.10000000000000142,8.8,8.785714285714286,5.4,487,55.0,437.7142857142857,3.094791,3.010173333333333,2.9834967142857143,1765.4476190476203,1201.933333333334,0.0,0.0,0.028571428571428564,0.0,0.019999999999999962,0.018571428571428572,78.0,0.0,0.4878471454423119,-0.8729290708206411,0.49999999999999994,-0.8660254037844387
2026-06-03,2.2,-0.19999999999999973,2.3333333333333335,2.314285714285714,59.5,-0.75,59.18333333333334,59.721428571428575,3.9,-0.30000000000000027,3.966666666666669,5.485714285714286,301.0,3.0,296.3333333333333,287.42857142857144,8.4,0.0,8.4,8.4,12.6,-1.0999999999999996,13.4,13.342857142857143,9.0,0.1999999999999993,8.833333333333334,8.785714285714286,4.4,490,3.0,455.0,3.10125,3.055972,3.0239730000000002,1804.8333333333344,1193.9666666666674,0.0,0.0,0.014285714285714278,0.0,0.0,0.018571428571428572,78.0,0.0,0.47275920928627757,-0.881191653407483,0.49999999999999994,-0.8660254037844387
2026-06-04,2.3,0.09999999999999964,2.3000000000000003,2.314285714285714,59.8,0.29999999999999716,59.85,59.40714285714286,3.4,-0.5,3.8333333333333357,4.728571428571428,302.0,1.0,300.3333333333333,290.2857142857143,8.4,0.0,8.4,8.4,12.3,-0.29999999999999893,12.866666666666669,13.171428571428573,9.0,0.0,8.933333333333334,8.828571428571427,4.0,472,-18.0,459.2857142857143,3.062083,3.0860413333333327,3.0335562857142855,1760.5952380952392,1157.6666666666674,0.0,0.0,0.0,0.04,0.013333333333333296,0.017142857142857144,74.0,0.0,0.4575313760742512,-0.8891934772070711,0.49999999999999994,-0.8660254037844387
2026-06-05,2.3,0.0,2.266666666666666,2.314285714285714,59.4,-0.3999999999999986,59.56666666666666,59.392857142857146,3.5,0.10000000000000009,3.6000000000000028,4.0285714285714285,304.0,2.0,302.3333333333333,294.2857142857143,8.4,0.0,8.4,8.4,13.4,1.0999999999999996,12.766666666666667,13.071428571428571,8.8,-0.1999999999999993,8.933333333333334,8.857142857142858,4.4,479,7.0,461.85714285714283,3.076458,3.0799303333333334,3.0389282857142854,1662.6857142857154,1094.4000000000008,0.0,0.0,0.0,0.0,0.013333333333333296,0.014285714285714287,76.0,0.0,0.44216815196707204,-0.8969321743510065,0.49999999999999994,-0.8660254037844387
2026-06-06,2.3,0.0,2.3,2.314285714285714,63.0,3.6000000000000014,60.73333333333333,59.83571428571428,4.0,0.5,3.633333333333335,3.8428571428571425,305.0,1.0,303.6666666666667,298.0,8.4,0.0,8.4,8.4,13.4,0.0,13.033333333333337,13.114285714285714,8.7,-0.10000000000000142,8.833333333333334,8.842857142857143,4.8,516,37.0,472.0,3.155312,3.0979509999999997,3.0608032857142855,1714.933333333334,1108.1666666666672,0.0,0.0,0.0,0.0,0.013333333333333296,0.014285714285714287,76.0,0.0,0.42667408318992467,-0.9044054548343001,0.49999999999999994,-0.8660254037844387
2026-06-07,2.2,-0.09999999999999964,2.266666666666666,2.3000000000000003,63.5,0.5,61.96666666666667,60.464285714285715,3.7,-0.2999999999999998,3.7333333333333356,3.7857142857142856,305.0,0.0,304.6666666666667,300.7142857142857,8.4,0.0,8.4,8.4,13.6,0.1999999999999993,13.466666666666669,13.271428571428572,8.6,-0.09999999999999964,8.700000000000001,8.8,4.5,513,-3.0,484.14285714285717,3.149375,3.127048333333333,3.087306285714285,1807.4666666666678,1138.6666666666674,0.0,0.0,0.0,0.0,0.0,0.005714285714285714,84.0,0.0,0.4110537546870351,-0.9116111071930239,0.49999999999999994,-0.8660254037844387
2026-06-08,2.2,0.0,2.233333333333334,2.2714285714285714,61.4,-2.1000000000000014,62.633333333333326,60.978571428571435,3.3,-0.40000000000000036,3.666666666666669,3.7142857142857144,307.0,2.0,305.6666666666667,303.14285714285717,8.4,0.0,8.4,8.4,13.8,0.20000000000000107,13.600000000000003,13.257142857142856,8.7,0.09999999999999964,8.666666666666666,8.799999999999999,4.0,512,-1.0,495.57142857142856,3.146875,3.1505206666666665,3.112306285714286,1817.0952380952392,1125.6666666666674,0.0,0.0,0.0,0.0,0.0,0.005714285714285714,85.0,0.0,0.3953117887649151,-0.9185469991587165,0.49999999999999994,-0.8660254037844387
2026-06-09,2.2,0.0,2.2,2.242857142857143,61.6,0.20000000000000284,62.166666666666664,61.17142857142857,3.1,-0.19999999999999973,3.366666666666669,3.5571428571428574,308.0,1.0,306.6666666666667,304.57142857142856,8.4,0.0,8.4,8.4,13.3,-0.5,13.56666666666667,13.200000000000001,8.7,0.0,8.666666666666666,8.785714285714286,3.8,499,-13.0,497.2857142857143,3.119062,3.1384373333333335,3.1157735714285715,1674.1952380952391,1036.933333333334,0.0,0.0,0.0,0.0,0.0,0.005714285714285714,87.0,0.0,0.37945284372454435,-0.925211078289358,0.49999999999999994,-0.8660254037844387
2026-06-10,2.2,0.0,2.2,2.242857142857143,62.0,0.3999999999999986,61.666666666666664,61.528571428571425,2.6,-0.5,3.000000000000002,3.371428571428571,308.0,0.0,307.6666666666667,305.57142857142856,8.4,0.0,8.4,8.4,14.4,1.0999999999999996,13.833333333333336,13.457142857142857,8.5,-0.1999999999999993,8.633333333333333,8.714285714285714,3.5,399,-100.0,484.2857142857143,2.893958,3.0532983333333337,3.0861604285714286,1452.8571428571438,924.0000000000007,0.0,0.0,0.0,0.0,0.0,0.005714285714285714,89.0,0.0,0.36348161248290634,-0.9316013725767187,0.49999999999999994,-0.8660254037844387
2026-06-11,2.2,0.0,2.2,2.2285714285714286,63.0,1.0,62.199999999999996,61.98571428571428,2.6,0.0,2.7666666666666693,3.257142857142857,308.0,0.0,308.0,306.42857142857144,8.5,0.09999999999999964,8.433333333333332,8.414285714285715,14.6,0.1999999999999993,14.100000000000003,13.785714285714286,8.5,0.0,8.566666666666668,8.642857142857142,3.6,407,8.0,475.0,2.912187,2.975069,3.0647467142857145,1314.1666666666679,852.1333333333341,0.0,0.0,0.0,0.0,0.0,0.0,79.0,0.0,0.3474028211842774,-0.9377159910299093,0.49999999999999994,-0.8660254037844387
2026-06-12,2.2,0.0,2.2,2.2142857142857144,62.5,-0.5,62.5,62.42857142857143,3.2,0.6000000000000001,2.8000000000000025,3.2142857142857144,311.0,3.0,309.0,307.42857142857144,8.5,0.0,8.466666666666667,8.428571428571429,13.8,-0.7999999999999989,14.266666666666667,13.842857142857142,8.7,0.1999999999999993,8.566666666666665,8.628571428571428,3.8,489,82.0,476.42857142857144,3.097812,2.967985666666667,3.0677972857142857,1334.0000000000011,870.8000000000008,0.0,0.0,0.0,0.0,0.0,0.0,88.0,0.0,0.3312212278016865,-0.9435531242349544,0.49999999999999994,-0.8660254037844387
2026-06-13,2.2,0.0,2.2,2.2,62.5,0.0,62.666666666666664,62.357142857142854,3.1,-0.10000000000000009,2.966666666666669,3.085714285714286,315.0,4.0,311.3333333333333,308.85714285714283,8.4,-0.09999999999999964,8.466666666666667,8.428571428571429,13.4,-0.40000000000000036,13.933333333333337,13.842857142857143,8.8,0.10000000000000142,8.666666666666666,8.642857142857142,4.0,515,26.0,476.2857142857143,3.154375,3.0547913333333336,3.0676634285714286,1412.9809523809536,934.5000000000007,0.0,0.0,0.0,0.0,0.0,0.0,89.0,0.0,0.31494162072895193,-0.9491110448902284,0.49999999999999994,-0.8660254037844387
2026-06-14,2.2,0.0,2.2,2.2,63.6,1.1000000000000014,62.866666666666674,62.371428571428574,3.0,-0.10000000000000009,3.1000000000000028,2.985714285714286,315.0,0.0,313.6666666666667,310.2857142857143,8.5,0.09999999999999964,8.466666666666667,8.442857142857143,13.5,0.09999999999999964,13.566666666666668,13.828571428571427,8.8,0.0,8.766666666666666,8.671428571428573,4.1,525,10.0,478.0,3.173437,3.1418746666666664,3.071100857142857,1481.8000000000013,976.5000000000009,0.0,0.0,0.0,0.0,0.0,0.0,77.0,0.0,0.2985688173637202,-0.9543881083175908,0.49999999999999994,-0.8660254037844387
2026-06-15,2.2,0.0,2.2,2.2,64.0,0.3999999999999986,63.366666666666674,62.74285714285715,3.8,0.7999999999999998,3.300000000000002,3.057142857142857,314.0,-1.0,314.6666666666667,311.2857142857143,8.5,0.0,8.466666666666667,8.457142857142857,14.1,0.5999999999999996,13.66666666666667,13.87142857142857,8.7,-0.10000000000000142,8.766666666666667,8.67142857142857,5.3,574,49.0,486.85714285714283,3.272187,3.199999666666667,3.089002571428572,1606.6285714285723,1036.2000000000007,0.0,0.0,0.0,0.0,0.0,0.0,90.0,0.0,0.2821076626819194,-0.9593827529490743,0.49999999999999994,-0.8660254037844387
2026-06-16,2.3,0.09999999999999964,2.233333333333334,2.2142857142857144,67.0,3.0,64.86666666666667,63.51428571428572,3.2,-0.5999999999999996,3.3333333333333357,3.0714285714285716,315.0,1.0,314.6666666666667,312.2857142857143,8.5,0.0,8.5,8.471428571428572,13.7,-0.40000000000000036,13.766666666666667,13.928571428571429,8.7,0.0,8.733333333333333,8.671428571428573,4.5,543,-31.0,493.14285714285717,3.208854,3.218159333333334,3.10183,1643.809523809525,1050.0000000000007,0.0,0.0,0.0,0.0,0.0,0.0,76.0,0.0,0.26556302780405594,-0.9640935007889755,0.49999999999999994,-0.8660254037844387
2026-06-17,2.4,0.10000000000000009,2.3,2.242857142857143,66.1,-0.9000000000000057,65.69999999999999,64.1,2.5,-0.7000000000000002,3.166666666666669,3.0571428571428574,317.0,2.0,315.3333333333333,313.57142857142856,8.5,0.0,8.5,8.485714285714286,15.3,1.6000000000000014,14.366666666666669,14.057142857142855,8.4,-0.29999999999999893,8.6,8.657142857142857,3.1,453,-90.0,500.85714285714283,3.019791,3.1669440000000004,3.1198061428571426,1586.0476190476202,1003.8333333333342,0.0,0.0,0.0,0.04,0.013333333333333296,0.005714285714285714,66.0,0.0,0.24893980855376657,-0.9685189578512204,0.49999999999999994,-0.8660254037844387
2026-06-18,2.2,-0.19999999999999973,2.3,2.242857142857143,65.5,-0.5999999999999943,66.19999999999999,64.45714285714286,2.5,0.0,2.7333333333333356,3.042857142857143,318.0,1.0,316.6666666666667,315.0,8.5,0.0,8.5,8.485714285714286,15.7,0.3999999999999986,14.9,14.214285714285714,8.3,-0.09999999999999964,8.466666666666667,8.628571428571428,3.8,463,10.0,508.85714285714283,3.040416,3.089687,3.138124571428571,1390.8761904761916,869.2000000000007,0.0,0.0,0.0,0.0,0.013333333333333296,0.005714285714285714,77.0,0.0,0.23224292400907015,-0.9726578145718654,0.49999999999999994,-0.8660254037844387
2026-06-19,2.2,0.0,2.2666666666666666,2.242857142857143,67.5,2.0,66.36666666666666,65.17142857142856,3.0,0.5,2.666666666666669,3.0142857142857147,318.0,0.0,317.6666666666667,316.0,8.5,0.0,8.5,8.485714285714286,14.3,-1.3999999999999986,15.100000000000003,14.285714285714286,8.6,0.29999999999999893,8.433333333333335,8.614285714285716,10.7,547,84.0,517.1428571428571,3.220208,3.0934716666666664,3.155609714285714,1379.0476190476202,848.0000000000008,0.0,0.0,0.0,0.0,0.013333333333333296,0.005714285714285714,90.0,0.0,0.21547731504673012,-0.976508846196619,0.49999999999999994,-0.8660254037844387
2026-06-20,2.3,0.09999999999999964,2.2333333333333334,2.257142857142857,63.5,-4.0,65.5,65.31428571428572,2.8,-0.20000000000000018,2.7666666666666693,2.971428571428571,319.0,1.0,318.3333333333333,316.57142857142856,8.5,0.0,8.5,8.5,13.4,-0.9000000000000004,14.466666666666669,14.285714285714286,8.7,0.09999999999999964,8.533333333333333,8.6,10.7,549,2.0,522.0,3.22375,3.1614579999999997,3.165520428571429,1444.2000000000014,882.5666666666675,0.0,0.0,0.0,0.0,0.0,0.005714285714285714,92.0,0.0,0.19864794288017112,-0.9800709131432666,0.49999999999999994,-0.8660254037844387
2026-06-21,2.3,0.0,2.2666666666666666,2.2714285714285714,66.0,2.5,65.66666666666667,65.65714285714286,2.8,0.0,2.866666666666669,2.9428571428571426,319.0,0.0,318.6666666666667,317.14285714285717,8.5,0.0,8.5,8.5,13.7,0.29999999999999893,13.800000000000002,14.314285714285715,8.7,0.0,8.666666666666666,8.585714285714285,3.1,535,-14.0,523.4285714285714,3.194583,3.212847,3.168541285714286,1500.4952380952393,914.4666666666674,0.0,0.0,0.0,0.0,0.0,0.005714285714285714,84.0,0.0,0.18175978759137534,-0.9833429613388902,0.49999999999999994,-0.8660254037844387
2026-06-22,2.2,-0.09999999999999964,2.2666666666666666,2.2714285714285714,68.8,2.799999999999997,66.10000000000001,66.34285714285714,2.3,-0.5,2.6333333333333355,2.728571428571428,319.0,0.0,319.0,317.85714285714283,8.5,0.0,8.5,8.5,13.5,-0.1999999999999993,13.533333333333337,14.22857142857143,8.8,0.10000000000000142,8.733333333333333,8.6,3.0,481,-54.0,510.14285714285717,3.081666,3.166666333333333,3.141324,1343.3761904761916,840.033333333334,0.0,0.0,0.0,0.0,0.0,0.005714285714285714,78.0,0.0,0.16481784665719793,-0.9863240225317866,0.49999999999999994,-0.8660254037844387
2026-06-23,2.2,0.0,2.2333333333333334,2.257142857142857,68.8,0.0,67.86666666666667,66.6,2.1,-0.19999999999999973,2.400000000000002,2.5714285714285716,320.0,1.0,319.3333333333333,318.57142857142856,8.6,0.09999999999999964,8.533333333333333,8.514285714285714,15.3,1.8000000000000007,14.16666666666667,14.457142857142857,8.5,-0.3000000000000007,8.666666666666666,8.571428571428571,2.9,382,-99.0,487.14285714285717,2.851875,3.0427079999999997,3.090327,1169.1428571428582,768.0000000000007,0.0,0.0,0.0,0.0,0.0,0.005714285714285714,85.0,0.0,0.14782713347053048,-0.9890132145779883,0.49999999999999994,-0.8660254037844387
2026-06-24,2.2,0.0,2.2,2.2285714285714286,69.0,0.20000000000000284,68.86666666666667,67.01428571428572,1.9,-0.20000000000000018,2.1000000000000023,2.4857142857142853,321.0,1.0,320.0,319.14285714285717,8.5,-0.09999999999999964,8.533333333333333,8.514285714285714,16.0,0.6999999999999993,14.933333333333337,14.557142857142859,8.3,-0.1999999999999993,8.533333333333333,8.557142857142857,2.3,370,-12.0,475.2857142857143,2.821458,2.918333,3.0619937142857148,998.100000000001,674.1000000000007,0.0,0.0,0.0,0.0,0.0,0.0,84.0,0.0,0.13079267585675922,-0.9914097417023038,0.49999999999999994,-0.8660254037844387
2026-06-25,2.4,0.19999999999999973,2.266666666666667,2.257142857142857,75.5,6.5,71.10000000000001,68.44285714285715,1.9,0.0,1.9666666666666692,2.3999999999999995,319.0,-2.0,320.0,319.2857142857143,8.6,0.09999999999999964,8.566666666666665,8.528571428571428,16.0,0.0,15.766666666666671,14.6,8.3,0.0,8.366666666666667,8.557142857142859,2.2,380,10.0,463.42857142857144,2.84802,2.840451,3.0345085714285713,911.409523809525,627.3666666666675,0.0,0.0,0.0,0.0,0.0,0.0,86.0,0.0,0.11371951458594969,-0.9935128947338007,0.49999999999999994,-0.8660254037844387
2026-06-26,2.4,0.0,2.3333333333333335,2.2857142857142856,70.5,-5.0,71.66666666666667,68.87142857142858,2.0,0.10000000000000009,1.9333333333333356,2.257142857142857,314.0,-5.0,318.0,318.7142857142857,8.5,-0.09999999999999964,8.533333333333331,8.528571428571428,15.8,-0.1999999999999993,15.933333333333337,14.814285714285715,8.3,0.0,8.3,8.514285714285714,2.4,387,7.0,440.57142857142856,2.865833,2.8451036666666667,2.9838835714285716,851.7714285714295,607.0666666666674,0.0,0.0,0.0,0.0,0.0,0.0,79.0,0.0,0.0966127018812031,-0.9953220513156602,0.49999999999999994,-0.8660254037844387
2026-06-27,2.2,-0.19999999999999973,2.3333333333333335,2.2714285714285714,68.2,-2.299999999999997,71.39999999999999,69.54285714285714,2.0,0.0,1.9666666666666692,2.142857142857143,316.0,2.0,316.3333333333333,318.2857142857143,8.6,0.09999999999999964,8.566666666666665,8.542857142857143,15.7,-0.10000000000000142,15.833333333333336,15.142857142857142,8.3,0.0,8.3,8.457142857142857,2.3,378,-9.0,416.14285714285717,2.843333,2.8523953333333334,2.9295382857142855,818.4142857142868,621.4666666666675,0.0,0.0,0.0,0.35,0.11666666666666663,0.049999999999999996,82.0,0.0,0.07947729992362097,-0.9968366760893436,0.49999999999999994,-0.8660254037844387
2026-06-28,2.2,0.0,2.2666666666666666,2.257142857142857,67.4,-0.7999999999999972,68.7,69.74285714285715,1.9,-0.10000000000000009,1.9666666666666688,2.014285714285714,318.0,2.0,316.0,318.14285714285717,8.6,0.0,8.566666666666665,8.557142857142857,15.7,0.0,15.733333333333334,15.428571428571429,8.3,0.0,8.3,8.4,2.3,373,-5.0,393.0,2.831041,2.846735666666667,2.8776037142857147,772.9000000000009,625.4000000000007,0.0,0.0,0.0,0.0,0.11666666666666663,0.049999999999999996,74.0,0.0,0.062318379354325076,-0.998056320853012,0.49999999999999994,-0.8660254037844387
2026-06-29,2.2,0.0,2.2,2.257142857142857,57.5,-9.900000000000006,64.36666666666667,68.12857142857142,1.9,0.0,1.9333333333333356,1.957142857142857,320.0,2.0,318.0,318.2857142857143,8.6,0.0,8.6,8.571428571428571,15.7,0.0,15.7,15.742857142857142,8.3,0.0,8.3,8.328571428571427,2.5,374,1.0,377.7142857142857,2.832812,2.835728666666667,2.8420531428571425,730.2476190476199,618.6666666666674,0.0,0.0,0.0,0.09,0.1466666666666666,0.06285714285714285,85.0,0.0,0.04514101777397193,-0.9989806246941579,0.49999999999999994,-0.8660254037844387
2026-06-30,2.2,0.0,2.2,2.257142857142857,52.5,-5.0,59.13333333333333,65.8,2.6,0.7000000000000002,2.133333333333336,2.0285714285714285,319.0,-1.0,319.0,318.14285714285717,8.5,-0.09999999999999964,8.566666666666665,8.557142857142857,14.2,-1.5,15.200000000000003,15.585714285714285,8.6,0.29999999999999893,8.4,8.342857142857143,3.2,457,83.0,388.42857142857144,3.029479,2.8977773333333334,2.867425142857143,828.6476190476201,680.5333333333342,0.0,0.0,0.0,0.0,0.02999999999999996,0.06285714285714285,93.0,0.0,0.02795029824021032,-0.999609314096404,0.49999999999999994,-0.8660254037844387
2026-07-01,2.2,0.0,2.2,2.257142857142857,56.0,3.5,55.333333333333336,63.94285714285714,2.3,-0.30000000000000027,2.266666666666669,2.085714285714286,320.0,1.0,319.6666666666667,318.0,8.6,0.09999999999999964,8.566666666666665,8.571428571428571,14.1,-0.09999999999999964,14.66666666666667,15.314285714285715,8.6,0.0,8.5,8.385714285714286,2.7,466,9.0,402.14285714285717,3.048958,2.970416333333333,2.8999251428571426,911.5238095238104,725.333333333334,0.0,0.0,0.0,0.0,0.02999999999999996,0.06285714285714285,84.0,0.0,0.01075130776352193,-0.9999422030204416,1.2246467991473532e-16,-1.0
2026-07-02,2.1,-0.10000000000000009,2.1666666666666665,2.2142857142857144,55.8,-0.20000000000000284,54.76666666666667,61.128571428571426,2.1,-0.19999999999999973,2.3333333333333357,2.1142857142857143,320.0,0.0,319.6666666666667,318.14285714285717,8.6,0.0,8.566666666666665,8.571428571428571,14.6,0.5,14.300000000000002,15.114285714285714,8.5,-0.09999999999999964,8.566666666666668,8.414285714285715,2.6,466,0.0,414.42857142857144,3.048958,3.042465,2.928630571428571,967.000000000001,746.6666666666674,0.0,0.0,0.0,0.0,0.0,0.06285714285714285,89.0,0.0,-0.00645086419810515,-0.9999791929590823,1.2246467991473532e-16,-1.0
2026-07-03,2.1,0.0,2.1333333333333333,2.1714285714285717,57.3,1.5,56.36666666666667,59.24285714285714,2.2,0.10000000000000009,2.2000000000000024,2.142857142857143,320.0,0.0,320.0,319.0,8.6,0.0,8.6,8.585714285714285,14.5,-0.09999999999999964,14.4,14.928571428571429,8.6,0.09999999999999964,8.566666666666666,8.457142857142857,2.7,460,-6.0,424.85714285714283,3.035937,3.044617666666666,2.9529311428571425,934.6857142857152,704.0000000000008,0.0,0.0,0.0,0.0,0.0,0.06285714285714285,89.0,0.0,-0.023651127245231586,-0.9997202729664083,1.2246467991473532e-16,-1.0
2026-07-04,2.1,0.0,2.1,2.1571428571428575,59.5,2.200000000000003,57.53333333333333,58.0,2.2,0.0,2.166666666666669,2.1714285714285713,321.0,1.0,320.3333333333333,319.7142857142857,8.5,-0.09999999999999964,8.566666666666665,8.571428571428571,14.0,-0.5,14.366666666666669,14.685714285714285,8.7,0.09999999999999964,8.6,8.514285714285714,2.7,459,-1.0,436.42857142857144,3.03302,3.039305,2.9800292857142856,945.5952380952392,695.5000000000008,0.0,0.0,0.0,0.0,0.0,0.012857142857142857,88.0,0.0,-0.04084439154329611,-0.9991655196610109,1.2246467991473532e-16,-1.0
2026-07-05,2.2,0.10000000000000009,2.1333333333333333,2.1571428571428575,64.0,4.5,60.26666666666667,57.51428571428572,2.1,-0.10000000000000009,2.166666666666669,2.2,322.0,1.0,321.0,320.2857142857143,8.6,0.09999999999999964,8.566666666666665,8.571428571428571,14.2,0.1999999999999993,14.233333333333334,14.471428571428572,8.6,-0.09999999999999964,8.633333333333333,8.557142857142857,2.7,458,-1.0,448.57142857142856,3.031458,3.033471666666667,3.0086602857142855,971.904761904763,697.6666666666674,0.0,0.0,0.0,0.0,0.0,0.012857142857142857,87.0,0.0,-0.05802556932878035,-0.9983150972033183,1.2246467991473532e-16,-1.0
2026-07-06,2.2,0.0,2.1666666666666665,2.1571428571428575,63.0,-1.0,62.166666666666664,58.300000000000004,2.0,-0.10000000000000009,2.1000000000000028,2.2142857142857144,322.0,0.0,321.6666666666667,320.57142857142856,8.6,0.0,8.566666666666665,8.571428571428571,14.0,-0.1999999999999993,14.066666666666668,14.228571428571428,8.7,0.09999999999999964,8.666666666666666,8.614285714285714,2.4,455,-3.0,460.14285714285717,3.026145,3.030207666666667,3.0362792857142855,966.3000000000013,676.2000000000008,0.0,0.0,0.0,0.0,0.0,0.0,87.0,0.0,-0.07518957641475855,-0.9971692572470178,1.2246467991473532e-16,-1.0
2026-07-07,2.2,0.0,2.2,2.1571428571428575,69.25,6.25,65.41666666666667,60.69285714285714,1.9,-0.10000000000000009,2.000000000000002,2.1142857142857143,323.0,1.0,322.3333333333333,321.14285714285717,8.5,-0.09999999999999964,8.566666666666665,8.571428571428571,13.8,-0.1999999999999993,14.000000000000002,14.171428571428573,8.7,0.0,8.666666666666666,8.628571428571428,2.2,454,-1.0,459.7142857142857,3.021354,3.0263189999999995,3.0351185714285713,919.4285714285725,646.0000000000007,0.0,0.0,0.0,0.0,0.0,0.0,86.0,0.0,-0.09233133369539122,-0.9957283388645872,1.2246467991473532e-16,-1.0
2026-07-08,2.2,0.0,2.2,2.1571428571428575,66.0,-3.25,66.08333333333333,62.121428571428574,1.8,-0.09999999999999987,1.9000000000000024,2.042857142857143,322.0,-1.0,322.3333333333333,321.42857142857144,8.6,0.09999999999999964,8.566666666666665,8.571428571428571,14.4,0.5999999999999996,14.06666666666667,14.214285714285714,8.6,-0.09999999999999964,8.666666666666666,8.628571428571428,2.6,459,5.0,458.7142857142857,3.033437,3.026978666666667,3.032901285714286,871.557142857144,611.8000000000008,0.0,0.0,0.0,0.0,0.0,0.0,91.0,0.0,-0.10944576864891556,-0.993992768446958,1.2246467991473532e-16,-1.0
2026-07-09,2.1,-0.10000000000000009,2.166666666666667,2.1571428571428575,69.0,3.0,68.08333333333333,64.00714285714285,2.6,0.8,2.1000000000000023,2.1142857142857143,318.0,-4.0,321.0,321.14285714285717,8.5,-0.09999999999999964,8.533333333333333,8.557142857142857,14.5,0.09999999999999964,14.233333333333336,14.200000000000001,8.6,0.0,8.633333333333333,8.642857142857142,3.4,503,44.0,464.0,3.129062,3.0612843333333335,3.0443447142857143,974.4000000000011,667.8000000000008,0.0,0.0,0.0,0.0,0.0,0.0,92.0,0.0,-0.12652781683868314,-0.9919630595773397,1.2246467991473532e-16,-1.0
2026-07-10,2.2,0.10000000000000009,2.166666666666667,2.1714285714285713,67.0,-2.0,67.33333333333333,65.39285714285714,2.5,-0.10000000000000009,2.3000000000000025,2.157142857142857,317.0,-1.0,319.0,320.7142857142857,8.5,0.0,8.533333333333333,8.542857142857143,14.3,-0.1999999999999993,14.400000000000004,14.171428571428573,8.6,0.0,8.6,8.642857142857142,3.9,510,7.0,471.14285714285717,3.144062,3.1021870000000002,3.059791142857143,1083.6285714285727,729.1000000000008,0.0,0.0,0.0,0.08,0.02666666666666663,0.011428571428571429,92.0,0.0,-0.1435724234118113,-0.9896398128792412,1.2246467991473532e-16,-1.0
2026-07-11,2.2,0.0,2.166666666666667,2.185714285714286,67.6,0.5999999999999943,67.86666666666666,66.55,3.4,0.8999999999999999,2.8333333333333357,2.3285714285714287,318.0,1.0,317.6666666666667,320.2857142857143,8.5,0.0,8.5,8.542857142857143,15.2,0.8999999999999986,14.66666666666667,14.342857142857143,8.5,-0.09999999999999964,8.566666666666666,8.614285714285714,4.7,536,26.0,482.14285714285717,3.195312,3.1561453333333334,3.082975714285714,1366.0714285714298,901.0000000000008,0.0,0.0,0.0,0.06,0.046666666666666634,0.02,91.0,0.0,-0.16057454459499376,-0.9870237158387383,1.2246467991473532e-16,-1.0
2026-07-12,2.2,0.0,2.2,2.185714285714286,67.2,-0.3999999999999915,67.26666666666667,67.00714285714285,2.8,-0.6000000000000001,2.900000000000002,2.4285714285714284,319.0,1.0,318.0,319.85714285714283,8.6,0.09999999999999964,8.533333333333333,8.542857142857143,15.8,0.6000000000000014,15.100000000000003,14.571428571428571,8.4,-0.09999999999999964,8.5,8.585714285714285,4.6,532,-4.0,492.7142857142857,3.18802,3.1757980000000003,3.1053417142857143,1428.8714285714295,925.1000000000007,0.0,0.0,0.0,0.0,0.046666666666666634,0.02,87.0,0.0,-0.17752914918703497,-0.984115542601034,1.2246467991473532e-16,-1.0
2026-07-13,2.1,-0.10000000000000009,2.1666666666666665,2.1714285714285717,64.5,-2.700000000000003,66.43333333333334,67.22142857142858,2.5,-0.2999999999999998,2.900000000000002,2.5,321.0,2.0,319.3333333333333,319.7142857142857,8.6,0.0,8.566666666666666,8.542857142857143,15.9,0.09999999999999964,15.633333333333335,14.842857142857143,8.4,0.0,8.433333333333334,8.542857142857143,3.0,532,0.0,503.7142857142857,3.187083,3.1901383333333335,3.1283328571428575,1460.7714285714296,930.9000000000007,0.0,0.0,0.0,0.0,0.019999999999999962,0.02,89.0,0.0,-0.19443122004766195,-0.9809161537413774,1.2246467991473532e-16,-1.0
2026-07-14,2.1,0.0,2.1333333333333333,2.1571428571428575,61.5,-3.0,64.39999999999999,66.11428571428571,1.9,-0.6000000000000001,2.400000000000002,2.5,322.0,1.0,320.6666666666667,319.57142857142856,8.4,-0.1999999999999993,8.533333333333331,8.528571428571428,15.7,-0.20000000000000107,15.800000000000002,15.114285714285714,8.4,0.0,8.4,8.5,5.8,514,-18.0,512.2857142857143,3.150208,3.1751036666666668,3.146740571428571,1229.4857142857154,772.8000000000006,0.0,0.0,0.0,0.0,0.0,0.02,94.0,0.0,-0.2112757555821793,-0.9774264960104055,1.2246467991473532e-16,-1.0
2026-07-15,2.1,0.0,2.1,2.142857142857143,66.5,5.0,64.16666666666667,66.18571428571428,1.5,-0.3999999999999999,1.9666666666666692,2.457142857142857,322.0,0.0,321.6666666666667,319.57142857142856,8.3,-0.09999999999999964,8.433333333333332,8.485714285714286,16.9,1.1999999999999993,16.166666666666668,15.471428571428572,8.2,-0.20000000000000107,8.333333333333334,8.442857142857141,2.2,440,-74.0,509.57142857142856,2.990416,3.1092356666666667,3.1405947142857142,1002.1571428571441,633.2666666666674,0.0,0.0,0.0,0.0,0.0,0.02,94.0,0.0,-0.2280577712215198,-0.9736476020539838,1.2246467991473532e-16,-1.0
2026-07-16,2.2,0.10000000000000009,2.1333333333333333,2.1571428571428575,64.0,-2.5,64.0,65.47142857142858,1.6,0.10000000000000009,1.666666666666669,2.314285714285714,319.0,-3.0,321.0,319.7142857142857,8.3,0.0,8.333333333333334,8.457142857142857,16.8,-0.09999999999999787,16.46666666666667,15.799999999999999,8.2,0.0,8.266666666666666,8.385714285714286,1.9,446,6.0,501.42857142857144,3.004687,3.0484370000000003,3.1228268571428575,835.7142857142869,531.6666666666674,0.0,0.0,0.0,0.0,0.0,0.02,95.0,0.0,-0.24477230089725957,-0.9695805901076308,1.2246467991473532e-16,-1.0
2026-07-17,2.1,-0.10000000000000009,2.1333333333333333,2.1428571428571432,60.5,-3.5,63.666666666666664,64.54285714285714,2.1,0.5,1.7333333333333358,2.257142857142857,313.0,-6.0,318.0,319.14285714285717,8.3,0.0,8.3,8.428571428571429,15.5,-1.3000000000000007,16.400000000000002,15.971428571428572,8.4,0.20000000000000107,8.266666666666667,8.357142857142858,10.3,476,30.0,496.57142857142856,3.07,3.021701,3.1122465714285714,860.7238095238107,542.5333333333341,0.0,0.0,0.0,0.0,0.0,0.008571428571428572,93.0,0.0,-0.2614143985111562,-0.965226663665613,1.2246467991473532e-16,-1.0
2026-07-18,2.1,0.0,2.1333333333333333,2.1285714285714286,63.0,2.5,62.5,63.88571428571429,11.0,8.9,4.900000000000002,3.3428571428571425,307.0,-6.0,313.0,317.57142857142856,8.2,-0.10000000000000142,8.266666666666666,8.385714285714286,15.2,-0.3000000000000007,15.833333333333337,15.971428571428572,8.5,0.09999999999999964,8.366666666666667,8.357142857142858,18.5,620,144.0,508.57142857142856,3.359479,3.144722,3.1356990000000002,2492.000000000001,1504.3000000000006,0.0,0.0,0.0,0.0,0.0,0.0,91.0,0.0,-0.2779791393987801,-0.9605871111248129,1.2246467991473532e-16,-1.0
2026-07-19,2.1,0.0,2.1,2.1142857142857143,62.0,-1.0,61.833333333333336,63.142857142857146,4.6,-6.4,5.900000000000002,3.6,310.0,3.0,310.0,316.2857142857143,8.3,0.10000000000000142,8.266666666666666,8.342857142857143,15.9,0.7000000000000011,15.533333333333337,15.985714285714284,8.4,-0.09999999999999964,8.433333333333332,8.357142857142858,6.8,611,-9.0,519.8571428571429,3.343541,3.257673333333333,3.1579162857142857,3067.157142857144,1829.0000000000007,0.0,0.0,0.0,0.08,0.02666666666666663,0.011428571428571429,90.0,0.0,-0.2944616217868012,-0.9556633054034704,1.2246467991473532e-16,-1.0
2026-07-20,2.0,-0.10000000000000009,2.066666666666667,2.1,63.3,1.2999999999999972,62.76666666666667,62.97142857142857,3.4,-1.1999999999999997,6.333333333333335,3.728571428571428,311.0,1.0,309.3333333333333,314.85714285714283,8.2,-0.10000000000000142,8.233333333333333,8.285714285714286,16.1,0.20000000000000107,15.733333333333336,16.014285714285716,8.3,-0.09999999999999964,8.4,8.342857142857143,4.8,594,-17.0,528.7142857142857,3.310729,3.3379163333333337,3.1755799999999996,3348.52380952381,1969.6666666666672,0.0,0.0,0.0,0.0,0.02666666666666663,0.011428571428571429,90.0,0.0,-0.3108569682435036,-0.9504567035349151,1.2246467991473532e-16,-1.0
2026-07-21,2.0,0.0,2.033333333333333,2.085714285714286,60.6,-2.6999999999999957,61.96666666666667,62.84285714285714,2.7,-0.6999999999999997,3.566666666666668,3.842857142857143,308.0,-3.0,309.6666666666667,312.85714285714283,8.2,0.0,8.233333333333333,8.257142857142856,16.5,0.3999999999999986,16.16666666666667,16.12857142857143,8.2,-0.10000000000000142,8.299999999999999,8.314285714285715,3.6,549,-45.0,533.7142857142857,3.222812,3.2923606666666667,3.185952,1903.580952380953,1098.5333333333338,0.0,0.0,0.0,0.0,0.02666666666666663,0.011428571428571429,91.0,0.0,-0.3271603271220951,-0.9449688462364056,1.2246467991473532e-16,-1.0
2026-07-22,2.0,0.0,2.0,2.0714285714285716,61.3,0.6999999999999957,61.73333333333333,62.1,2.8,0.09999999999999964,2.9666666666666686,4.0285714285714285,305.0,-3.0,308.0,310.42857142857144,8.2,0.0,8.2,8.242857142857144,15.4,-1.0999999999999996,16.000000000000004,15.914285714285715,8.4,0.20000000000000107,8.3,8.342857142857143,121.0,565,16.0,551.5714285714286,3.255104,3.2628816666666665,3.223764571428571,1636.3285714285723,904.8333333333339,0.0,0.0,0.0,0.0,0.0,0.011428571428571429,97.0,0.0,-0.34336687399638804,-0.939201357453208,1.2246467991473532e-16,-1.0
2026-07-23,2.0,0.0,2.0,2.042857142857143,60.6,-0.6999999999999957,60.833333333333336,61.61428571428571,4.8,2.0,3.433333333333335,4.485714285714286,301.0,-4.0,304.6666666666667,307.85714285714283,8.2,0.0,8.2,8.228571428571428,15.2,-0.20000000000000107,15.700000000000003,15.685714285714285,8.5,0.09999999999999964,8.366666666666667,8.385714285714286,85.6,575,10.0,570.0,3.273437,3.250451,3.2621574285714283,1957.000000000001,1033.4333333333338,0.0,0.0,0.0,0.0,0.0,0.011428571428571429,99.0,0.0,-0.3594718130884232,-0.9331559438780432,1.2246467991473532e-16,-1.0
2026-07-24,2.1,0.10000000000000009,2.033333333333333,2.042857142857143,58.6,-2.0,60.166666666666664,61.34285714285714,2.8,-2.0,3.4666666666666686,4.585714285714286,304.0,3.0,303.3333333333333,306.57142857142856,8.3,0.10000000000000142,8.233333333333333,8.22857142857143,15.8,0.6000000000000014,15.466666666666669,15.72857142857143,8.4,-0.09999999999999964,8.433333333333332,8.385714285714286,27.1,558,-17.0,581.7142857142857,3.239895,3.256145333333334,3.286428142857143,2016.6095238095247,1053.8666666666672,0.0,0.0,0.0,0.0,0.0,0.011428571428571429,94.0,0.0,-0.3754703786876202,-0.9268343944460494,1.2246467991473532e-16,-1.0
2026-07-25,2.1,0.0,2.066666666666667,2.042857142857143,59.0,0.3999999999999986,59.4,60.771428571428565,2.7,-0.09999999999999964,3.433333333333335,3.4,305.0,1.0,303.3333333333333,306.2857142857143,8.2,-0.10000000000000142,8.233333333333333,8.228571428571428,15.9,0.09999999999999964,15.633333333333335,15.828571428571427,8.3,-0.09999999999999964,8.4,8.357142857142858,27.1,555,-3.0,572.4285714285714,3.234479,3.249270333333333,3.268571,1965.3380952380962,1047.1666666666672,0.0,0.0,0.0,0.48,0.15999999999999995,0.07999999999999999,95.0,0.0,-0.3913578365610259,-0.9202385798054075,1.2246467991473532e-16,-1.0
2026-07-26,2.1,0.0,2.1,2.0428571428571427,58.9,-0.10000000000000142,58.833333333333336,60.32857142857142,2.5,-0.20000000000000018,2.6666666666666683,3.1000000000000005,306.0,1.0,305.0,305.7142857142857,8.3,0.10000000000000142,8.266666666666666,8.22857142857143,15.7,-0.20000000000000107,15.800000000000002,15.8,8.4,0.09999999999999964,8.366666666666667,8.357142857142858,3.2,543,-12.0,562.7142857142857,3.211145,3.2285063333333333,3.2496572857142856,1500.5714285714294,816.0000000000005,0.0,0.0,0.0,0.63,0.36999999999999994,0.15857142857142859,85.0,0.0,-0.4071294853542516,-0.9133704517637858,1.2246467991473532e-16,-1.0
2026-07-27,2.0,-0.10000000000000009,2.066666666666667,2.042857142857143,57.2,-1.6999999999999957,58.366666666666674,59.45714285714286,2.1,-0.3999999999999999,2.4333333333333353,2.9142857142857146,309.0,3.0,306.6666666666667,305.42857142857144,8.2,-0.10000000000000142,8.233333333333333,8.228571428571428,16.4,0.6999999999999993,16.000000000000004,15.842857142857143,8.2,-0.20000000000000107,8.3,8.342857142857143,4.3,503,-40.0,549.7142857142857,3.128958,3.191527333333333,3.2236900000000004,1337.6380952380962,751.9000000000007,0.0,0.0,0.0,0.15,0.41999999999999993,0.18,92.0,0.0,-0.4227806579826773,-0.9062320427107697,1.2246467991473532e-16,-1.0
2026-07-28,2.4,0.3999999999999999,2.1666666666666665,2.1,58.5,1.2999999999999972,58.20000000000001,59.15714285714286,4.8,2.6999999999999997,3.133333333333335,3.2142857142857144,302.0,-7.0,305.6666666666667,304.57142857142856,8.2,0.0,8.233333333333333,8.228571428571428,15.6,-0.7999999999999989,15.900000000000004,15.714285714285714,8.4,0.20000000000000107,8.333333333333334,8.371428571428572,151.0,524,21.0,546.1428571428571,3.171458,3.1705203333333336,3.2163537142857144,1711.24761904762,946.2666666666672,0.0,0.0,0.0,0.0,0.25999999999999995,0.18,97.0,0.0,-0.4383067230125192,-0.898825465016444,1.2246467991473532e-16,-1.0
2026-07-29,1.9,-0.5,2.1,2.085714285714286,59.1,0.6000000000000014,58.26666666666667,58.84285714285714,2.9,-1.9,3.266666666666668,3.2285714285714286,303.0,1.0,304.6666666666667,304.2857142857143,8.2,0.0,8.2,8.228571428571428,15.4,-0.1999999999999993,15.800000000000002,15.714285714285714,8.4,0.0,8.333333333333334,8.371428571428572,4.3,480,-44.0,534.0,3.079166,3.126527333333333,3.1912197142857144,1744.4000000000008,989.8000000000004,0.0,0.0,0.0,0.0,0.04999999999999996,0.18,98.0,0.0,-0.45370308603134424,-0.8911529104063088,1.2246467991473532e-16,-1.0
2026-07-30,2.0,0.10000000000000009,2.1,2.085714285714286,56.3,-2.8000000000000043,57.96666666666667,58.22857142857142,3.1,0.20000000000000018,3.6000000000000014,2.9857142857142867,299.0,-4.0,301.3333333333333,304.0,8.3,0.10000000000000142,8.233333333333333,8.242857142857142,15.8,0.40000000000000036,15.600000000000003,15.8,8.3,-0.09999999999999964,8.366666666666667,8.342857142857143,4.9,493,13.0,522.2857142857143,3.107083,3.1192356666666665,3.1674548571428573,1880.2285714285724,1076.4000000000003,0.0,0.0,0.0,0.04,0.013333333333333296,0.18571428571428572,88.0,0.0,-0.46896519100763184,-0.8832166493127127,1.2246467991473532e-16,-1.0
2026-07-31,2.0,0.0,1.9666666666666668,2.0714285714285716,57.6,1.3000000000000043,57.666666666666664,58.08571428571429,2.4,-0.7000000000000002,2.800000000000001,2.9285714285714293,302.0,3.0,301.3333333333333,303.7142857142857,8.3,0.0,8.266666666666666,8.242857142857144,16.5,0.6999999999999993,15.9,15.9,8.3,0.0,8.333333333333334,8.32857142857143,3.3,477,-16.0,510.7142857142857,3.072604,3.0862843333333334,3.143556142857143,1430.0000000000007,845.6000000000004,0.0,0.0,0.0,0.0,0.013333333333333296,0.18571428571428572,88.0,0.0,-0.48408852163897587,-0.8750190302029955,1.2246467991473532e-16,-1.0
2026-08-01,2.0,0.0,2.0,2.0571428571428574,59.8,2.1999999999999957,57.9,58.199999999999996,2.2,-0.19999999999999973,2.566666666666668,2.8571428571428577,305.0,3.0,302.0,303.7142857142857,8.3,0.0,8.3,8.257142857142856,16.5,0.0,16.26666666666667,15.985714285714286,8.3,0.0,8.3,8.328571428571427,2.9,467,-10.0,498.14285714285717,3.050937,3.0768746666666664,3.1173358571428573,1278.5666666666675,782.8333333333338,0.0,0.0,0.0,0.08,0.03999999999999996,0.1285714285714286,85.0,0.0,-0.4990686026885319,-0.8665624788845385,-0.4999999999999997,-0.8660254037844388
2026-08-02,1.8,-0.19999999999999996,1.9333333333333333,2.0142857142857142,61.5,1.7000000000000028,59.633333333333326,58.57142857142857,2.1,-0.10000000000000009,2.2333333333333347,2.8000000000000003,307.0,2.0,304.6666666666667,303.85714285714283,8.3,0.0,8.3,8.257142857142856,16.9,0.3999999999999986,16.633333333333336,16.157142857142855,8.1,-0.20000000000000107,8.233333333333334,8.285714285714286,2.6,459,-8.0,486.14285714285717,3.03302,3.052187,3.0918894285714282,1085.7190476190483,685.6333333333338,0.0,0.0,0.0,0.0,0.02666666666666663,0.03857142857142859,92.0,0.0,-0.5139010013093103,-0.8578494977869301,-0.4999999999999997,-0.8660254037844388
2026-08-03,1.9,0.09999999999999987,1.9000000000000001,2.0,58.5,-3.0,59.93333333333334,58.75714285714285,2.0,-0.10000000000000009,2.1000000000000014,2.785714285714286,307.0,0.0,306.3333333333333,303.57142857142856,8.3,0.0,8.3,8.27142857142857,15.3,-1.5999999999999979,16.233333333333338,16.0,8.4,0.3000000000000007,8.266666666666667,8.314285714285715,2.6,468,9.0,481.14285714285717,3.053333,3.0457633333333334,3.081085857142857,1010.4000000000008,644.7000000000004,0.0,0.0,0.0,0.04,0.03999999999999997,0.022857142857142874,87.0,0.0,-0.5285813283559292,-0.8488826652214553,-0.4999999999999997,-0.8660254037844388
2026-08-04,2.0,0.10000000000000009,1.9000000000000001,1.9428571428571428,62.25,3.75,60.75,59.29285714285714,1.9,-0.10000000000000009,2.0000000000000018,2.3714285714285714,307.0,0.0,307.0,304.2857142857143,8.3,0.0,8.3,8.285714285714286,15.1,-0.20000000000000107,15.766666666666667,15.928571428571429,8.5,0.09999999999999964,8.333333333333334,8.328571428571427,2.3,469,1.0,473.2857142857143,3.055312,3.0472216666666667,3.0644935714285713,946.5714285714294,614.0000000000006,0.0,0.0,0.0,0.0,0.013333333333333296,0.022857142857142874,90.0,0.0,-0.5431052396834317,-0.8396646346181327,-0.4999999999999997,-0.8660254037844388
2026-08-05,2.0,0.0,1.9666666666666668,1.957142857142857,57.0,-5.25,59.25,58.99285714285715,2.0,0.10000000000000009,1.966666666666668,2.242857142857143,307.0,0.0,307.0,304.85714285714283,8.3,0.0,8.3,8.3,15.1,0.0,15.16666666666667,15.885714285714284,8.5,0.0,8.466666666666667,8.342857142857143,2.8,474,5.0,472.42857142857144,3.06625,3.058298333333333,3.062648428571429,929.1095238095244,603.766666666667,0.0,0.0,0.0,0.0,0.013333333333333296,0.022857142857142874,98.0,0.0,-0.5574684374327892,-0.8301981337405212,-0.4999999999999997,-0.8660254037844388
2026-08-06,1.9,-0.10000000000000009,1.9666666666666666,1.9428571428571428,58.5,1.5,59.25,59.30714285714286,2.4,0.3999999999999999,2.1000000000000014,2.1428571428571432,306.0,-1.0,306.6666666666667,305.85714285714283,8.3,0.0,8.3,8.3,15.4,0.3000000000000007,15.200000000000003,15.828571428571427,8.4,-0.09999999999999964,8.466666666666667,8.357142857142858,3.3,510,36.0,474.85714285714283,3.144583,3.088715,3.0680055714285714,997.2000000000006,642.6000000000005,0.0,0.0,0.0,0.0,0.0,0.017142857142857158,98.0,0.0,-0.5716666713027052,-0.8204859638785327,-0.4999999999999997,-0.8660254037844388
2026-08-07,1.9,0.0,1.9333333333333333,1.9285714285714286,61.5,3.0,59.0,59.86428571428571,2.3,-0.10000000000000009,2.2333333333333347,2.128571428571429,306.0,0.0,306.3333333333333,306.42857142857144,8.3,0.0,8.3,8.3,14.6,-0.8000000000000007,15.033333333333337,15.557142857142855,8.6,0.1999999999999993,8.5,8.4,3.3,521,11.0,481.14285714285717,3.16552,3.125451,3.0812792857142854,1074.5523809523818,683.4000000000004,0.0,0.0,0.0,0.04,0.013333333333333296,0.02285714285714287,71.0,0.0,-0.5856957398073508,-0.8105309990194823,-0.4999999999999997,-0.8660254037844388
2026-08-08,1.9,0.0,1.9,1.9142857142857141,60.5,-1.0,60.166666666666664,59.964285714285715,3.2,0.9000000000000004,2.633333333333335,2.271428571428572,307.0,1.0,306.3333333333333,306.7142857142857,8.2,-0.10000000000000142,8.266666666666666,8.285714285714286,13.4,-1.1999999999999993,14.466666666666669,15.114285714285714,8.8,0.20000000000000107,8.6,8.471428571428572,4.2,577,56.0,496.85714285714283,3.27875,3.1962843333333333,3.113824,1308.390476190477,808.4333333333338,0.0,0.0,0.0,0.0,0.013333333333333296,0.011428571428571444,80.0,0.0,-0.5995514915196489,-0.8003361849976323,-0.4999999999999997,-0.8660254037844388
2026-08-09,2.0,0.10000000000000009,1.9333333333333333,1.9428571428571428,60.5,0.0,60.833333333333336,59.82142857142857,2.8,-0.40000000000000036,2.766666666666668,2.3714285714285714,308.0,1.0,307.0,306.85714285714283,8.3,0.10000000000000142,8.266666666666666,8.285714285714286,13.1,-0.3000000000000007,13.700000000000003,14.571428571428571,8.9,0.09999999999999964,8.766666666666666,8.585714285714285,3.4,582,5.0,514.4285714285714,3.287291,3.2438536666666664,3.1501484285714283,1423.2523809523816,852.1333333333338,0.0,0.0,0.0,0.0,0.013333333333333296,0.011428571428571444,96.0,0.0,-0.6132298262997502,-0.7899045386224707,-0.4999999999999997,-0.8660254037844388
2026-08-10,2.0,0.0,1.9666666666666666,1.957142857142857,58.0,-2.5,59.666666666666664,59.75,2.7,-0.09999999999999964,2.9000000000000017,2.4714285714285715,311.0,3.0,308.6666666666667,307.42857142857144,8.3,0.0,8.266666666666666,8.285714285714286,13.6,0.5,13.366666666666669,14.328571428571427,8.8,-0.09999999999999964,8.833333333333334,8.642857142857142,3.2,562,-20.0,527.8571428571429,3.247083,3.2710413333333332,3.177827,1530.7857142857154,901.9000000000005,0.0,0.0,0.0,0.0,0.0,0.00571428571428573,92.0,0.0,-0.6267266965083301,-0.7792391467859886,-0.4999999999999997,-0.8660254037844388
2026-08-11,2.0,0.0,2.0,1.957142857142857,62.0,4.0,60.166666666666664,59.714285714285715,2.4,-0.30000000000000027,2.6333333333333346,2.542857142857143,309.0,-2.0,309.3333333333333,307.7142857142857,8.3,0.0,8.3,8.285714285714286,15.0,1.4000000000000004,13.900000000000004,14.314285714285715,8.5,-0.3000000000000007,8.733333333333334,8.642857142857142,3.7,461,-101.0,526.7142857142857,3.031979,3.188784333333333,3.174493714285714,1387.0142857142862,813.7000000000004,0.0,0.0,0.0,0.0,0.0,0.00571428571428573,94.0,0.0,-0.6400381082043503,-0.7683431655492202,-0.4999999999999997,-0.8660254037844388
2026-08-12,2.0,0.0,2.0,1.957142857142857,60.5,-1.5,60.166666666666664,60.214285714285715,2.1,-0.2999999999999998,2.4000000000000017,2.5571428571428574,306.0,-3.0,308.6666666666667,307.57142857142856,8.3,0.0,8.3,8.285714285714286,15.6,0.5999999999999996,14.733333333333334,14.385714285714286,8.3,-0.1999999999999993,8.533333333333333,8.614285714285716,4.4,375,-86.0,512.5714285714286,2.834375,3.0378123333333336,3.141368714285714,1230.1714285714295,734.4000000000005,0.0,0.0,0.0,0.0,0.0,0.00571428571428573,91.0,0.0,-0.65316012232693,-0.7572198192083127,-0.4999999999999997,-0.8660254037844388
2026-08-13,2.0,0.0,2.0,1.9714285714285713,59.0,-1.5,60.5,60.285714285714285,,,2.250000000000002,2.5833333333333335,,,307.5,307.8333333333333,,,8.3,8.283333333333333,,,15.3,14.216666666666667,,,8.399999999999999,8.65,,395,20.0,496.14285714285717,2.88302,2.9164580000000004,3.104002571428572,1116.3214285714298,,0.0,0.0,0.0,0.0,0.0,0.00571428571428573,92.0,0.0,-0.666088855860977,-0.7458723993404063,-0.4999999999999997,-0.8660254037844388
2026-08-14,2.0,0.0,2.0,1.9857142857142855,58.0,-1.0,59.166666666666664,59.785714285714285,6.4,,4.250000000000003,3.266666666666667,291.0,,298.5,305.3333333333333,8.2,,8.25,8.266666666666667,16.1,,15.850000000000005,14.466666666666669,8.3,,8.3,8.600000000000001,237.0,427,32.0,482.7142857142857,2.95927,2.8922216666666665,3.074538285714286,2051.5357142857156,1236.7500000000007,0.0,0.0,0.0,0.0,0.0,0.0,92.0,0.0,-0.6788204829862355,-0.734304263829602,-0.4999999999999997,-0.8660254037844388
2026-08-15,2.0,0.0,2.0,2.0,58.5,0.5,58.5,59.5,7.9,1.5,7.150000000000003,4.05,297.0,6.0,294.0,303.6666666666667,8.2,0.0,8.2,8.266666666666667,15.9,-0.20000000000000107,16.000000000000004,14.883333333333333,8.3,0.0,8.3,8.516666666666667,329.0,425,-2.0,461.0,2.956875,2.933055,3.0285561428571426,3296.1500000000015,2123.550000000001,0.0,0.0,0.0,0.35,0.11666666666666663,0.05000000000000001,92.0,0.0,-0.6913512362094071,-0.722518835873311,-0.4999999999999997,-0.8660254037844388
2026-08-16,2.5,0.5,2.1666666666666665,2.0714285714285716,57.0,-1.5,57.833333333333336,59.0,3.5,-4.4,5.9333333333333345,4.166666666666667,301.0,4.0,296.3333333333333,302.5,8.3,0.10000000000000142,8.233333333333333,8.266666666666667,16.2,0.29999999999999893,16.066666666666666,15.4,8.3,0.0,8.3,8.416666666666666,5.5,399,-26.0,434.85714285714283,2.894166,2.9367703333333335,2.9723954285714282,2580.1523809523815,1785.9333333333336,0.0,0.0,0.0,0.56,0.3033333333333333,0.13000000000000003,80.0,0.0,-0.7036774074790128,-0.7105196029692745,-0.4999999999999997,-0.8660254037844388
2026-08-17,2.5,0.0,2.3333333333333335,2.142857142857143,59.5,2.5,58.333333333333336,59.214285714285715,2.7,-0.7999999999999998,4.700000000000002,4.166666666666667,303.0,2.0,300.3333333333333,301.1666666666667,8.2,-0.10000000000000142,8.233333333333333,8.25,16.1,-0.09999999999999787,16.066666666666666,15.816666666666668,8.3,0.0,8.3,8.333333333333334,3.6,389,-10.0,410.14285714285717,2.869479,2.9068400000000003,2.918452,1927.6714285714295,1424.1000000000006,0.0,0.0,0.0,0.46,0.4566666666666666,0.19571428571428573,84.0,0.0,-0.7157953492826642,-0.6983101158835584,-0.4999999999999997,-0.8660254037844388
2026-08-18,2.3,-0.20000000000000018,2.433333333333333,2.185714285714286,59.0,-0.5,58.5,58.785714285714285,2.3,-0.40000000000000036,2.8333333333333353,4.15,305.0,2.0,303.0,300.5,8.3,0.10000000000000142,8.266666666666666,8.25,15.9,-0.20000000000000107,16.066666666666666,15.966666666666667,8.3,0.0,8.3,8.3,3.2,383,-6.0,399.0,2.854791,2.872812,2.8931394285714283,1130.5000000000007,864.1666666666672,0.0,0.0,0.0,0.45,0.49000000000000005,0.26000000000000006,81.0,0.0,-0.7277014757264236,-0.6858939875998223,-0.4999999999999997,-0.8660254037844388
2026-08-19,2.2,-0.09999999999999964,2.3333333333333335,2.2142857142857144,56.8,-2.200000000000003,58.43333333333334,58.25714285714286,2.1,-0.19999999999999973,2.3666666666666685,4.150000000000001,305.0,0.0,304.3333333333333,300.3333333333333,8.3,0.0,8.266666666666666,8.25,16.3,0.40000000000000036,16.1,16.083333333333332,8.3,0.0,8.3,8.3,4.6,384,1.0,400.2857142857143,2.857187,2.860485666666667,2.896398285714286,947.3428571428578,721.8333333333339,0.0,0.0,0.0,0.01,0.30666666666666664,0.26142857142857145,83.0,0.0,-0.7393922635959241,-0.673274892250183,-0.4999999999999997,-0.8660254037844388
