timestamp,rain_effective_rainfall_in_1d,rain_effective_rainfall_in_3d,rain_effective_rainfall_in_7d,rain_effective_rainfall_in_14d,target,product,target_name
2022-04-18,0.0,0.0,0.05,0.05,2.85,arrival_nowcast,toc
2022-04-19,0.0,0.0,0.05,0.05,2.84,arrival_nowcast,toc
2022-04-20,0.0,0.0,0.05,0.05,2.83,arrival_nowcast,toc
2022-04-21,0.0,0.0,0.0,0.05,2.88,arrival_nowcast,toc
2022-04-22,0.0,0.0,0.0,0.05,2.95,arrival_nowcast,toc
2022-04-23,0.0,0.0,0.0,0.05,2.96,arrival_nowcast,toc
2022-04-24,0.0,0.0,0.0,0.05,2.94,arrival_nowcast,toc
2022-04-25,0.0,0.0,0.0,0.05,3.03,arrival_nowcast,toc
2022-04-26,0.0,0.0,0.0,0.05,2.96,arrival_nowcast,toc
2022-04-27,0.0,0.0,0.0,0.05,2.92,arrival_nowcast,toc
2022-04-28,0.0,0.0,0.0,0.0,3.02,arrival_nowcast,toc
2022-04-29,0.1,0.1,0.1,0.1,2.78,arrival_nowcast,toc
2022-04-30,0.0,0.1,0.1,0.1,2.78,arrival_nowcast,toc
2022-05-01,0.0,0.1,0.1,0.1,2.6,arrival_nowcast,toc
2022-05-02,0.0,0.0,0.1,0.1,2.53,arrival_nowcast,toc
2022-05-03,0.0,0.0,0.1,0.1,2.5,arrival_nowcast,toc
2022-05-04,0.0,0.0,0.1,0.1,2.49,arrival_nowcast,toc
2022-05-05,0.0,0.0,0.1,0.1,2.42,arrival_nowcast,toc
2022-05-06,0.24,0.24,0.24,0.33999999999999997,2.44,arrival_nowcast,toc
2022-05-07,0.04,0.27999999999999997,0.27999999999999997,0.38,2.36,arrival_nowcast,toc
2022-05-08,0.11,0.39,0.39,0.49,2.1,arrival_nowcast,toc
2022-05-09,0.16,0.31,0.55,0.65,2.44,arrival_nowcast,toc
2022-05-10,0.0,0.27,0.55,0.65,2.57,arrival_nowcast,toc
2022-05-11,0.0,0.16,0.55,0.65,2.59,arrival_nowcast,toc
2022-05-12,0.0,0.0,0.55,0.65,2.6,arrival_nowcast,toc
2022-05-13,0.0,0.0,0.31,0.55,2.69,arrival_nowcast,toc
2022-05-14,0.0,0.0,0.27,0.55,2.68,arrival_nowcast,toc
2022-05-15,0.0,0.0,0.16,0.55,2.69,arrival_nowcast,toc
2022-05-16,0.0,0.0,0.0,0.55,2.65,arrival_nowcast,toc
2022-05-17,0.0,0.0,0.0,0.55,2.6,arrival_nowcast,toc
2022-05-18,0.0,0.0,0.0,0.55,2.53,arrival_nowcast,toc
2022-05-19,0.0,0.0,0.0,0.55,2.56,arrival_nowcast,toc
2022-05-20,0.0,0.0,0.0,0.31000000000000005,2.52,arrival_nowcast,toc
2022-05-21,0.0,0.0,0.0,0.27,2.32,arrival_nowcast,toc
2022-05-22,0.0,0.0,0.0,0.16,2.45,arrival_nowcast,toc
2022-05-23,0.0,0.0,0.0,0.0,2.42,arrival_nowcast,toc
2022-05-24,0.03,0.03,0.03,0.03,2.37,arrival_nowcast,toc
2022-05-25,1.07,1.1,1.1,1.1,2.31,arrival_nowcast,toc
2022-05-26,0.04,1.1400000000000001,1.1400000000000001,1.1400000000000001,2.3,arrival_nowcast,toc
2022-05-27,0.0,1.11,1.1400000000000001,1.1400000000000001,2.3,arrival_nowcast,toc
2022-05-28,0.15,0.19,1.29,1.29,2.3,arrival_nowcast,toc
2022-05-29,0.04,0.19,1.33,1.33,2.62,arrival_nowcast,toc
2022-05-30,0.0,0.19,1.33,1.33,2.94,arrival_nowcast,toc
2022-05-31,0.0,0.04,1.3,1.33,3.07,arrival_nowcast,toc
2022-06-01,0.0,0.0,0.23,1.33,3.08,arrival_nowcast,toc
2022-06-02,0.0,0.0,0.19,1.33,2.98,arrival_nowcast,toc
2022-06-03,0.04,0.04,0.22999999999999998,1.37,2.97,arrival_nowcast,toc
2022-06-04,0.0,0.04,0.08,1.37,2.94,arrival_nowcast,toc
2022-06-05,0.63,0.67,0.67,2.0,3.27,arrival_nowcast,toc
2022-06-06,0.03,0.66,0.7000000000000001,2.0300000000000002,3.36,arrival_nowcast,toc
2022-06-07,0.0,0.66,0.7000000000000001,2.0000000000000004,3.39,arrival_nowcast,toc
2022-06-08,0.04,0.07,0.74,0.97,3.33,arrival_nowcast,toc
2022-06-09,0.0,0.04,0.74,0.9299999999999999,3.23,arrival_nowcast,toc
2022-06-10,0.0,0.04,0.7,0.9299999999999999,3.14,arrival_nowcast,toc
2022-06-11,0.11,0.11,0.81,0.8900000000000001,3.08,arrival_nowcast,toc
2022-06-12,0.0,0.11,0.18,0.8500000000000001,2.92,arrival_nowcast,toc
2022-06-13,0.0,0.11,0.15,0.8500000000000001,2.86,arrival_nowcast,toc
2022-06-14,0.0,0.0,0.15,0.8500000000000001,2.71,arrival_nowcast,toc
2022-06-15,0.0,0.0,0.10999999999999999,0.8500000000000001,2.6,arrival_nowcast,toc
2022-06-16,0.0,0.0,0.10999999999999999,0.8500000000000001,2.52,arrival_nowcast,toc
2022-06-17,0.0,0.0,0.10999999999999999,0.81,2.5,arrival_nowcast,toc
2022-06-18,0.0,0.0,0.0,0.81,2.45,arrival_nowcast,toc
2022-06-19,0.0,0.0,0.0,0.18,2.36,arrival_nowcast,toc
2022-06-20,0.0,0.0,0.0,0.15,2.37,arrival_nowcast,toc
2022-06-21,0.0,0.0,0.0,0.15,2.25,arrival_nowcast,toc
2022-06-22,0.0,0.0,0.0,0.10999999999999999,2.23,arrival_nowcast,toc
2022-06-23,0.0,0.0,0.0,0.10999999999999999,2.16,arrival_nowcast,toc
2022-06-24,0.0,0.0,0.0,0.10999999999999999,2.1,arrival_nowcast,toc
2022-06-25,0.0,0.0,0.0,0.0,2.1,arrival_nowcast,toc
2022-06-26,0.0,0.0,0.0,0.0,2.04,arrival_nowcast,toc
2022-06-27,0.0,0.0,0.0,0.0,2.02,arrival_nowcast,toc
2022-06-28,0.0,0.0,0.0,0.0,2.03,arrival_nowcast,toc
2022-06-29,0.02,0.02,0.02,0.02,2.04,arrival_nowcast,toc
2022-06-30,0.04,0.06,0.06,0.06,2.08,arrival_nowcast,toc
2022-07-01,0.0,0.060000000000000005,0.060000000000000005,0.060000000000000005,2.13,arrival_nowcast,toc
2022-07-02,0.0,0.04000000000000001,0.060000000000000005,0.060000000000000005,2.06,arrival_nowcast,toc
2022-07-03,0.0,0.0,0.060000000000000005,0.060000000000000005,2.07,arrival_nowcast,toc
2022-07-04,0.02,0.02,0.08,0.08,2.09,arrival_nowcast,toc
2022-07-05,0.3,0.32,0.38,0.38,2.18,arrival_nowcast,toc
2022-07-06,0.0,0.32,0.36,0.38,2.08,arrival_nowcast,toc
2022-07-07,0.63,0.9299999999999999,0.95,1.01,2.1,arrival_nowcast,toc
2022-07-08,0.03,0.66,0.9800000000000001,1.04,2.1,arrival_nowcast,toc
2022-07-09,0.04,0.7000000000000001,1.02,1.08,2.19,arrival_nowcast,toc
2022-07-10,0.12,0.19,1.1400000000000001,1.2,2.1,arrival_nowcast,toc
2022-07-11,0.16,0.32,1.28,1.36,2.1,arrival_nowcast,toc
2022-07-12,0.02,0.30000000000000004,1.0,1.3800000000000001,2.0,arrival_nowcast,toc
2022-07-13,0.0,0.18,1.0,1.36,2.1,arrival_nowcast,toc
2022-07-14,0.0,0.02,0.3700000000000001,1.32,2.0,arrival_nowcast,toc
2022-07-15,0.0,0.0,0.3400000000000001,1.32,2.0,arrival_nowcast,toc
2022-07-16,0.0,0.0,0.3000000000000001,1.32,2.0,arrival_nowcast,toc
2022-07-17,0.0,0.0,0.1800000000000001,1.32,2.1,arrival_nowcast,toc
2022-07-18,0.18,0.18,0.2000000000000001,1.48,2.1,arrival_nowcast,toc
2022-07-19,0.0,0.18,0.1800000000000001,1.1800000000000002,2.15,arrival_nowcast,toc
2022-07-20,0.06,0.24,0.2400000000000001,1.2400000000000002,2.1,arrival_nowcast,toc
2022-07-21,0.0,0.06,0.2400000000000001,0.61,2.0,arrival_nowcast,toc
2022-07-22,0.0,0.06,0.2400000000000001,0.58,2.0,arrival_nowcast,toc
2022-07-23,0.0,0.0,0.2400000000000001,0.54,2.03,arrival_nowcast,toc
2022-07-24,0.06,0.06,0.3000000000000001,0.48,2.05,arrival_nowcast,toc
2022-07-25,0.05,0.11,0.1700000000000001,0.36999999999999994,2.01,arrival_nowcast,toc
2022-07-26,0.0,0.11,0.1700000000000001,0.35,2.06,arrival_nowcast,toc
2022-07-27,0.0,0.05,0.11000000000000011,0.35,2.05,arrival_nowcast,toc
2022-07-28,0.04,0.04,0.1500000000000001,0.39,2.13,arrival_nowcast,toc
2022-07-29,0.18,0.22,0.33000000000000007,0.57,2.21,arrival_nowcast,toc
2022-07-30,0.0,0.22,0.33000000000000007,0.57,2.32,arrival_nowcast,toc
2022-07-31,0.27,0.45,0.54,0.84,2.28,arrival_nowcast,toc
2022-08-01,0.14,0.41000000000000003,0.6300000000000001,0.7999999999999999,2.22,arrival_nowcast,toc
2022-08-02,0.0,0.41000000000000003,0.6300000000000001,0.8,2.2,arrival_nowcast,toc
2022-08-03,0.0,0.14,0.6300000000000001,0.74,2.16,arrival_nowcast,toc
2022-08-04,0.0,0.0,0.5900000000000001,0.74,2.1,arrival_nowcast,toc
2022-08-05,0.0,0.0,0.41000000000000014,0.74,2.15,arrival_nowcast,toc
2022-08-06,0.0,0.0,0.41000000000000014,0.74,1.9,arrival_nowcast,toc
2022-08-07,0.0,0.0,0.14000000000000012,0.6799999999999999,2.06,arrival_nowcast,toc
2022-08-08,0.04,0.04,0.04000000000000011,0.67,2.19,arrival_nowcast,toc
2022-08-09,0.0,0.04,0.04000000000000011,0.67,2.24,arrival_nowcast,toc
2022-08-10,0.0,0.04,0.04000000000000011,0.67,2.41,arrival_nowcast,toc
2022-08-11,0.12,0.12,0.16000000000000011,0.75,2.56,arrival_nowcast,toc
2022-08-12,0.11,0.22999999999999998,0.27000000000000013,0.68,2.59,arrival_nowcast,toc
2022-08-13,0.0,0.22999999999999998,0.27000000000000013,0.68,2.56,arrival_nowcast,toc
2022-08-14,0.0,0.11,0.27000000000000013,0.41000000000000003,2.59,arrival_nowcast,toc
2022-08-15,0.0,0.0,0.2300000000000001,0.27,2.44,arrival_nowcast,toc
2022-08-16,0.0,0.0,0.2300000000000001,0.27,2.5,arrival_nowcast,toc
2022-08-17,0.0,0.0,0.2300000000000001,0.27,2.47,arrival_nowcast,toc
2022-08-18,0.04,0.04,0.1500000000000001,0.31,2.39,arrival_nowcast,toc
2022-08-19,0.04,0.08,0.08000000000000011,0.35,2.46,arrival_nowcast,toc
2022-08-20,0.86,0.94,0.9400000000000001,1.21,2.59,arrival_nowcast,toc
2022-08-21,0.43,1.3299999999999998,1.37,1.64,2.66,arrival_nowcast,toc
2022-08-22,0.0,1.2899999999999998,1.37,1.5999999999999999,2.67,arrival_nowcast,toc
2022-08-23,0.0,0.43,1.37,1.5999999999999999,2.72,arrival_nowcast,toc
2022-08-24,0.0,0.0,1.37,1.5999999999999999,2.69,arrival_nowcast,toc
2022-08-25,0.02,0.02,1.35,1.5,2.68,arrival_nowcast,toc
2022-08-26,0.16,0.18,1.47,1.5499999999999998,2.66,arrival_nowcast,toc
2022-08-27,0.13,0.31,0.7400000000000001,1.68,2.73,arrival_nowcast,toc
2022-08-28,0.0,0.29,0.3100000000000001,1.68,2.74,arrival_nowcast,toc
2022-08-29,0.0,0.13,0.3100000000000001,1.68,2.71,arrival_nowcast,toc
2022-08-30,0.0,0.0,0.3100000000000001,1.68,2.79,arrival_nowcast,toc
2022-08-31,0.0,0.0,0.3100000000000001,1.68,2.67,arrival_nowcast,toc
2022-09-01,0.0,0.0,0.2900000000000001,1.64,2.65,arrival_nowcast,toc
2022-09-02,0.09,0.09,0.2200000000000001,1.69,2.57,arrival_nowcast,toc
2022-09-03,0.0,0.09,0.09000000000000011,0.83,2.51,arrival_nowcast,toc
2022-09-04,0.0,0.09,0.09000000000000011,0.4,2.45,arrival_nowcast,toc
2022-09-05,0.0,0.0,0.09000000000000011,0.4,2.41,arrival_nowcast,toc
2022-09-06,0.0,0.0,0.09000000000000011,0.4,2.4,arrival_nowcast,toc
2022-09-07,0.0,0.0,0.09000000000000011,0.4,2.34,arrival_nowcast,toc
2022-09-08,0.0,0.0,0.09000000000000011,0.38,2.26,arrival_nowcast,toc
2022-09-09,0.0,0.0,0.0,0.22,2.27,arrival_nowcast,toc
2022-09-10,0.0,0.0,0.0,0.09,2.33,arrival_nowcast,toc
2022-09-11,0.0,0.0,0.0,0.09,2.29,arrival_nowcast,toc
2022-09-12,0.0,0.0,0.0,0.09,2.27,arrival_nowcast,toc
2022-09-13,0.0,0.0,0.0,0.09,2.28,arrival_nowcast,toc
2022-09-14,0.08,0.08,0.08000000000000011,0.16999999999999998,2.26,arrival_nowcast,toc
2022-09-15,0.04,0.12,0.1200000000000001,0.21,2.2,arrival_nowcast,toc
2022-09-16,0.0,0.12,0.1200000000000001,0.12,2.2,arrival_nowcast,toc
2022-09-17,0.0,0.04,0.1200000000000001,0.12,2.21,arrival_nowcast,toc
2022-09-18,0.0,0.0,0.1200000000000001,0.12,2.22,arrival_nowcast,toc
2022-09-19,0.14,0.14,0.2600000000000001,0.26,2.19,arrival_nowcast,toc
2022-09-20,0.0,0.14,0.2600000000000001,0.26,2.2,arrival_nowcast,toc
2022-09-21,0.0,0.14,0.1800000000000001,0.26,2.14,arrival_nowcast,toc
2022-09-22,0.0,0.0,0.14000000000000012,0.26,2.16,arrival_nowcast,toc
2022-09-23,0.0,0.0,0.14000000000000012,0.26,2.12,arrival_nowcast,toc
2022-09-24,0.0,0.0,0.14000000000000012,0.26,2.14,arrival_nowcast,toc
2022-09-25,0.0,0.0,0.14000000000000012,0.26,2.1,arrival_nowcast,toc
2022-09-26,0.2,0.2,0.20000000000000012,0.46,2.11,arrival_nowcast,toc
2022-09-27,0.01,0.21000000000000002,0.21000000000000013,0.47000000000000003,2.1,arrival_nowcast,toc
2022-09-28,0.0,0.21000000000000002,0.21000000000000013,0.39,2.09,arrival_nowcast,toc
2022-09-29,0.0,0.01,0.21000000000000013,0.35000000000000003,2.07,arrival_nowcast,toc
2022-09-30,0.0,0.0,0.21000000000000013,0.35000000000000003,2.06,arrival_nowcast,toc
2022-10-01,0.0,0.0,0.21000000000000013,0.35000000000000003,2.09,arrival_nowcast,toc
2022-10-02,0.0,0.0,0.21000000000000013,0.35000000000000003,2.05,arrival_nowcast,toc
2022-10-03,0.0,0.0,0.010000000000000111,0.21000000000000002,2.19,arrival_nowcast,toc
2022-10-04,0.11,0.11,0.11000000000000011,0.32,2.4,arrival_nowcast,toc
2022-10-05,0.37,0.48,0.4800000000000001,0.69,2.39,arrival_nowcast,toc
2022-10-06,0.02,0.5,0.5000000000000001,0.71,2.37,arrival_nowcast,toc
2022-10-07,0.0,0.39,0.5000000000000001,0.71,2.56,arrival_nowcast,toc
2022-10-08,0.02,0.04,0.5200000000000001,0.73,2.73,arrival_nowcast,toc
2022-10-09,0.12,0.13999999999999999,0.6400000000000001,0.85,2.75,arrival_nowcast,toc
2022-10-10,0.0,0.14,0.6400000000000001,0.6499999999999999,2.64,arrival_nowcast,toc
2022-10-11,0.0,0.12,0.5300000000000001,0.64,2.63,arrival_nowcast,toc
2022-10-12,0.0,0.0,0.16000000000000011,0.64,2.64,arrival_nowcast,toc
2022-10-13,0.0,0.0,0.14000000000000012,0.64,2.7,arrival_nowcast,toc
2022-10-14,0.0,0.0,0.14000000000000012,0.64,2.73,arrival_nowcast,toc
2022-10-15,0.0,0.0,0.1200000000000001,0.64,2.83,arrival_nowcast,toc
2022-10-16,0.0,0.0,0.0,0.64,2.8,arrival_nowcast,toc
2022-10-17,0.0,0.0,0.0,0.64,2.82,arrival_nowcast,toc
2022-10-18,0.0,0.0,0.0,0.53,2.86,arrival_nowcast,toc
2022-10-19,0.0,0.0,0.0,0.16,2.87,arrival_nowcast,toc
2022-10-20,0.0,0.0,0.0,0.14,2.88,arrival_nowcast,toc
2022-10-21,0.0,0.0,0.0,0.14,2.74,arrival_nowcast,toc
2022-10-22,0.0,0.0,0.0,0.12,2.83,arrival_nowcast,toc
2022-10-23,0.0,0.0,0.0,0.0,2.85,arrival_nowcast,toc
2022-10-24,0.0,0.0,0.0,0.0,2.79,arrival_nowcast,toc
2022-10-25,0.0,0.0,0.0,0.0,2.81,arrival_nowcast,toc
2022-12-15,0.0,0.0,0.0,0.17,1.91,arrival_nowcast,toc
2022-12-16,0.0,0.0,0.0,0.17,1.87,arrival_nowcast,toc
2022-12-17,0.0,0.0,0.0,0.01,1.82,arrival_nowcast,toc
2022-12-18,0.0,0.0,0.0,0.0,1.86,arrival_nowcast,toc
2022-12-19,0.0,0.0,0.0,0.0,1.88,arrival_nowcast,toc
2022-12-20,0.0,0.0,0.0,0.0,2.05,arrival_nowcast,toc
2022-12-21,0.0,0.0,0.0,0.0,1.88,arrival_nowcast,toc
2022-12-22,0.0,0.0,0.0,0.0,1.94,arrival_nowcast,toc
2022-12-23,0.0,0.0,0.0,0.0,1.94,arrival_nowcast,toc
2022-12-24,0.0,0.0,0.0,0.0,2.0,arrival_nowcast,toc
2022-12-25,0.0,0.0,0.0,0.0,2.02,arrival_nowcast,toc
2022-12-26,0.19,0.19,0.1900000000000001,0.19,2.01,arrival_nowcast,toc
2022-12-27,0.0,0.19,0.1900000000000001,0.19,2.04,arrival_nowcast,toc
2022-12-28,0.0,0.19,0.1900000000000001,0.19,2.16,arrival_nowcast,toc
2022-12-29,0.0,0.0,0.1900000000000001,0.19,2.11,arrival_nowcast,toc
2022-12-30,0.0,0.0,0.1900000000000001,0.19,2.07,arrival_nowcast,toc
2022-12-31,0.0,0.0,0.1900000000000001,0.19,2.04,arrival_nowcast,toc
2023-04-01,0.0,0.08,0.08,0.66,2.3,arrival_nowcast,toc
2023-04-02,0.0,0.08,0.08,0.66,2.3,arrival_nowcast,toc
2023-04-03,0.0,0.0,0.08,0.13,2.3,arrival_nowcast,toc
2023-04-04,0.0,0.0,0.08,0.08,2.3,arrival_nowcast,toc
2023-04-05,0.0,0.0,0.08,0.08,2.2,arrival_nowcast,toc
2023-04-06,0.0,0.0,0.08,0.08,2.2,arrival_nowcast,toc
2023-04-07,0.0,0.0,0.0,0.08,2.2,arrival_nowcast,toc
2023-04-08,0.02,0.02,0.02,0.1,2.3,arrival_nowcast,toc
2023-04-09,0.14,0.16,0.16,0.24000000000000002,2.2,arrival_nowcast,toc
2023-04-10,0.0,0.16,0.16,0.24000000000000002,2.2,arrival_nowcast,toc
2023-04-11,0.0,0.14,0.16,0.24000000000000002,2.2,arrival_nowcast,toc
2023-04-12,0.0,0.0,0.16,0.24000000000000002,2.2,arrival_nowcast,toc
2023-04-13,0.0,0.0,0.16,0.24000000000000002,2.2,arrival_nowcast,toc
2023-04-14,0.0,0.0,0.16,0.16000000000000003,2.2,arrival_nowcast,toc
2023-04-15,0.0,0.0,0.14,0.16000000000000003,2.3,arrival_nowcast,toc
2023-04-16,0.0,0.0,0.0,0.16000000000000003,2.3,arrival_nowcast,toc
2023-04-17,0.0,0.0,0.0,0.16000000000000003,2.3,arrival_nowcast,toc
2023-04-18,0.0,0.0,0.0,0.16000000000000003,2.2,arrival_nowcast,toc
2023-04-19,0.28,0.28,0.28,0.44000000000000006,2.3,arrival_nowcast,toc
2023-04-20,0.0,0.28,0.28,0.44000000000000006,2.3,arrival_nowcast,toc
2023-04-21,0.0,0.28,0.28,0.44000000000000006,2.2,arrival_nowcast,toc
2023-04-22,0.0,0.0,0.28,0.42000000000000004,2.0,arrival_nowcast,toc
2023-04-23,0.0,0.0,0.28,0.28,2.2,arrival_nowcast,toc
2023-04-24,0.0,0.0,0.28,0.28,2.2,arrival_nowcast,toc
2023-04-25,0.0,0.0,0.28,0.28,2.1,arrival_nowcast,toc
2023-04-26,0.31,0.31,0.31,0.5900000000000001,2.1,arrival_nowcast,toc
2023-04-27,0.02,0.33,0.33,0.61,2.0,arrival_nowcast,toc
2023-04-28,0.0,0.33,0.33,0.61,2.0,arrival_nowcast,toc
2023-04-29,0.0,0.02,0.33,0.61,2.0,arrival_nowcast,toc
2023-04-30,1.14,1.14,1.47,1.75,2.0,arrival_nowcast,toc
2023-05-01,0.04,1.18,1.51,1.7899999999999998,2.0,arrival_nowcast,toc
2023-05-02,0.8,1.98,2.31,2.59,2.0,arrival_nowcast,toc
2023-05-03,0.0,0.8400000000000001,2.0,2.3099999999999996,2.0,arrival_nowcast,toc
2023-05-04,0.0,0.8,1.98,2.3099999999999996,2.2,arrival_nowcast,toc
2023-05-05,0.0,0.0,1.98,2.3099999999999996,2.2,arrival_nowcast,toc
2023-05-06,0.0,0.0,1.98,2.3099999999999996,2.4,arrival_nowcast,toc
2023-05-07,0.0,0.0,0.8400000000000001,2.3099999999999996,2.5,arrival_nowcast,toc
2023-05-08,0.0,0.0,0.8,2.3099999999999996,2.6,arrival_nowcast,toc
2023-05-09,0.0,0.0,0.0,2.3099999999999996,2.6,arrival_nowcast,toc
2023-05-10,0.0,0.0,0.0,1.9999999999999998,2.5,arrival_nowcast,toc
2023-05-11,0.0,0.0,0.0,1.9799999999999998,2.5,arrival_nowcast,toc
2023-05-12,0.0,0.0,0.0,1.9799999999999998,2.5,arrival_nowcast,toc
2023-05-13,0.0,0.0,0.0,1.9799999999999998,2.6,arrival_nowcast,toc
2023-05-14,0.0,0.0,0.0,0.8399999999999999,3.2,arrival_nowcast,toc
2023-05-15,1.88,1.88,1.88,2.6799999999999997,6.5,arrival_nowcast,toc
2023-05-16,3.2,5.08,5.08,5.08,6.2,arrival_nowcast,toc
2023-05-17,0.0,5.08,5.08,5.08,6.9,arrival_nowcast,toc
2023-05-18,0.27,3.47,5.35,5.35,7.2,arrival_nowcast,toc
2023-05-19,0.45,0.72,5.8,5.8,7.3,arrival_nowcast,toc
2023-05-20,0.04,0.76,5.84,5.84,7.3,arrival_nowcast,toc
2023-05-21,0.0,0.49,5.84,5.84,7.1,arrival_nowcast,toc
2023-05-22,0.05,0.09,4.01,5.89,7.1,arrival_nowcast,toc
2023-05-23,0.88,0.93,1.69,6.7700000000000005,7.0,arrival_nowcast,toc
2023-05-24,0.04,0.9700000000000001,1.73,6.8100000000000005,6.9,arrival_nowcast,toc
2023-05-25,0.0,0.92,1.46,6.8100000000000005,6.8,arrival_nowcast,toc
2023-05-26,0.0,0.04,1.01,6.8100000000000005,6.6,arrival_nowcast,toc
2023-05-27,0.0,0.0,0.9700000000000001,6.8100000000000005,6.5,arrival_nowcast,toc
2023-05-28,0.0,0.0,0.9700000000000001,6.8100000000000005,6.2,arrival_nowcast,toc
2023-05-29,0.0,0.0,0.92,4.930000000000001,5.8,arrival_nowcast,toc
2023-05-30,0.0,0.0,0.04,1.73,5.6,arrival_nowcast,toc
2023-05-31,0.3,0.3,0.3,2.0300000000000002,5.2,arrival_nowcast,toc
2023-06-01,0.01,0.31,0.31,1.77,5.1,arrival_nowcast,toc
2023-06-02,0.0,0.31,0.31,1.32,4.5,arrival_nowcast,toc
2023-06-03,0.0,0.01,0.31,1.28,4.4,arrival_nowcast,toc
2023-06-04,0.03,0.03,0.33999999999999997,1.31,4.1,arrival_nowcast,toc
2023-06-05,0.24,0.27,0.58,1.5,4.1,arrival_nowcast,toc
2023-06-06,0.21,0.48,0.79,0.83,3.95,arrival_nowcast,toc
2023-06-07,0.1,0.5499999999999999,0.59,0.8899999999999999,4.0,arrival_nowcast,toc
2023-06-08,0.33,0.64,0.91,1.22,4.0,arrival_nowcast,toc
2023-06-09,0.64,1.07,1.55,1.8599999999999999,4.0,arrival_nowcast,toc
2023-06-10,0.14,1.11,1.69,2.0,4.0,arrival_nowcast,toc
2023-06-11,0.07,0.8500000000000001,1.73,2.07,4.0,arrival_nowcast,toc
2023-06-12,0.03,0.24000000000000002,1.52,2.1,4.0,arrival_nowcast,toc
2023-06-13,0.07,0.17,1.3800000000000001,2.17,4.0,arrival_nowcast,toc
2023-06-14,0.0,0.1,1.28,1.87,3.8,arrival_nowcast,toc
2023-06-15,0.0,0.07,0.9500000000000001,1.86,4.0,arrival_nowcast,toc
2023-06-16,0.08,0.08,0.39,1.9400000000000002,3.9,arrival_nowcast,toc
2023-06-17,0.45,0.53,0.7,2.39,3.9,arrival_nowcast,toc
2023-06-18,0.02,0.55,0.6499999999999999,2.38,4.0,arrival_nowcast,toc
2023-06-19,0.08,0.55,0.7000000000000001,2.22,4.1,arrival_nowcast,toc
2023-06-20,0.33,0.43,0.96,2.3400000000000003,4.3,arrival_nowcast,toc
2023-06-21,0.28,0.69,1.24,2.52,4.4,arrival_nowcast,toc
2023-06-22,0.02,0.63,1.26,2.21,4.4,arrival_nowcast,toc
2023-06-23,0.0,0.3,1.18,1.5699999999999998,4.2,arrival_nowcast,toc
2023-06-24,0.0,0.019999999999999945,0.73,1.43,4.4,arrival_nowcast,toc
2023-06-25,0.0,0.0,0.7100000000000001,1.3599999999999999,4.3,arrival_nowcast,toc
2023-06-26,0.86,0.8599999999999999,1.49,2.19,4.5,arrival_nowcast,toc
2023-06-27,0.12,0.98,1.2800000000000002,2.24,4.4,arrival_nowcast,toc
2023-06-28,0.0,0.98,0.9999999999999999,2.24,4.2,arrival_nowcast,toc
2023-06-29,0.0,0.12,0.98,2.24,4.0,arrival_nowcast,toc
2023-06-30,0.0,0.0,0.98,2.16,3.8,arrival_nowcast,toc
2023-07-01,0.0,0.0,0.98,1.71,3.8,arrival_nowcast,toc
2023-07-02,0.0,0.0,0.98,1.69,3.7,arrival_nowcast,toc
2023-07-03,0.0,0.0,0.12,1.6099999999999999,3.6,arrival_nowcast,toc
2023-07-04,0.12,0.12,0.12,1.4,3.6,arrival_nowcast,toc
2023-07-05,0.03,0.15,0.15,1.1500000000000001,3.5,arrival_nowcast,toc
2023-07-06,0.0,0.15,0.15,1.1300000000000001,3.5,arrival_nowcast,toc
2023-07-07,0.0,0.03,0.15,1.1300000000000001,3.4,arrival_nowcast,toc
2023-07-08,0.08,0.08,0.22999999999999998,1.2100000000000002,3.4,arrival_nowcast,toc
2023-07-09,0.16,0.24,0.39,1.37,3.4,arrival_nowcast,toc
2023-07-10,0.04,0.28,0.43,0.55,3.4,arrival_nowcast,toc
2023-07-11,0.18,0.38,0.49,0.61,3.35,arrival_nowcast,toc
2023-07-12,0.12,0.34,0.58,0.73,3.3,arrival_nowcast,toc
2023-07-13,0.0,0.30000000000000004,0.58,0.73,3.3,arrival_nowcast,toc
2023-07-14,0.0,0.12000000000000002,0.58,0.73,3.2,arrival_nowcast,toc
2023-07-15,0.0,0.0,0.5,0.73,3.2,arrival_nowcast,toc
2023-07-16,0.0,0.0,0.33999999999999997,0.73,3.1,arrival_nowcast,toc
2023-07-17,0.0,0.0,0.30000000000000004,0.73,3.1,arrival_nowcast,toc
2023-07-18,0.0,0.0,0.12,0.61,3.0,arrival_nowcast,toc
2023-07-19,0.0,0.0,0.0,0.58,2.9,arrival_nowcast,toc
2023-07-20,0.0,0.0,0.0,0.58,2.8,arrival_nowcast,toc
2023-07-21,0.0,0.0,0.0,0.58,2.7,arrival_nowcast,toc
2023-07-22,0.0,0.0,0.0,0.5,2.6,arrival_nowcast,toc
2023-07-23,0.0,0.0,0.0,0.33999999999999997,2.6,arrival_nowcast,toc
2023-07-24,0.32,0.32000000000000006,0.32,0.6200000000000001,2.5,arrival_nowcast,toc
2023-07-25,0.12,0.44,0.44,0.56,2.5,arrival_nowcast,toc
2023-07-26,0.0,0.44,0.44,0.44,2.4,arrival_nowcast,toc
2023-07-27,0.0,0.12,0.44,0.44000000000000006,2.4,arrival_nowcast,toc
2023-07-28,0.0,0.0,0.44,0.44000000000000006,2.4,arrival_nowcast,toc
2023-07-29,0.0,0.0,0.44,0.44000000000000006,2.4,arrival_nowcast,toc
2023-07-30,0.0,0.0,0.44,0.44000000000000006,2.4,arrival_nowcast,toc
2023-07-31,0.24,0.24,0.36,0.68,2.4,arrival_nowcast,toc
2023-08-01,0.0,0.24,0.24,0.68,2.3,arrival_nowcast,toc
2023-08-02,0.0,0.24,0.24,0.68,2.3,arrival_nowcast,toc
2023-08-03,0.04,0.04,0.27999999999999997,0.7200000000000001,2.7,arrival_nowcast,toc
2023-08-04,0.0,0.04,0.27999999999999997,0.7200000000000001,2.9,arrival_nowcast,toc
2023-08-05,0.77,0.81,1.05,1.4900000000000002,3.3,arrival_nowcast,toc
2023-08-06,0.34,1.11,1.3900000000000001,1.83,3.3,arrival_nowcast,toc
2023-08-07,0.44,1.55,1.59,1.9500000000000002,3.3,arrival_nowcast,toc
2023-08-08,0.0,0.78,1.59,1.83,3.1,arrival_nowcast,toc
2023-08-09,0.0,0.44,1.59,1.83,3.1,arrival_nowcast,toc
2023-08-10,0.04,0.04,1.59,1.8699999999999999,2.9,arrival_nowcast,toc
2023-08-11,0.44,0.48,2.0300000000000002,2.31,3.0,arrival_nowcast,toc
2023-08-12,0.0,0.48,1.26,2.31,2.8,arrival_nowcast,toc
2023-08-13,0.0,0.44,0.9199999999999999,2.31,2.5,arrival_nowcast,toc
2023-08-14,0.0,0.0,0.48,2.07,2.5,arrival_nowcast,toc
2023-08-15,0.0,0.0,0.48,2.07,2.5,arrival_nowcast,toc
2023-08-16,0.21,0.21,0.69,2.28,2.4,arrival_nowcast,toc
2023-08-17,0.0,0.21,0.6499999999999999,2.2399999999999998,2.4,arrival_nowcast,toc
2023-08-18,0.0,0.21,0.21,2.2399999999999998,2.4,arrival_nowcast,toc
2023-08-19,0.0,0.0,0.21,1.47,2.4,arrival_nowcast,toc
2023-08-20,0.0,0.0,0.21,1.1300000000000001,2.3,arrival_nowcast,toc
2023-08-21,0.04,0.04,0.25,0.73,2.3,arrival_nowcast,toc
2023-08-22,0.0,0.04,0.25,0.73,2.3,arrival_nowcast,toc
2023-08-23,0.0,0.04,0.04,0.73,2.3,arrival_nowcast,toc
2023-08-24,0.18,0.18,0.22,0.8699999999999999,2.3,arrival_nowcast,toc
2023-08-25,0.0,0.18,0.22,0.43,2.3,arrival_nowcast,toc
2023-08-26,0.0,0.18,0.22,0.43,2.3,arrival_nowcast,toc
2023-08-27,0.0,0.0,0.22,0.43,2.3,arrival_nowcast,toc
2023-08-28,0.0,0.0,0.18,0.43,2.3,arrival_nowcast,toc
2023-08-29,0.03,0.03,0.21,0.45999999999999996,2.2,arrival_nowcast,toc
2023-08-30,0.09,0.12,0.3,0.33999999999999997,2.2,arrival_nowcast,toc
2023-08-31,0.05,0.16999999999999998,0.16999999999999998,0.39,2.3,arrival_nowcast,toc
2023-09-01,0.33,0.47,0.5,0.72,2.3,arrival_nowcast,toc
2023-09-02,0.95,1.33,1.45,1.67,2.4,arrival_nowcast,toc
2023-09-03,0.0,1.2799999999999998,1.45,1.67,2.2,arrival_nowcast,toc
2023-09-04,0.0,0.9499999999999998,1.45,1.63,2.3,arrival_nowcast,toc
2023-09-05,0.0,0.0,1.42,1.63,2.4,arrival_nowcast,toc
2023-09-06,0.0,0.0,1.33,1.63,2.5,arrival_nowcast,toc
2023-09-07,0.0,0.0,1.28,1.45,2.4,arrival_nowcast,toc
2023-09-08,0.52,0.5199999999999999,1.47,1.97,2.5,arrival_nowcast,toc
2023-09-09,0.0,0.5199999999999999,0.52,1.97,2.4,arrival_nowcast,toc
2023-09-10,0.0,0.5199999999999999,0.52,1.97,2.4,arrival_nowcast,toc
2023-09-11,0.0,0.0,0.52,1.97,2.4,arrival_nowcast,toc
2023-09-12,0.0,0.0,0.52,1.94,2.5,arrival_nowcast,toc
2023-09-13,0.0,0.0,0.52,1.8499999999999999,2.4,arrival_nowcast,toc
2023-09-14,0.0,0.0,0.52,1.8,2.4,arrival_nowcast,toc
2023-09-15,0.87,0.8699999999999999,0.87,2.34,2.4,arrival_nowcast,toc
2023-09-16,0.16,1.0299999999999998,1.03,1.55,2.4,arrival_nowcast,toc
2023-09-17,0.0,1.0299999999999998,1.03,1.55,2.4,arrival_nowcast,toc
2023-09-18,0.0,0.1599999999999999,1.03,1.55,2.5,arrival_nowcast,toc
2023-09-19,0.96,0.9599999999999999,1.99,2.51,2.5,arrival_nowcast,toc
2023-09-20,0.24,1.1999999999999997,2.23,2.75,2.4,arrival_nowcast,toc
2023-09-21,0.04,1.2399999999999998,2.27,2.79,2.5,arrival_nowcast,toc
2023-09-22,0.0,0.27999999999999986,1.4,2.27,2.5,arrival_nowcast,toc
2023-09-23,0.0,0.03999999999999989,1.24,2.27,2.5,arrival_nowcast,toc
2023-09-24,0.02,0.01999999999999989,1.26,2.29,2.5,arrival_nowcast,toc
2023-09-25,0.02,0.03999999999999989,1.28,2.31,2.4,arrival_nowcast,toc
2023-09-26,0.0,0.03999999999999989,0.32,2.31,2.6,arrival_nowcast,toc
2023-09-27,0.0,0.01999999999999989,0.08,2.31,2.6,arrival_nowcast,toc
2023-09-28,0.0,0.0,0.04,2.31,2.6,arrival_nowcast,toc
2023-09-29,0.0,0.0,0.04,1.44,2.6,arrival_nowcast,toc
2023-09-30,0.0,0.0,0.04,1.28,2.6,arrival_nowcast,toc
2023-10-01,0.0,0.0,0.02,1.28,2.7,arrival_nowcast,toc
2023-10-02,0.0,0.0,0.0,1.28,2.7,arrival_nowcast,toc
2023-10-03,0.0,0.0,0.0,0.32,2.75,arrival_nowcast,toc
2023-10-04,0.0,0.0,0.0,0.08,2.8,arrival_nowcast,toc
2023-10-05,0.0,0.0,0.0,0.04,2.9,arrival_nowcast,toc
2023-10-06,0.0,0.0,0.0,0.04,2.8,arrival_nowcast,toc
2023-10-07,0.02,0.01999999999999989,0.02,0.06,2.8,arrival_nowcast,toc
2023-10-08,0.0,0.01999999999999989,0.02,0.039999999999999994,3.0,arrival_nowcast,toc
2023-10-09,0.0,0.01999999999999989,0.02,0.02,3.0,arrival_nowcast,toc
2023-10-10,0.0,0.0,0.02,0.02,3.0,arrival_nowcast,toc
2023-10-11,0.0,0.0,0.02,0.02,3.0,arrival_nowcast,toc
2023-10-12,0.0,0.0,0.02,0.02,3.0,arrival_nowcast,toc
2023-10-13,0.0,0.0,0.02,0.02,3.0,arrival_nowcast,toc
2023-10-14,0.0,0.0,0.0,0.02,3.0,arrival_nowcast,toc
2023-10-15,0.0,0.0,0.0,0.02,3.0,arrival_nowcast,toc
2023-10-16,0.12,0.11999999999999988,0.12,0.13999999999999999,2.9,arrival_nowcast,toc
2023-10-17,0.02,0.13999999999999987,0.13999999999999999,0.16,2.9,arrival_nowcast,toc
2023-10-18,0.0,0.13999999999999987,0.13999999999999999,0.16,2.8,arrival_nowcast,toc
2023-10-19,0.0,0.01999999999999989,0.13999999999999999,0.16,2.8,arrival_nowcast,toc
2023-10-20,0.0,0.0,0.13999999999999999,0.16,2.7,arrival_nowcast,toc
2023-10-21,0.0,0.0,0.13999999999999999,0.14,2.7,arrival_nowcast,toc
2023-10-22,0.0,0.0,0.13999999999999999,0.14,2.6,arrival_nowcast,toc
2023-10-23,0.0,0.0,0.02,0.14,2.5,arrival_nowcast,toc
2023-10-24,0.0,0.0,0.0,0.14,2.5,arrival_nowcast,toc
2023-10-25,0.0,0.0,0.0,0.14,2.4,arrival_nowcast,toc
2023-10-26,0.0,0.0,0.0,0.14,2.5,arrival_nowcast,toc
2023-10-27,0.0,0.0,0.0,0.14,2.3,arrival_nowcast,toc
2023-10-28,0.0,0.0,0.0,0.14,2.4,arrival_nowcast,toc
2023-10-29,0.02,0.01999999999999989,0.02,0.16,2.3,arrival_nowcast,toc
2023-10-30,0.0,0.01999999999999989,0.02,0.04,2.4,arrival_nowcast,toc
2023-10-31,0.01,0.029999999999999888,0.03,0.03,2.5,arrival_nowcast,toc
2023-11-01,0.0,0.00999999999999989,0.03,0.03,2.5,arrival_nowcast,toc
2023-11-02,0.5,0.5099999999999999,0.53,0.53,2.5,arrival_nowcast,toc
2023-11-03,0.09,0.5899999999999999,0.62,0.62,2.5,arrival_nowcast,toc
2023-11-04,0.0,0.5899999999999999,0.62,0.62,2.6,arrival_nowcast,toc
2023-11-05,0.0,0.08999999999999989,0.6,0.62,2.5,arrival_nowcast,toc
2023-11-06,0.0,0.0,0.6,0.62,2.6,arrival_nowcast,toc
2023-11-07,0.0,0.0,0.59,0.62,2.6,arrival_nowcast,toc
2023-11-08,0.0,0.0,0.59,0.62,2.5,arrival_nowcast,toc
2023-11-09,0.0,0.0,0.09,0.62,2.5,arrival_nowcast,toc
2023-11-10,0.0,0.0,0.0,0.62,2.5,arrival_nowcast,toc
2023-11-11,0.0,0.0,0.0,0.62,2.6,arrival_nowcast,toc
2023-11-12,0.0,0.0,0.0,0.6,2.5,arrival_nowcast,toc
2023-11-13,0.34,0.3399999999999999,0.34,0.9400000000000001,2.5,arrival_nowcast,toc
2023-11-14,0.0,0.3399999999999999,0.34,0.93,2.5,arrival_nowcast,toc
2023-11-15,0.0,0.3399999999999999,0.34,0.93,2.5,arrival_nowcast,toc
2023-11-16,0.0,0.0,0.34,0.43000000000000005,2.5,arrival_nowcast,toc
2023-11-17,0.0,0.0,0.34,0.3400000000000001,2.5,arrival_nowcast,toc
2023-11-18,0.0,0.0,0.34,0.3400000000000001,2.4,arrival_nowcast,toc
2023-11-19,0.0,0.0,0.34,0.3400000000000001,2.5,arrival_nowcast,toc
2023-11-20,0.0,0.0,0.0,0.3400000000000001,2.5,arrival_nowcast,toc
2023-11-21,0.0,0.0,0.0,0.3400000000000001,2.4,arrival_nowcast,toc
2023-11-22,0.0,0.0,0.0,0.3400000000000001,2.4,arrival_nowcast,toc
2023-11-23,0.0,0.0,0.0,0.3400000000000001,2.4,arrival_nowcast,toc
2023-11-24,0.04,0.03999999999999989,0.04,0.38000000000000006,2.4,arrival_nowcast,toc
2023-11-25,0.16,0.1999999999999999,0.2,0.54,2.4,arrival_nowcast,toc
2023-11-26,0.0,0.1999999999999999,0.2,0.54,2.5,arrival_nowcast,toc
2023-11-27,0.0,0.1599999999999999,0.2,0.20000000000000007,2.5,arrival_nowcast,toc
2023-11-28,0.12,0.11999999999999988,0.32,0.32000000000000006,2.6,arrival_nowcast,toc
2023-11-29,0.02,0.13999999999999987,0.34,0.3400000000000001,2.5,arrival_nowcast,toc
2023-11-30,0.04,0.17999999999999988,0.38,0.38000000000000006,2.6,arrival_nowcast,toc
2023-12-01,0.0,0.05999999999999989,0.34,0.38000000000000006,2.5,arrival_nowcast,toc
2023-12-02,0.0,0.03999999999999988,0.18,0.38000000000000006,2.6,arrival_nowcast,toc
2023-12-03,0.0,0.0,0.18,0.38000000000000006,2.6,arrival_nowcast,toc
2023-12-04,0.0,0.0,0.18,0.38000000000000006,2.6,arrival_nowcast,toc
2023-12-05,0.0,0.0,0.06,0.38000000000000006,2.5,arrival_nowcast,toc
2023-12-06,0.0,0.0,0.039999999999999994,0.38000000000000006,2.4,arrival_nowcast,toc
2023-12-07,0.0,0.0,0.0,0.38000000000000006,2.5,arrival_nowcast,toc
2023-12-08,0.02,0.01999999999999989,0.02,0.3600000000000001,2.5,arrival_nowcast,toc
2023-12-09,0.0,0.01999999999999989,0.02,0.20000000000000004,2.4,arrival_nowcast,toc
2023-12-10,0.0,0.01999999999999989,0.02,0.20000000000000004,2.4,arrival_nowcast,toc
2023-12-11,0.0,0.0,0.02,0.20000000000000004,2.4,arrival_nowcast,toc
2023-12-12,0.0,0.0,0.02,0.08000000000000006,2.3,arrival_nowcast,toc
2023-12-13,0.6,0.5999999999999999,0.62,0.66,2.3,arrival_nowcast,toc
2023-12-14,0.0,0.5999999999999999,0.62,0.62,2.3,arrival_nowcast,toc
2023-12-15,0.0,0.5999999999999999,0.6,0.62,2.3,arrival_nowcast,toc
2023-12-16,0.0,0.0,0.6,0.62,2.4,arrival_nowcast,toc
2023-12-17,0.05,0.04999999999999989,0.65,0.67,2.3,arrival_nowcast,toc
2023-12-18,0.08,0.1299999999999999,0.73,0.75,2.2,arrival_nowcast,toc
2023-12-19,0.0,0.1299999999999999,0.73,0.75,2.3,arrival_nowcast,toc
2023-12-20,0.0,0.07999999999999989,0.13,0.75,2.3,arrival_nowcast,toc
2023-12-21,0.0,0.0,0.13,0.75,2.3,arrival_nowcast,toc
2023-12-22,0.0,0.0,0.13,0.7300000000000001,2.4,arrival_nowcast,toc
2023-12-23,0.0,0.0,0.13,0.7300000000000001,2.4,arrival_nowcast,toc
2023-12-24,0.0,0.0,0.08,0.7300000000000001,2.3,arrival_nowcast,toc
2023-12-25,0.0,0.0,0.0,0.7300000000000001,2.4,arrival_nowcast,toc
2023-12-26,0.0,0.0,0.0,0.7300000000000001,2.4,arrival_nowcast,toc
2023-12-27,0.0,0.0,0.0,0.13000000000000012,2.5,arrival_nowcast,toc
2023-12-28,0.26,0.2599999999999999,0.26,0.3900000000000001,2.7,arrival_nowcast,toc
2023-12-29,0.08,0.3399999999999999,0.34,0.47000000000000014,2.2,arrival_nowcast,toc
2023-12-30,0.0,0.3399999999999999,0.34,0.47000000000000014,2.4,arrival_nowcast,toc
2023-12-31,0.0,0.07999999999999989,0.34,0.42000000000000015,2.4,arrival_nowcast,toc
2024-04-01,0.0,0.0,0.88,1.9000000000000004,2.6,arrival_nowcast,toc
2024-04-02,0.0,0.0,0.88,0.8800000000000002,2.75,arrival_nowcast,toc
2024-04-03,0.0,0.0,0.88,0.8800000000000002,2.7,arrival_nowcast,toc
2024-04-04,0.0,0.0,0.88,0.8800000000000002,2.7,arrival_nowcast,toc
2024-04-05,0.0,0.0,0.0,0.8800000000000002,2.8,arrival_nowcast,toc
2024-04-06,0.4,0.4,0.4,1.2800000000000002,2.8,arrival_nowcast,toc
2024-04-07,0.0,0.4,0.4,1.2800000000000002,2.8,arrival_nowcast,toc
2024-04-08,0.0,0.4,0.4,1.2800000000000002,2.8,arrival_nowcast,toc
2024-04-09,0.0,0.0,0.4,1.2800000000000002,2.8,arrival_nowcast,toc
2024-04-10,0.0,0.0,0.4,1.2800000000000002,2.9,arrival_nowcast,toc
2024-04-11,0.0,0.0,0.4,1.2800000000000002,3.0,arrival_nowcast,toc
2024-04-12,0.0,0.0,0.4,0.40000000000000024,3.0,arrival_nowcast,toc
2024-04-13,0.0,0.0,0.0,0.40000000000000024,3.0,arrival_nowcast,toc
2024-04-14,0.0,0.0,0.0,0.40000000000000024,3.0,arrival_nowcast,toc
2024-04-15,0.0,0.0,0.0,0.40000000000000024,3.1,arrival_nowcast,toc
2024-04-16,0.0,0.0,0.0,0.40000000000000024,3.1,arrival_nowcast,toc
2024-04-17,0.0,0.0,0.0,0.40000000000000024,3.2,arrival_nowcast,toc
2024-04-18,0.0,0.0,0.0,0.40000000000000024,3.1,arrival_nowcast,toc
2024-04-19,0.0,0.0,0.0,0.40000000000000024,3.2,arrival_nowcast,toc
2024-04-20,0.03,0.03,0.03,0.03000000000000022,3.3,arrival_nowcast,toc
2024-04-21,0.0,0.03,0.03,0.03000000000000022,3.2,arrival_nowcast,toc
2024-04-22,0.02,0.05,0.05,0.050000000000000225,3.2,arrival_nowcast,toc
2024-04-23,0.09,0.11,0.14,0.14000000000000024,3.3,arrival_nowcast,toc
2024-04-24,0.24,0.35,0.38,0.3800000000000002,3.2,arrival_nowcast,toc
2024-04-25,0.04,0.36999999999999994,0.42,0.4200000000000002,3.2,arrival_nowcast,toc
2024-04-26,0.0,0.27999999999999997,0.42,0.4200000000000002,3.2,arrival_nowcast,toc
2024-04-27,0.0,0.04,0.39,0.4200000000000002,3.3,arrival_nowcast,toc
2024-04-28,0.0,0.0,0.39,0.4200000000000002,3.2,arrival_nowcast,toc
2024-04-29,0.0,0.0,0.37,0.4200000000000002,3.3,arrival_nowcast,toc
2024-04-30,0.0,0.0,0.27999999999999997,0.4200000000000002,3.4,arrival_nowcast,toc
2024-05-01,0.81,0.81,0.8500000000000001,1.2300000000000002,3.2,arrival_nowcast,toc
2024-05-02,0.85,1.6600000000000001,1.6600000000000001,2.08,3.4,arrival_nowcast,toc
2024-05-03,0.0,1.6600000000000001,1.6600000000000001,2.08,3.5,arrival_nowcast,toc
2024-05-04,0.0,0.85,1.6600000000000001,2.0500000000000003,3.5,arrival_nowcast,toc
2024-05-05,0.0,0.0,1.6600000000000001,2.0500000000000003,3.7,arrival_nowcast,toc
2024-05-06,0.04,0.04,1.7,2.0700000000000003,3.7,arrival_nowcast,toc
2024-05-07,0.0,0.04,1.7,1.9800000000000002,3.7,arrival_nowcast,toc
2024-05-08,0.0,0.04,0.89,1.7400000000000002,3.7,arrival_nowcast,toc
2024-05-09,0.0,0.0,0.04,1.7000000000000002,3.5,arrival_nowcast,toc
2024-05-10,0.0,0.0,0.04,1.7000000000000002,3.5,arrival_nowcast,toc
2024-05-11,0.0,0.0,0.04,1.7000000000000002,3.5,arrival_nowcast,toc
2024-05-12,0.0,0.0,0.04,1.7000000000000002,3.6,arrival_nowcast,toc
2024-05-13,0.0,0.0,0.0,1.7000000000000002,3.5,arrival_nowcast,toc
2024-05-14,0.18,0.18,0.18,1.8800000000000003,3.5,arrival_nowcast,toc
2024-05-15,0.0,0.18,0.18,1.0700000000000003,3.9,arrival_nowcast,toc
2024-05-16,0.07,0.25,0.25,0.29000000000000015,4.8,arrival_nowcast,toc
2024-05-17,0.75,0.8200000000000001,1.0,1.04,5.3,arrival_nowcast,toc
2024-05-18,0.04,0.8600000000000001,1.04,1.08,6.4,arrival_nowcast,toc
2024-05-19,0.04,0.83,1.08,1.12,5.5,arrival_nowcast,toc
2024-05-20,0.04,0.12,1.12,1.12,5.6,arrival_nowcast,toc
2024-05-21,0.0,0.07999999999999999,0.9400000000000001,1.12,5.1,arrival_nowcast,toc
2024-05-22,0.0,0.04,0.94,1.12,5.2,arrival_nowcast,toc
2024-05-23,0.0,0.0,0.87,1.12,5.0,arrival_nowcast,toc
2024-05-24,0.0,0.0,0.12,1.12,4.9,arrival_nowcast,toc
2024-05-25,0.01,0.01,0.09,1.1300000000000001,4.9,arrival_nowcast,toc
2024-05-26,0.16,0.17,0.21000000000000002,1.29,4.8,arrival_nowcast,toc
2024-05-27,0.0,0.17,0.16999999999999998,1.29,4.8,arrival_nowcast,toc
2024-05-28,0.0,0.16,0.16999999999999998,1.11,4.6,arrival_nowcast,toc
2024-05-29,0.0,0.0,0.16999999999999998,1.11,4.6,arrival_nowcast,toc
2024-05-30,0.0,0.0,0.16999999999999998,1.04,4.5,arrival_nowcast,toc
2024-05-31,0.0,0.0,0.16999999999999998,0.29000000000000015,4.6,arrival_nowcast,toc
2024-06-01,0.0,0.0,0.16,0.2500000000000001,4.5,arrival_nowcast,toc
2024-06-02,0.0,0.0,0.0,0.2100000000000001,4.6,arrival_nowcast,toc
2024-06-03,0.0,0.0,0.0,0.17000000000000012,4.5,arrival_nowcast,toc
2024-06-04,0.0,0.0,0.0,0.17000000000000012,4.5,arrival_nowcast,toc
2024-06-05,0.0,0.0,0.0,0.17000000000000012,4.5,arrival_nowcast,toc
2024-06-06,0.0,0.0,0.0,0.17000000000000012,4.4,arrival_nowcast,toc
2024-06-07,0.0,0.0,0.0,0.17000000000000012,4.4,arrival_nowcast,toc
2024-06-08,0.0,0.0,0.0,0.16000000000000011,4.4,arrival_nowcast,toc
2024-06-09,0.0,0.0,0.0,0.0,4.5,arrival_nowcast,toc
2024-06-10,0.0,0.0,0.0,0.0,4.4,arrival_nowcast,toc
2024-06-11,0.0,0.0,0.0,0.0,4.5,arrival_nowcast,toc
2024-06-12,0.0,0.0,0.0,0.0,4.5,arrival_nowcast,toc
2024-06-13,0.0,0.0,0.0,0.0,4.5,arrival_nowcast,toc
2024-06-14,0.02,0.02,0.02,0.02000000000000011,4.4,arrival_nowcast,toc
2024-06-15,0.0,0.02,0.02,0.02000000000000011,4.3,arrival_nowcast,toc
2024-06-16,0.0,0.02,0.02,0.02000000000000011,4.2,arrival_nowcast,toc
2024-06-17,0.0,0.0,0.02,0.02000000000000011,4.1,arrival_nowcast,toc
2024-06-18,0.0,0.0,0.02,0.02000000000000011,4.0,arrival_nowcast,toc
2024-06-19,0.0,0.0,0.02,0.02000000000000011,4.0,arrival_nowcast,toc
2024-06-20,0.0,0.0,0.02,0.02000000000000011,4.1,arrival_nowcast,toc
2024-06-21,0.0,0.0,0.0,0.02000000000000011,4.1,arrival_nowcast,toc
2024-06-22,0.0,0.0,0.0,0.02000000000000011,4.1,arrival_nowcast,toc
2024-06-23,0.0,0.0,0.0,0.02000000000000011,4.2,arrival_nowcast,toc
2024-06-24,0.0,0.0,0.0,0.02000000000000011,4.1,arrival_nowcast,toc
2024-06-25,0.15,0.15,0.15,0.1700000000000001,4.1,arrival_nowcast,toc
2024-06-26,0.4,0.55,0.55,0.5700000000000001,4.0,arrival_nowcast,toc
2024-06-27,0.0,0.55,0.55,0.5700000000000001,4.0,arrival_nowcast,toc
2024-06-28,0.0,0.4,0.55,0.55,3.9,arrival_nowcast,toc
2024-06-29,0.03,0.03,0.5800000000000001,0.5800000000000001,3.9,arrival_nowcast,toc
2024-06-30,0.0,0.03,0.5800000000000001,0.5800000000000001,3.8,arrival_nowcast,toc
2024-07-01,0.22,0.25,0.8,0.8,3.7,arrival_nowcast,toc
2024-07-02,0.0,0.22,0.65,0.8,3.6,arrival_nowcast,toc
2024-07-03,0.0,0.22,0.25,0.8,3.5,arrival_nowcast,toc
2024-07-04,0.07,0.07,0.32,0.8700000000000001,3.5,arrival_nowcast,toc
2024-07-05,0.06,0.13,0.38,0.9300000000000002,3.4,arrival_nowcast,toc
2024-07-06,0.15,0.28,0.5,1.08,3.3,arrival_nowcast,toc
2024-07-07,0.0,0.21,0.5,1.08,3.2,arrival_nowcast,toc
2024-07-08,0.0,0.15,0.28,1.08,3.2,arrival_nowcast,toc
2024-07-09,0.0,0.0,0.28,0.9300000000000002,3.2,arrival_nowcast,toc
2024-07-10,0.0,0.0,0.28,0.53,3.2,arrival_nowcast,toc
2024-07-11,0.0,0.0,0.21,0.53,3.3,arrival_nowcast,toc
2024-07-12,0.0,0.0,0.15,0.53,3.2,arrival_nowcast,toc
2024-07-13,0.0,0.0,0.0,0.5000000000000001,3.2,arrival_nowcast,toc
2024-07-14,0.0,0.0,0.0,0.5000000000000001,3.3,arrival_nowcast,toc
2024-07-15,0.0,0.0,0.0,0.28000000000000014,3.3,arrival_nowcast,toc
2024-07-16,0.0,0.0,0.0,0.28000000000000014,3.2,arrival_nowcast,toc
2024-07-17,0.0,0.0,0.0,0.28000000000000014,3.2,arrival_nowcast,toc
2024-07-18,0.0,0.0,0.0,0.2100000000000001,3.1,arrival_nowcast,toc
2024-07-19,0.0,0.0,0.0,0.1500000000000001,3.0,arrival_nowcast,toc
2024-07-20,0.06,0.06,0.06,0.06000000000000011,3.3,arrival_nowcast,toc
2024-07-21,0.06,0.12,0.12,0.1200000000000001,3.1,arrival_nowcast,toc
2024-07-22,0.0,0.12,0.12,0.1200000000000001,3.0,arrival_nowcast,toc
2024-07-23,0.0,0.06,0.12,0.1200000000000001,2.9,arrival_nowcast,toc
2024-07-24,0.0,0.0,0.12,0.1200000000000001,2.9,arrival_nowcast,toc
2024-07-25,0.07,0.07,0.19,0.1900000000000001,2.9,arrival_nowcast,toc
2024-07-26,0.21,0.28,0.4,0.40000000000000013,2.9,arrival_nowcast,toc
2024-07-27,0.0,0.28,0.33999999999999997,0.40000000000000013,2.8,arrival_nowcast,toc
2024-07-28,0.0,0.21,0.28,0.40000000000000013,2.8,arrival_nowcast,toc
2024-07-29,0.0,0.0,0.28,0.40000000000000013,2.7,arrival_nowcast,toc
2024-07-30,0.0,0.0,0.28,0.40000000000000013,2.7,arrival_nowcast,toc
2024-07-31,0.08,0.08,0.36,0.4800000000000001,2.6,arrival_nowcast,toc
2024-08-01,0.04,0.12,0.33,0.5200000000000001,2.6,arrival_nowcast,toc
2024-08-02,0.0,0.12,0.12,0.5200000000000001,2.6,arrival_nowcast,toc
2024-08-03,0.0,0.04,0.12,0.46000000000000013,2.6,arrival_nowcast,toc
2024-08-04,0.0,0.0,0.12,0.40000000000000013,2.6,arrival_nowcast,toc
2024-08-05,0.0,0.0,0.12,0.40000000000000013,3.0,arrival_nowcast,toc
2024-08-06,0.0,0.0,0.12,0.40000000000000013,2.7,arrival_nowcast,toc
2024-08-07,0.0,0.0,0.04,0.40000000000000013,2.7,arrival_nowcast,toc
2024-08-08,0.0,0.0,0.0,0.3300000000000001,2.7,arrival_nowcast,toc
2024-08-09,0.04,0.04,0.04,0.16000000000000011,2.8,arrival_nowcast,toc
2024-08-10,0.37,0.41,0.41,0.5300000000000001,2.7,arrival_nowcast,toc
2024-08-11,0.0,0.41,0.41,0.5300000000000001,2.7,arrival_nowcast,toc
2024-08-12,0.02,0.39,0.43,0.5500000000000002,2.7,arrival_nowcast,toc
2024-08-13,0.64,0.66,1.07,1.1900000000000002,2.7,arrival_nowcast,toc
2024-08-14,0.54,1.2000000000000002,1.6099999999999999,1.6500000000000001,2.8,arrival_nowcast,toc
2024-08-15,0.56,1.7400000000000002,2.17,2.17,2.8,arrival_nowcast,toc
2024-08-16,0.0,1.1,2.13,2.17,2.8,arrival_nowcast,toc
2024-08-17,0.25,0.81,2.0100000000000002,2.42,2.9,arrival_nowcast,toc
2024-08-18,0.47,0.72,2.48,2.89,2.9,arrival_nowcast,toc
2024-08-19,0.04,0.76,2.5,2.93,2.9,arrival_nowcast,toc
2024-08-20,0.0,0.51,1.8599999999999999,2.93,2.9,arrival_nowcast,toc
2024-08-21,0.0,0.04,1.3199999999999998,2.93,2.9,arrival_nowcast,toc
2024-08-22,0.0,0.0,0.76,2.93,3.1,arrival_nowcast,toc
2024-08-23,0.0,0.0,0.76,2.89,3.3,arrival_nowcast,toc
2024-08-24,0.16,0.16,0.6699999999999999,2.6800000000000006,3.3,arrival_nowcast,toc
2024-08-25,0.0,0.16,0.2,2.6800000000000006,3.4,arrival_nowcast,toc
2024-08-26,0.0,0.16,0.16,2.6600000000000006,3.4,arrival_nowcast,toc
2024-08-27,0.33,0.33,0.49,2.3500000000000005,3.4,arrival_nowcast,toc
2024-08-28,0.0,0.33,0.49000000000000005,1.8100000000000003,3.3,arrival_nowcast,toc
2024-08-29,0.0,0.33,0.49000000000000005,1.25,3.3,arrival_nowcast,toc
2024-08-30,0.08,0.08,0.5700000000000001,1.33,3.2,arrival_nowcast,toc
2024-08-31,0.0,0.08,0.41000000000000003,1.08,3.2,arrival_nowcast,toc
2024-09-01,0.0,0.08,0.41000000000000003,0.6100000000000001,3.2,arrival_nowcast,toc
2024-09-02,0.0,0.0,0.41000000000000003,0.5700000000000001,3.1,arrival_nowcast,toc
2024-09-03,0.0,0.0,0.08000000000000006,0.5700000000000001,3.0,arrival_nowcast,toc
2024-09-04,0.0,0.0,0.08000000000000006,0.5700000000000001,2.9,arrival_nowcast,toc
2024-09-05,0.0,0.0,0.08000000000000006,0.5700000000000001,2.9,arrival_nowcast,toc
2024-09-06,0.0,0.0,0.0,0.5700000000000001,2.9,arrival_nowcast,toc
2024-09-07,0.0,0.0,0.0,0.41000000000000014,3.0,arrival_nowcast,toc
2024-09-08,0.0,0.0,0.0,0.41000000000000014,2.9,arrival_nowcast,toc
2024-09-09,0.74,0.74,0.74,1.1500000000000001,2.8,arrival_nowcast,toc
2024-09-10,0.04,0.78,0.78,0.8600000000000001,2.7,arrival_nowcast,toc
2024-09-11,0.0,0.78,0.78,0.8600000000000001,2.7,arrival_nowcast,toc
2024-09-12,0.0,0.04,0.78,0.8600000000000001,2.6,arrival_nowcast,toc
2024-09-13,0.0,0.0,0.78,0.7800000000000001,2.7,arrival_nowcast,toc
2024-09-14,0.0,0.0,0.78,0.7800000000000001,2.7,arrival_nowcast,toc
2024-09-15,0.0,0.0,0.78,0.7800000000000001,2.7,arrival_nowcast,toc
2024-09-16,0.0,0.0,0.04,0.7800000000000001,2.7,arrival_nowcast,toc
2024-09-17,0.0,0.0,0.0,0.7800000000000001,2.7,arrival_nowcast,toc
2024-09-18,0.0,0.0,0.0,0.7800000000000001,2.7,arrival_nowcast,toc
2024-09-19,0.0,0.0,0.0,0.7800000000000001,2.6,arrival_nowcast,toc
2024-09-20,0.0,0.0,0.0,0.7800000000000001,2.6,arrival_nowcast,toc
2024-09-21,0.0,0.0,0.0,0.7800000000000001,2.6,arrival_nowcast,toc
2024-09-22,0.0,0.0,0.0,0.7800000000000001,2.6,arrival_nowcast,toc
2024-09-23,0.0,0.0,0.0,0.04000000000000011,2.6,arrival_nowcast,toc
2024-09-24,0.0,0.0,0.0,0.0,2.5,arrival_nowcast,toc
2024-09-25,0.0,0.0,0.0,0.0,2.5,arrival_nowcast,toc
2024-09-26,0.43,0.43,0.43,0.4300000000000001,2.5,arrival_nowcast,toc
2024-09-27,0.07,0.5,0.5,0.5000000000000001,2.5,arrival_nowcast,toc
2024-09-28,0.0,0.5,0.5,0.5000000000000001,2.4,arrival_nowcast,toc
2024-09-29,0.0,0.07,0.5,0.5000000000000001,2.5,arrival_nowcast,toc
2024-09-30,0.0,0.0,0.5,0.5000000000000001,2.5,arrival_nowcast,toc
2024-10-01,0.0,0.0,0.5,0.5000000000000001,2.4,arrival_nowcast,toc
2024-10-02,0.0,0.0,0.5,0.5000000000000001,2.4,arrival_nowcast,toc
2024-10-03,0.0,0.0,0.07,0.5000000000000001,2.4,arrival_nowcast,toc
2024-10-04,0.0,0.0,0.0,0.5000000000000001,2.4,arrival_nowcast,toc
2024-10-05,0.0,0.0,0.0,0.5000000000000001,2.4,arrival_nowcast,toc
2024-10-06,0.0,0.0,0.0,0.5000000000000001,2.4,arrival_nowcast,toc
2024-10-07,0.0,0.0,0.0,0.5000000000000001,2.4,arrival_nowcast,toc
2024-10-08,0.0,0.0,0.0,0.5000000000000001,2.4,arrival_nowcast,toc
2024-10-09,0.0,0.0,0.0,0.5000000000000001,2.5,arrival_nowcast,toc
2024-10-10,0.0,0.0,0.0,0.07000000000000012,2.5,arrival_nowcast,toc
2024-10-11,0.0,0.0,0.0,0.0,2.5,arrival_nowcast,toc
2024-10-12,0.0,0.0,0.0,0.0,2.5,arrival_nowcast,toc
2024-10-13,0.0,0.0,0.0,0.0,2.5,arrival_nowcast,toc
2024-10-14,0.0,0.0,0.0,0.0,2.5,arrival_nowcast,toc
2024-10-15,0.0,0.0,0.0,0.0,2.5,arrival_nowcast,toc
2024-10-16,0.0,0.0,0.0,0.0,2.5,arrival_nowcast,toc
2024-10-17,0.0,0.0,0.0,0.0,2.4,arrival_nowcast,toc
2024-10-18,0.0,0.0,0.0,0.0,2.4,arrival_nowcast,toc
2024-10-19,0.0,0.0,0.0,0.0,2.4,arrival_nowcast,toc
2024-10-20,0.0,0.0,0.0,0.0,2.4,arrival_nowcast,toc
2024-10-21,0.0,0.0,0.0,0.0,2.4,arrival_nowcast,toc
2024-10-22,0.0,0.0,0.0,0.0,2.4,arrival_nowcast,toc
2024-10-23,0.14,0.14,0.14,0.14000000000000012,2.4,arrival_nowcast,toc
2024-10-24,0.0,0.14,0.14,0.14000000000000012,2.3,arrival_nowcast,toc
2024-10-25,0.08,0.22000000000000003,0.22000000000000003,0.22000000000000014,2.3,arrival_nowcast,toc
2024-10-26,0.04,0.12,0.26,0.2600000000000001,2.3,arrival_nowcast,toc
2024-10-27,0.0,0.12,0.26,0.2600000000000001,2.3,arrival_nowcast,toc
2024-10-28,0.0,0.04,0.26,0.2600000000000001,2.2,arrival_nowcast,toc
2024-10-29,0.0,0.0,0.26,0.2600000000000001,2.2,arrival_nowcast,toc
2025-04-01,0.0,0.0,0.0,0.29000000000000015,2.7,arrival_nowcast,toc
2025-04-02,0.25,0.25,0.25,0.5400000000000001,2.7,arrival_nowcast,toc
2025-04-03,0.14,0.39,0.39,0.6800000000000002,2.7,arrival_nowcast,toc
2025-04-04,0.0,0.39,0.39,0.6800000000000002,2.7,arrival_nowcast,toc
2025-04-05,0.0,0.14,0.39,0.6800000000000002,2.6,arrival_nowcast,toc
2025-04-06,0.01,0.01,0.4,0.40000000000000013,2.6,arrival_nowcast,toc
2025-04-07,0.0,0.01,0.4,0.40000000000000013,2.6,arrival_nowcast,toc
2025-04-08,0.22,0.23,0.62,0.6200000000000001,2.6,arrival_nowcast,toc
2025-04-09,0.42,0.64,0.79,1.04,2.6,arrival_nowcast,toc
2025-04-10,0.0,0.6399999999999999,0.65,1.04,2.7,arrival_nowcast,toc
2025-04-11,0.0,0.42,0.65,1.04,2.6,arrival_nowcast,toc
2025-04-12,0.0,0.0,0.65,1.04,2.6,arrival_nowcast,toc
2025-04-13,0.0,0.0,0.64,1.04,2.6,arrival_nowcast,toc
2025-04-14,0.0,0.0,0.64,1.04,2.6,arrival_nowcast,toc
2025-04-15,0.0,0.0,0.42000000000000004,1.04,2.7,arrival_nowcast,toc
2025-04-16,0.0,0.0,0.0,0.7900000000000001,2.7,arrival_nowcast,toc
2025-04-17,0.0,0.0,0.0,0.6500000000000001,2.7,arrival_nowcast,toc
2025-04-18,0.01,0.009999999999999945,0.01,0.6600000000000001,2.7,arrival_nowcast,toc
2025-04-19,0.0,0.009999999999999945,0.01,0.6600000000000001,2.7,arrival_nowcast,toc
2025-04-20,0.0,0.009999999999999945,0.01,0.6500000000000001,2.7,arrival_nowcast,toc
2025-04-21,0.0,0.0,0.01,0.6500000000000001,2.7,arrival_nowcast,toc
2025-04-22,0.16,0.15999999999999995,0.17,0.5900000000000002,2.8,arrival_nowcast,toc
2025-04-23,0.62,0.7799999999999999,0.79,0.7900000000000001,2.7,arrival_nowcast,toc
2025-04-24,0.0,0.7799999999999999,0.79,0.7900000000000001,2.7,arrival_nowcast,toc
2025-04-25,0.0,0.6199999999999999,0.78,0.7900000000000001,2.7,arrival_nowcast,toc
2025-04-26,0.0,0.0,0.78,0.7900000000000001,2.7,arrival_nowcast,toc
2025-04-27,0.0,0.0,0.78,0.7900000000000001,2.8,arrival_nowcast,toc
2025-04-28,0.0,0.0,0.78,0.7900000000000001,2.8,arrival_nowcast,toc
2025-04-29,0.04,0.03999999999999989,0.66,0.8300000000000002,2.8,arrival_nowcast,toc
2025-04-30,0.0,0.03999999999999989,0.04,0.8300000000000002,2.8,arrival_nowcast,toc
2025-05-01,0.0,0.03999999999999989,0.04,0.8300000000000002,2.9,arrival_nowcast,toc
2025-05-02,0.0,0.0,0.04,0.8200000000000002,2.8,arrival_nowcast,toc
2025-05-03,0.0,0.0,0.04,0.8200000000000002,2.8,arrival_nowcast,toc
2025-05-04,0.0,0.0,0.04,0.8200000000000002,2.8,arrival_nowcast,toc
2025-05-05,0.16,0.1599999999999999,0.2,0.9800000000000002,2.8,arrival_nowcast,toc
2025-05-06,0.19,0.34999999999999987,0.35,1.0100000000000002,2.8,arrival_nowcast,toc
2025-05-07,0.0,0.34999999999999987,0.35,0.3900000000000001,2.7,arrival_nowcast,toc
2025-05-08,0.0,0.1899999999999999,0.35,0.3900000000000001,2.7,arrival_nowcast,toc
2025-05-09,0.0,0.0,0.35,0.3900000000000001,2.7,arrival_nowcast,toc
2025-05-10,0.0,0.0,0.35,0.3900000000000001,2.7,arrival_nowcast,toc
2025-05-11,1.52,1.52,1.87,1.9100000000000001,2.7,arrival_nowcast,toc
2025-05-12,0.08,1.6,1.7900000000000003,1.9900000000000002,2.7,arrival_nowcast,toc
2025-05-13,0.0,1.6,1.6,1.9500000000000002,2.8,arrival_nowcast,toc
2025-05-14,0.0,0.08,1.6,1.9500000000000002,2.9,arrival_nowcast,toc
2025-05-15,0.0,0.0,1.6,1.9500000000000002,3.0,arrival_nowcast,toc
2025-05-16,0.0,0.0,1.6,1.9500000000000002,3.1,arrival_nowcast,toc
2025-05-17,0.0,0.0,1.6,1.9500000000000002,3.1,arrival_nowcast,toc
2025-05-18,0.0,0.0,0.08,1.9500000000000002,3.0,arrival_nowcast,toc
2025-05-19,0.0,0.0,0.0,1.7900000000000003,2.9,arrival_nowcast,toc
2025-05-20,0.0,0.0,0.0,1.6,2.8,arrival_nowcast,toc
2025-05-21,0.0,0.0,0.0,1.6,2.6,arrival_nowcast,toc
2025-05-22,0.0,0.0,0.0,1.6,2.6,arrival_nowcast,toc
2025-05-23,0.0,0.0,0.0,1.6,2.5,arrival_nowcast,toc
2025-05-24,0.0,0.0,0.0,1.6,2.5,arrival_nowcast,toc
2025-05-25,0.0,0.0,0.0,0.08,2.3,arrival_nowcast,toc
2025-05-26,0.0,0.0,0.0,0.0,2.4,arrival_nowcast,toc
2025-05-27,0.0,0.0,0.0,0.0,2.4,arrival_nowcast,toc
2025-05-28,0.0,0.0,0.0,0.0,2.4,arrival_nowcast,toc
2025-05-29,0.27,0.27,0.27,0.27,2.4,arrival_nowcast,toc
2025-05-30,0.44,0.71,0.71,0.71,2.5,arrival_nowcast,toc
2025-05-31,0.12,0.8300000000000001,0.8300000000000001,0.8300000000000001,2.6,arrival_nowcast,toc
2025-06-01,0.04,0.6,0.87,0.87,2.6,arrival_nowcast,toc
2025-06-02,0.26,0.42,1.13,1.13,2.6,arrival_nowcast,toc
2025-06-03,0.0,0.3,1.13,1.13,2.6,arrival_nowcast,toc
2025-06-04,0.0,0.26,1.13,1.13,2.6,arrival_nowcast,toc
2025-06-05,0.0,0.0,0.86,1.13,2.7,arrival_nowcast,toc
2025-06-06,0.0,0.0,0.42,1.13,2.8,arrival_nowcast,toc
2025-06-07,1.05,1.05,1.35,2.18,3.0,arrival_nowcast,toc
2025-06-08,0.16,1.21,1.47,2.3400000000000003,3.0,arrival_nowcast,toc
2025-06-09,0.0,1.21,1.21,2.3400000000000003,3.0,arrival_nowcast,toc
2025-06-10,0.14,0.30000000000000004,1.35,2.48,3.0,arrival_nowcast,toc
2025-06-11,0.02,0.16,1.37,2.5,3.1,arrival_nowcast,toc
2025-06-12,0.0,0.16,1.37,2.23,3.0,arrival_nowcast,toc
2025-06-13,0.0,0.02,1.37,1.7900000000000003,2.9,arrival_nowcast,toc
2025-06-14,0.0,0.0,0.32,1.6700000000000002,2.9,arrival_nowcast,toc
2025-06-15,0.0,0.0,0.16,1.6300000000000001,2.8,arrival_nowcast,toc
2025-06-16,0.0,0.0,0.16,1.37,2.7,arrival_nowcast,toc
2025-06-17,0.0,0.0,0.02,1.37,2.7,arrival_nowcast,toc
2025-06-18,0.01,0.01,0.01,1.3800000000000001,2.5,arrival_nowcast,toc
2025-06-19,0.0,0.01,0.01,1.3800000000000003,2.5,arrival_nowcast,toc
2025-06-20,0.0,0.01,0.01,1.3800000000000003,2.7,arrival_nowcast,toc
2025-06-21,0.06,0.06,0.06999999999999999,0.39,2.4,arrival_nowcast,toc
2025-06-22,0.04,0.1,0.11,0.27,2.4,arrival_nowcast,toc
2025-06-23,0.0,0.1,0.11,0.27,2.4,arrival_nowcast,toc
2025-06-24,0.0,0.04,0.11,0.13,2.4,arrival_nowcast,toc
2025-06-25,0.0,0.0,0.1,0.10999999999999999,2.3,arrival_nowcast,toc
2025-06-26,0.0,0.0,0.1,0.10999999999999999,2.3,arrival_nowcast,toc
2025-06-27,0.0,0.0,0.1,0.10999999999999999,2.2,arrival_nowcast,toc
2025-06-28,0.0,0.0,0.04,0.10999999999999999,2.2,arrival_nowcast,toc
2025-06-29,0.19,0.19,0.19,0.3,2.1,arrival_nowcast,toc
2025-06-30,0.0,0.19,0.19,0.3,2.1,arrival_nowcast,toc
2025-07-01,0.06,0.25,0.25,0.36,2.1,arrival_nowcast,toc
2025-07-02,0.0,0.06,0.25,0.35,2.0,arrival_nowcast,toc
2025-07-03,0.0,0.06,0.25,0.35,2.0,arrival_nowcast,toc
2025-07-04,0.0,0.0,0.25,0.35,2.1,arrival_nowcast,toc
2025-07-05,0.0,0.0,0.25,0.29,2.1,arrival_nowcast,toc
2025-07-06,0.0,0.0,0.06,0.25,2.0,arrival_nowcast,toc
2025-07-07,0.0,0.0,0.06,0.25,2.0,arrival_nowcast,toc
2025-07-08,0.04,0.04,0.04,0.29,2.0,arrival_nowcast,toc
2025-07-09,0.74,0.78,0.78,1.03,2.0,arrival_nowcast,toc
2025-07-10,0.02,0.8,0.8,1.05,2.0,arrival_nowcast,toc
2025-07-11,0.0,0.76,0.8,1.05,2.0,arrival_nowcast,toc
2025-07-12,0.0,0.02,0.8,1.05,2.1,arrival_nowcast,toc
2025-07-13,0.0,0.0,0.8,0.8600000000000001,2.2,arrival_nowcast,toc
2025-07-14,0.0,0.0,0.8,0.8600000000000001,2.1,arrival_nowcast,toc
2025-07-15,0.0,0.0,0.76,0.8,2.1,arrival_nowcast,toc
2025-07-16,0.09,0.09,0.11,0.89,2.0,arrival_nowcast,toc
2025-07-17,0.0,0.09,0.09,0.89,2.2,arrival_nowcast,toc
2025-07-18,0.0,0.09,0.09,0.89,2.2,arrival_nowcast,toc
2025-07-19,0.0,0.0,0.09,0.89,2.2,arrival_nowcast,toc
2025-07-20,0.09,0.09,0.18,0.98,2.1,arrival_nowcast,toc
2025-07-21,0.0,0.09,0.18,0.98,2.1,arrival_nowcast,toc
2025-07-22,0.24,0.32999999999999996,0.42,1.18,2.1,arrival_nowcast,toc
2025-07-23,0.0,0.24,0.32999999999999996,0.44,2.1,arrival_nowcast,toc
2025-07-24,0.0,0.24,0.32999999999999996,0.42,2.2,arrival_nowcast,toc
2025-07-25,0.0,0.0,0.32999999999999996,0.42,2.1,arrival_nowcast,toc
2025-07-26,0.0,0.0,0.32999999999999996,0.42,2.1,arrival_nowcast,toc
2025-07-27,0.2,0.2,0.44,0.62,2.2,arrival_nowcast,toc
2025-07-28,0.0,0.2,0.44,0.62,2.2,arrival_nowcast,toc
2025-07-29,0.0,0.2,0.2,0.62,2.4,arrival_nowcast,toc
2025-07-30,0.09,0.09,0.29000000000000004,0.62,2.4,arrival_nowcast,toc
2025-07-31,0.0,0.09,0.29000000000000004,0.62,2.2,arrival_nowcast,toc
2025-08-01,0.0,0.09,0.29000000000000004,0.62,2.2,arrival_nowcast,toc
2025-08-02,0.0,0.0,0.29000000000000004,0.62,2.4,arrival_nowcast,toc
2025-08-03,0.03,0.03,0.12,0.56,2.3,arrival_nowcast,toc
2025-08-04,0.03,0.06,0.15,0.5900000000000001,2.2,arrival_nowcast,toc
2025-08-05,0.04,0.1,0.19,0.39,2.3,arrival_nowcast,toc
2025-08-06,0.05,0.12,0.15,0.44,2.4,arrival_nowcast,toc
2025-08-07,0.2,0.29000000000000004,0.35,0.64,2.2,arrival_nowcast,toc
2025-08-08,0.0,0.25,0.35,0.64,2.3,arrival_nowcast,toc
2025-08-09,0.0,0.2,0.35,0.64,2.4,arrival_nowcast,toc
2025-08-10,0.0,0.0,0.31999999999999995,0.44,2.4,arrival_nowcast,toc
2025-08-11,0.0,0.0,0.29000000000000004,0.44,2.4,arrival_nowcast,toc
2025-08-12,0.0,0.0,0.25,0.44,2.3,arrival_nowcast,toc
2025-08-13,0.0,0.0,0.2,0.35,2.3,arrival_nowcast,toc
2025-08-14,0.0,0.0,0.0,0.35,2.3,arrival_nowcast,toc
2025-08-15,0.0,0.0,0.0,0.35,2.3,arrival_nowcast,toc
2025-08-16,0.0,0.0,0.0,0.35,2.2,arrival_nowcast,toc
2025-08-17,0.0,0.0,0.0,0.32,2.2,arrival_nowcast,toc
2025-08-18,0.0,0.0,0.0,0.29000000000000004,2.2,arrival_nowcast,toc
2025-08-19,0.0,0.0,0.0,0.25,2.2,arrival_nowcast,toc
2025-08-20,0.0,0.0,0.0,0.2,2.2,arrival_nowcast,toc
2025-08-21,0.88,0.88,0.88,0.88,2.3,arrival_nowcast,toc
2025-08-22,0.0,0.88,0.88,0.88,2.2,arrival_nowcast,toc
2025-08-23,0.0,0.88,0.88,0.88,2.3,arrival_nowcast,toc
2025-08-24,0.0,0.0,0.88,0.88,2.3,arrival_nowcast,toc
2025-08-25,0.0,0.0,0.88,0.88,2.3,arrival_nowcast,toc
2025-08-26,0.0,0.0,0.88,0.88,2.4,arrival_nowcast,toc
2025-08-27,0.19,0.19,1.07,1.07,2.3,arrival_nowcast,toc
2025-08-28,0.05,0.24,0.24,1.12,2.3,arrival_nowcast,toc
2025-08-29,0.28,0.52,0.52,1.4,2.3,arrival_nowcast,toc
2025-08-30,1.03,1.36,1.55,2.43,2.4,arrival_nowcast,toc
2025-08-31,0.14,1.4500000000000002,1.69,2.5700000000000003,2.4,arrival_nowcast,toc
2025-09-01,0.04,1.21,1.73,2.6100000000000003,2.4,arrival_nowcast,toc
2025-09-02,0.0,0.18000000000000002,1.73,2.6100000000000003,2.3,arrival_nowcast,toc
2025-09-03,0.22,0.26,1.7600000000000002,2.83,2.3,arrival_nowcast,toc
2025-09-04,0.02,0.24,1.73,1.9700000000000002,2.2,arrival_nowcast,toc
2025-09-05,0.0,0.24,1.45,1.9700000000000002,2.3,arrival_nowcast,toc
2025-09-06,0.0,0.02,0.42000000000000004,1.9700000000000002,2.3,arrival_nowcast,toc
2025-09-07,0.0,0.0,0.28,1.9700000000000002,2.3,arrival_nowcast,toc
2025-09-08,0.0,0.0,0.24,1.9700000000000002,2.3,arrival_nowcast,toc
2025-09-09,0.0,0.0,0.24,1.9700000000000002,2.3,arrival_nowcast,toc
2025-09-10,0.02,0.02,0.04,1.8,2.2,arrival_nowcast,toc
2025-09-11,0.0,0.02,0.02,1.75,2.4,arrival_nowcast,toc
2025-09-12,0.0,0.02,0.02,1.4700000000000002,2.4,arrival_nowcast,toc
2025-09-13,0.0,0.0,0.02,0.44,2.3,arrival_nowcast,toc
2025-09-14,0.0,0.0,0.02,0.3,2.3,arrival_nowcast,toc
2025-09-15,0.0,0.0,0.02,0.26,2.2,arrival_nowcast,toc
2025-09-16,0.0,0.0,0.02,0.26,2.2,arrival_nowcast,toc
2025-09-17,0.17,0.17,0.17,0.21000000000000002,2.2,arrival_nowcast,toc
2025-09-18,0.13,0.30000000000000004,0.30000000000000004,0.32000000000000006,2.2,arrival_nowcast,toc
2025-09-19,0.0,0.30000000000000004,0.30000000000000004,0.32000000000000006,2.2,arrival_nowcast,toc
2025-09-20,0.0,0.13,0.30000000000000004,0.32000000000000006,2.2,arrival_nowcast,toc
2025-09-21,0.23,0.23,0.53,0.55,2.2,arrival_nowcast,toc
2025-09-22,0.14,0.37,0.67,0.6900000000000001,2.5,arrival_nowcast,toc
2025-09-23,0.0,0.37,0.67,0.6900000000000001,2.2,arrival_nowcast,toc
2025-09-24,0.0,0.14,0.5,0.67,2.2,arrival_nowcast,toc
2025-09-25,0.0,0.0,0.37,0.67,2.2,arrival_nowcast,toc
2025-09-26,0.0,0.0,0.37,0.67,2.2,arrival_nowcast,toc
2025-09-27,0.62,0.62,0.99,1.29,2.3,arrival_nowcast,toc
2025-09-28,0.58,1.2,1.3399999999999999,1.87,2.2,arrival_nowcast,toc
2025-09-29,0.0,1.2,1.1999999999999997,1.87,2.2,arrival_nowcast,toc
2025-09-30,0.0,0.58,1.1999999999999997,1.87,2.2,arrival_nowcast,toc
2025-10-01,0.0,0.0,1.1999999999999997,1.7000000000000002,2.3,arrival_nowcast,toc
2025-10-02,0.0,0.0,1.1999999999999997,1.5699999999999998,2.3,arrival_nowcast,toc
2025-10-03,0.0,0.0,1.1999999999999997,1.5699999999999998,2.2,arrival_nowcast,toc
2025-10-04,0.0,0.0,0.58,1.5699999999999998,2.2,arrival_nowcast,toc
2025-10-05,0.0,0.0,0.0,1.3399999999999999,2.2,arrival_nowcast,toc
2025-10-06,0.0,0.0,0.0,1.1999999999999997,2.2,arrival_nowcast,toc
2025-10-07,0.0,0.0,0.0,1.1999999999999997,2.3,arrival_nowcast,toc
2025-10-08,0.0,0.0,0.0,1.1999999999999997,2.3,arrival_nowcast,toc
2025-10-09,0.0,0.0,0.0,1.1999999999999997,2.3,arrival_nowcast,toc
2025-10-10,0.11,0.11,0.11,1.3099999999999998,2.3,arrival_nowcast,toc
2025-10-11,0.02,0.13,0.13,0.71,2.3,arrival_nowcast,toc
2025-10-12,0.0,0.13,0.13,0.13,2.2,arrival_nowcast,toc
2025-10-13,0.0,0.02,0.13,0.13,2.2,arrival_nowcast,toc
2025-10-14,0.0,0.0,0.13,0.13,2.2,arrival_nowcast,toc
2025-10-15,0.0,0.0,0.13,0.13,2.2,arrival_nowcast,toc
2025-10-16,0.0,0.0,0.13,0.13,2.2,arrival_nowcast,toc
2025-10-17,0.0,0.0,0.02,0.13,2.3,arrival_nowcast,toc
2025-10-18,0.0,0.0,0.0,0.13,2.2,arrival_nowcast,toc
2025-10-19,0.0,0.0,0.0,0.13,2.3,arrival_nowcast,toc
2025-10-20,0.0,0.0,0.0,0.13,2.2,arrival_nowcast,toc
2025-10-21,0.0,0.0,0.0,0.13,2.2,arrival_nowcast,toc
2025-10-22,0.0,0.0,0.0,0.13,2.2,arrival_nowcast,toc
2025-10-23,0.0,0.0,0.0,0.13,2.2,arrival_nowcast,toc
2025-10-24,0.0,0.0,0.0,0.02,2.3,arrival_nowcast,toc
2025-10-25,0.0,0.0,0.0,0.0,2.2,arrival_nowcast,toc
2025-10-26,0.0,0.0,0.0,0.0,2.2,arrival_nowcast,toc
2025-10-27,0.0,0.0,0.0,0.0,2.2,arrival_nowcast,toc
2025-10-28,0.0,0.0,0.0,0.0,2.2,arrival_nowcast,toc
2025-10-29,0.0,0.0,0.0,0.0,2.2,arrival_nowcast,toc
2025-10-30,0.0,0.0,0.0,0.0,2.2,arrival_nowcast,toc
2025-10-31,0.0,0.0,0.0,0.0,2.2,arrival_nowcast,toc
2025-11-01,0.13,0.13,0.13,0.13,2.2,arrival_nowcast,toc
2025-11-02,0.0,0.13,0.13,0.13,2.2,arrival_nowcast,toc
2025-11-03,0.0,0.13,0.13,0.13,2.3,arrival_nowcast,toc
2025-11-04,0.0,0.0,0.13,0.13,2.2,arrival_nowcast,toc
2025-11-05,0.0,0.0,0.13,0.13,2.2,arrival_nowcast,toc
2025-11-06,0.0,0.0,0.13,0.13,2.2,arrival_nowcast,toc
2025-11-07,0.0,0.0,0.13,0.13,2.2,arrival_nowcast,toc
2025-11-08,0.0,0.0,0.0,0.13,2.2,arrival_nowcast,toc
2025-11-09,0.0,0.0,0.0,0.13,2.2,arrival_nowcast,toc
2025-11-10,0.0,0.0,0.0,0.13,2.0,arrival_nowcast,toc
2025-11-11,0.0,0.0,0.0,0.13,2.0,arrival_nowcast,toc
2025-11-12,0.0,0.0,0.0,0.13,2.0,arrival_nowcast,toc
2025-11-13,0.0,0.0,0.0,0.13,2.1,arrival_nowcast,toc
2025-11-14,0.0,0.0,0.0,0.13,2.2,arrival_nowcast,toc
2025-11-15,0.0,0.0,0.0,0.0,2.1,arrival_nowcast,toc
2025-11-16,0.0,0.0,0.0,0.0,2.1,arrival_nowcast,toc
2025-11-17,0.0,0.0,0.0,0.0,2.1,arrival_nowcast,toc
2025-11-18,0.0,0.0,0.0,0.0,2.1,arrival_nowcast,toc
2025-11-19,0.0,0.0,0.0,0.0,2.1,arrival_nowcast,toc
2025-11-20,0.0,0.0,0.0,0.0,2.1,arrival_nowcast,toc
2025-11-21,0.02,0.02,0.02,0.02,2.1,arrival_nowcast,toc
2025-11-22,0.0,0.02,0.02,0.02,2.1,arrival_nowcast,toc
2025-11-23,0.0,0.02,0.02,0.02,2.1,arrival_nowcast,toc
2025-11-24,0.0,0.0,0.02,0.02,2.1,arrival_nowcast,toc
2025-12-10,0.0,0.44,0.6799999999999999,0.6799999999999999,2.2,arrival_nowcast,toc
2025-12-11,0.0,0.0,0.6799999999999999,0.6799999999999999,2.2,arrival_nowcast,toc
2025-12-12,0.0,0.0,0.6799999999999999,0.6799999999999999,2.2,arrival_nowcast,toc
2025-12-13,0.0,0.0,0.6799999999999999,0.6799999999999999,2.2,arrival_nowcast,toc
2025-12-14,0.0,0.0,0.44,0.6799999999999999,2.1,arrival_nowcast,toc
2025-12-15,0.0,0.0,0.0,0.6799999999999999,2.2,arrival_nowcast,toc
2025-12-16,0.0,0.0,0.0,0.6799999999999999,2.2,arrival_nowcast,toc
2025-12-17,0.0,0.0,0.0,0.6799999999999999,2.2,arrival_nowcast,toc
2025-12-18,0.0,0.0,0.0,0.6799999999999999,2.1,arrival_nowcast,toc
2026-04-01,0.0,0.0,0.0,0.43000000000000005,2.3,arrival_nowcast,toc
2026-04-02,0.0,0.0,0.0,0.09,2.3,arrival_nowcast,toc
2026-04-03,0.0,0.0,0.0,0.0,2.2,arrival_nowcast,toc
2026-04-04,0.0,0.0,0.0,0.0,2.2,arrival_nowcast,toc
2026-04-05,0.0,0.0,0.0,0.0,2.2,arrival_nowcast,toc
2026-04-06,0.02,0.02,0.02,0.02,2.2,arrival_nowcast,toc
2026-04-07,0.0,0.02,0.02,0.02,2.2,arrival_nowcast,toc
2026-04-08,0.0,0.02,0.02,0.02,2.3,arrival_nowcast,toc
2026-04-09,0.0,0.0,0.02,0.02,2.2,arrival_nowcast,toc
2026-04-10,0.0,0.0,0.02,0.02,2.3,arrival_nowcast,toc
2026-04-11,0.0,0.0,0.02,0.02,2.3,arrival_nowcast,toc
2026-04-12,0.0,0.0,0.02,0.02,2.2,arrival_nowcast,toc
2026-04-13,0.0,0.0,0.0,0.02,1.2,arrival_nowcast,toc
2026-04-14,0.0,0.0,0.0,0.02,2.3,arrival_nowcast,toc
2026-04-15,0.0,0.0,0.0,0.02,2.3,arrival_nowcast,toc
2026-04-16,0.0,0.0,0.0,0.02,2.3,arrival_nowcast,toc
2026-04-17,0.0,0.0,0.0,0.02,2.7,arrival_nowcast,toc
2026-04-18,0.0,0.0,0.0,0.02,2.3,arrival_nowcast,toc
2026-04-19,0.0,0.0,0.0,0.02,2.2,arrival_nowcast,toc
2026-04-20,0.0,0.0,0.0,0.0,2.2,arrival_nowcast,toc
2026-04-21,0.0,0.0,0.0,0.0,2.2,arrival_nowcast,toc
2026-04-22,0.36,0.36,0.36,0.36,2.3,arrival_nowcast,toc
2026-04-23,0.0,0.36,0.36,0.36,2.3,arrival_nowcast,toc
2026-04-24,0.0,0.36,0.36,0.36,2.2,arrival_nowcast,toc
2026-04-25,0.0,0.0,0.36,0.36,2.3,arrival_nowcast,toc
2026-04-26,0.0,0.0,0.36,0.36,2.3,arrival_nowcast,toc
2026-04-27,0.0,0.0,0.36,0.36,2.2,arrival_nowcast,toc
2026-04-28,0.0,0.0,0.36,0.36,2.2,arrival_nowcast,toc
2026-04-29,0.0,0.0,0.0,0.36,2.3,arrival_nowcast,toc
2026-04-30,0.0,0.0,0.0,0.36,2.2,arrival_nowcast,toc
2026-05-01,0.23,0.23,0.23,0.59,2.2,arrival_nowcast,toc
2026-05-02,0.07,0.30000000000000004,0.30000000000000004,0.66,2.2,arrival_nowcast,toc
2026-05-03,0.02,0.32,0.32,0.68,2.1,arrival_nowcast,toc
2026-05-04,0.15,0.24,0.47,0.83,2.1,arrival_nowcast,toc
2026-05-05,0.12,0.29,0.59,0.95,2.1,arrival_nowcast,toc
2026-05-06,0.0,0.26999999999999996,0.59,0.59,2.1,arrival_nowcast,toc
2026-05-07,0.0,0.12,0.59,0.59,2.1,arrival_nowcast,toc
2026-05-08,0.0,0.0,0.36,0.59,2.1,arrival_nowcast,toc
2026-05-09,0.19,0.19,0.48,0.78,2.2,arrival_nowcast,toc
2026-05-10,0.84,1.03,1.3,1.62,2.2,arrival_nowcast,toc
2026-05-11,0.16,1.19,1.31,1.78,2.1,arrival_nowcast,toc
2026-05-12,0.0,1.0,1.19,1.78,2.2,arrival_nowcast,toc
2026-05-13,0.0,0.1599999999999999,1.19,1.78,2.2,arrival_nowcast,toc
2026-05-14,0.02,0.01999999999999989,1.21,1.8,2.2,arrival_nowcast,toc
2026-05-15,0.0,0.01999999999999989,1.21,1.57,2.3,arrival_nowcast,toc
2026-05-16,0.0,0.01999999999999989,1.02,1.5,2.3,arrival_nowcast,toc
2026-05-17,0.0,0.0,0.18,1.48,2.4,arrival_nowcast,toc
2026-05-18,0.0,0.0,0.02,1.33,2.4,arrival_nowcast,toc
2026-05-19,0.0,0.0,0.02,1.21,2.2,arrival_nowcast,toc
2026-05-20,0.0,0.0,0.02,1.21,2.2,arrival_nowcast,toc
2026-05-21,0.0,0.0,0.0,1.21,2.2,arrival_nowcast,toc
2026-05-22,0.09,0.08999999999999989,0.09,1.2999999999999998,2.2,arrival_nowcast,toc
2026-05-23,0.54,0.6299999999999999,0.63,1.65,2.2,arrival_nowcast,toc
2026-05-24,0.21,0.8399999999999999,0.84,1.02,2.2,arrival_nowcast,toc
2026-05-25,0.39,1.14,1.23,1.25,2.2,arrival_nowcast,toc
2026-05-26,0.0,0.5999999999999999,1.23,1.25,2.3,arrival_nowcast,toc
2026-05-27,0.07,0.4599999999999999,1.3,1.32,2.3,arrival_nowcast,toc
2026-05-28,0.0,0.0699999999999999,1.3,1.3,2.3,arrival_nowcast,toc
2026-05-29,0.0,0.0699999999999999,1.21,1.3,2.3,arrival_nowcast,toc
2026-05-30,0.05,0.04999999999999989,0.72,1.35,2.3,arrival_nowcast,toc
2026-05-31,0.02,0.0699999999999999,0.53,1.3699999999999999,2.3,arrival_nowcast,toc
2026-06-01,0.0,0.0699999999999999,0.14,1.3699999999999999,2.4,arrival_nowcast,toc
2026-06-02,0.06,0.07999999999999989,0.2,1.43,2.4,arrival_nowcast,toc
2026-06-03,0.0,0.05999999999999989,0.13,1.43,2.2,arrival_nowcast,toc
2026-06-04,0.0,0.05999999999999989,0.13,1.43,2.3,arrival_nowcast,toc
2026-06-05,0.0,0.0,0.13,1.34,2.3,arrival_nowcast,toc
2026-06-06,0.04,0.03999999999999989,0.12,0.84,2.3,arrival_nowcast,toc
2026-06-07,0.0,0.03999999999999989,0.1,0.63,2.2,arrival_nowcast,toc
2026-06-08,0.0,0.03999999999999989,0.1,0.24000000000000002,2.2,arrival_nowcast,toc
2026-06-09,0.0,0.0,0.04,0.24000000000000002,2.2,arrival_nowcast,toc
2026-06-10,0.0,0.0,0.04,0.17,2.2,arrival_nowcast,toc
2026-06-11,0.0,0.0,0.04,0.17,2.2,arrival_nowcast,toc
2026-06-12,0.0,0.0,0.04,0.17,2.2,arrival_nowcast,toc
2026-06-13,0.0,0.0,0.0,0.12,2.2,arrival_nowcast,toc
2026-06-14,0.0,0.0,0.0,0.1,2.2,arrival_nowcast,toc
2026-06-15,0.0,0.0,0.0,0.1,2.2,arrival_nowcast,toc
2026-06-16,0.0,0.0,0.0,0.04,2.3,arrival_nowcast,toc
2026-06-17,0.0,0.0,0.0,0.04,2.4,arrival_nowcast,toc
2026-06-18,0.0,0.0,0.0,0.04,2.2,arrival_nowcast,toc
2026-06-19,0.04,0.03999999999999989,0.04,0.08,2.2,arrival_nowcast,toc
2026-06-20,0.0,0.03999999999999989,0.04,0.04,2.3,arrival_nowcast,toc
2026-06-21,0.0,0.03999999999999989,0.04,0.04,2.3,arrival_nowcast,toc
2026-06-22,0.0,0.0,0.04,0.04,2.2,arrival_nowcast,toc
2026-06-23,0.0,0.0,0.04,0.04,2.2,arrival_nowcast,toc
2026-06-24,0.0,0.0,0.04,0.04,2.2,arrival_nowcast,toc
2026-06-25,0.0,0.0,0.04,0.04,2.4,arrival_nowcast,toc
2026-06-26,0.0,0.0,0.0,0.04,2.4,arrival_nowcast,toc
2026-06-27,0.0,0.0,0.0,0.04,2.2,arrival_nowcast,toc
2026-06-28,0.0,0.0,0.0,0.04,2.2,arrival_nowcast,toc
2026-06-29,0.35,0.34999999999999987,0.35,0.38999999999999996,2.2,arrival_nowcast,toc
2026-06-30,0.0,0.34999999999999987,0.35,0.38999999999999996,2.2,arrival_nowcast,toc
2026-07-01,0.09,0.43999999999999984,0.43999999999999995,0.48,2.2,arrival_nowcast,toc
2026-07-02,0.0,0.08999999999999989,0.43999999999999995,0.48,2.1,arrival_nowcast,toc
2026-07-03,0.0,0.08999999999999989,0.43999999999999995,0.43999999999999995,2.1,arrival_nowcast,toc
2026-07-04,0.0,0.0,0.43999999999999995,0.43999999999999995,2.1,arrival_nowcast,toc
2026-07-05,0.0,0.0,0.43999999999999995,0.43999999999999995,2.2,arrival_nowcast,toc
2026-07-06,0.0,0.0,0.09,0.43999999999999995,2.2,arrival_nowcast,toc
2026-07-07,0.0,0.0,0.09,0.43999999999999995,2.2,arrival_nowcast,toc
2026-07-08,0.0,0.0,0.0,0.43999999999999995,2.2,arrival_nowcast,toc
2026-07-09,0.0,0.0,0.0,0.43999999999999995,2.1,arrival_nowcast,toc
2026-07-10,0.0,0.0,0.0,0.43999999999999995,2.2,arrival_nowcast,toc
2026-07-11,0.0,0.0,0.0,0.43999999999999995,2.2,arrival_nowcast,toc
2026-07-12,0.08,0.07999999999999989,0.08,0.52,2.2,arrival_nowcast,toc
2026-07-13,0.06,0.1399999999999999,0.14,0.22999999999999998,2.1,arrival_nowcast,toc
2026-07-14,0.0,0.1399999999999999,0.14,0.22999999999999998,2.1,arrival_nowcast,toc
2026-07-15,0.0,0.05999999999999989,0.14,0.14,2.1,arrival_nowcast,toc
2026-07-16,0.0,0.0,0.14,0.14,2.2,arrival_nowcast,toc
2026-07-17,0.0,0.0,0.14,0.14,2.1,arrival_nowcast,toc
2026-07-18,0.0,0.0,0.14,0.14,2.1,arrival_nowcast,toc
2026-07-19,0.0,0.0,0.06,0.14,2.1,arrival_nowcast,toc
2026-07-20,0.0,0.0,0.0,0.14,2.0,arrival_nowcast,toc
2026-07-21,0.08,0.07999999999999989,0.08,0.22,2.0,arrival_nowcast,toc
2026-07-22,0.0,0.07999999999999989,0.08,0.22,2.0,arrival_nowcast,toc
2026-07-23,0.0,0.07999999999999989,0.08,0.22,2.0,arrival_nowcast,toc
2026-07-24,0.0,0.0,0.08,0.22,2.1,arrival_nowcast,toc
2026-07-25,0.0,0.0,0.08,0.22,2.1,arrival_nowcast,toc
2026-07-26,0.0,0.0,0.08,0.14,2.1,arrival_nowcast,toc
2026-07-27,0.48,0.47999999999999987,0.5599999999999999,0.5599999999999999,2.0,arrival_nowcast,toc
2026-07-28,0.63,1.1099999999999999,1.11,1.19,2.4,arrival_nowcast,toc
2026-07-29,0.15,1.2599999999999998,1.26,1.34,1.9,arrival_nowcast,toc
2026-07-30,0.0,0.7799999999999999,1.26,1.34,2.0,arrival_nowcast,toc
2026-07-31,0.0,0.14999999999999988,1.26,1.34,2.0,arrival_nowcast,toc
2026-08-01,0.04,0.03999999999999989,1.3,1.3800000000000001,2.0,arrival_nowcast,toc
2026-08-02,0.0,0.03999999999999989,1.3,1.3800000000000001,1.8,arrival_nowcast,toc
2026-08-03,0.08,0.11999999999999988,0.9000000000000001,1.46,1.9,arrival_nowcast,toc
2026-08-04,0.0,0.07999999999999989,0.27000000000000013,1.38,2.0,arrival_nowcast,toc
2026-08-05,0.04,0.11999999999999991,0.16000000000000011,1.42,2.0,arrival_nowcast,toc
2026-08-06,0.0,0.03999999999999989,0.16000000000000011,1.42,1.9,arrival_nowcast,toc
2026-08-07,0.0,0.03999999999999989,0.16000000000000011,1.42,1.9,arrival_nowcast,toc
2026-08-08,0.0,0.0,0.1200000000000001,1.42,1.9,arrival_nowcast,toc
2026-08-09,0.04,0.03999999999999989,0.1600000000000001,1.46,2.0,arrival_nowcast,toc
2026-08-10,0.0,0.03999999999999989,0.08000000000000011,0.98,2.0,arrival_nowcast,toc
2026-08-11,0.0,0.03999999999999989,0.08000000000000011,0.3500000000000001,2.0,arrival_nowcast,toc
2026-08-12,0.0,0.0,0.04000000000000011,0.20000000000000012,2.0,arrival_nowcast,toc
2026-08-13,0.0,0.0,0.04000000000000011,0.20000000000000012,2.0,arrival_nowcast,toc
2026-08-14,0.0,0.0,0.04000000000000011,0.20000000000000012,2.0,arrival_nowcast,toc
2026-08-15,0.0,0.0,0.04000000000000011,0.1600000000000001,2.0,arrival_nowcast,toc
2026-08-16,0.0,0.0,0.0,0.1600000000000001,2.5,arrival_nowcast,toc
2026-08-17,0.35,0.34999999999999987,0.3500000000000001,0.43000000000000005,2.5,arrival_nowcast,toc
2026-08-18,0.56,0.9099999999999999,0.9100000000000001,0.9900000000000001,2.3,arrival_nowcast,toc
2026-08-19,0.46,1.3699999999999999,1.37,1.4100000000000001,2.2,arrival_nowcast,toc
2022-04-18,0.0,0.0,0.05,0.05,79.5,arrival_nowcast,alk
2022-04-19,0.0,0.0,0.05,0.05,77.0,arrival_nowcast,alk
2022-04-20,0.0,0.0,0.05,0.05,77.5,arrival_nowcast,alk
2022-04-21,0.0,0.0,0.0,0.05,78.5,arrival_nowcast,alk
2022-04-22,0.0,0.0,0.0,0.05,80.0,arrival_nowcast,alk
2022-04-23,0.0,0.0,0.0,0.05,81.5,arrival_nowcast,alk
2022-04-24,0.0,0.0,0.0,0.05,80.5,arrival_nowcast,alk
2022-04-25,0.0,0.0,0.0,0.05,82.0,arrival_nowcast,alk
2022-04-26,0.0,0.0,0.0,0.05,83.5,arrival_nowcast,alk
2022-04-27,0.0,0.0,0.0,0.05,80.0,arrival_nowcast,alk
2022-04-28,0.0,0.0,0.0,0.0,78.5,arrival_nowcast,alk
2022-04-29,0.1,0.1,0.1,0.1,75.0,arrival_nowcast,alk
2022-04-30,0.0,0.1,0.1,0.1,73.0,arrival_nowcast,alk
2022-05-01,0.0,0.1,0.1,0.1,71.5,arrival_nowcast,alk
2022-05-02,0.0,0.0,0.1,0.1,68.0,arrival_nowcast,alk
2022-05-03,0.0,0.0,0.1,0.1,65.0,arrival_nowcast,alk
2022-05-04,0.0,0.0,0.1,0.1,65.0,arrival_nowcast,alk
2022-05-05,0.0,0.0,0.1,0.1,66.0,arrival_nowcast,alk
2022-05-06,0.24,0.24,0.24,0.33999999999999997,71.0,arrival_nowcast,alk
2022-05-07,0.04,0.27999999999999997,0.27999999999999997,0.38,61.0,arrival_nowcast,alk
2022-05-08,0.11,0.39,0.39,0.49,60.5,arrival_nowcast,alk
2022-05-09,0.16,0.31,0.55,0.65,58.0,arrival_nowcast,alk
2022-05-10,0.0,0.27,0.55,0.65,54.0,arrival_nowcast,alk
2022-05-11,0.0,0.16,0.55,0.65,52.0,arrival_nowcast,alk
2022-05-12,0.0,0.0,0.55,0.65,50.0,arrival_nowcast,alk
2022-05-13,0.0,0.0,0.31,0.55,49.0,arrival_nowcast,alk
2022-05-14,0.0,0.0,0.27,0.55,46.0,arrival_nowcast,alk
2022-05-15,0.0,0.0,0.16,0.55,47.5,arrival_nowcast,alk
2022-05-16,0.0,0.0,0.0,0.55,50.5,arrival_nowcast,alk
2022-05-17,0.0,0.0,0.0,0.55,48.5,arrival_nowcast,alk
2022-05-18,0.0,0.0,0.0,0.55,51.0,arrival_nowcast,alk
2022-05-19,0.0,0.0,0.0,0.55,49.0,arrival_nowcast,alk
2022-05-20,0.0,0.0,0.0,0.31000000000000005,49.7,arrival_nowcast,alk
2022-05-21,0.0,0.0,0.0,0.27,50.5,arrival_nowcast,alk
2022-05-22,0.0,0.0,0.0,0.16,49.5,arrival_nowcast,alk
2022-05-23,0.0,0.0,0.0,0.0,48.5,arrival_nowcast,alk
2022-05-24,0.03,0.03,0.03,0.03,48.0,arrival_nowcast,alk
2022-05-25,1.07,1.1,1.1,1.1,49.1,arrival_nowcast,alk
2022-05-26,0.04,1.1400000000000001,1.1400000000000001,1.1400000000000001,48.8,arrival_nowcast,alk
2022-05-27,0.0,1.11,1.1400000000000001,1.1400000000000001,48.5,arrival_nowcast,alk
2022-05-28,0.15,0.19,1.29,1.29,49.5,arrival_nowcast,alk
2022-05-29,0.04,0.19,1.33,1.33,49.5,arrival_nowcast,alk
2022-05-30,0.0,0.19,1.33,1.33,48.5,arrival_nowcast,alk
2022-05-31,0.0,0.04,1.3,1.33,47.5,arrival_nowcast,alk
2022-06-01,0.0,0.0,0.23,1.33,47.0,arrival_nowcast,alk
2022-06-02,0.0,0.0,0.19,1.33,46.0,arrival_nowcast,alk
2022-06-03,0.04,0.04,0.22999999999999998,1.37,47.0,arrival_nowcast,alk
2022-06-04,0.0,0.04,0.08,1.37,42.0,arrival_nowcast,alk
2022-06-05,0.63,0.67,0.67,2.0,40.5,arrival_nowcast,alk
2022-06-06,0.03,0.66,0.7000000000000001,2.0300000000000002,39.5,arrival_nowcast,alk
2022-06-07,0.0,0.66,0.7000000000000001,2.0000000000000004,39.0,arrival_nowcast,alk
2022-06-08,0.04,0.07,0.74,0.97,38.5,arrival_nowcast,alk
2022-06-09,0.0,0.04,0.74,0.9299999999999999,33.1,arrival_nowcast,alk
2022-06-10,0.0,0.04,0.7,0.9299999999999999,35.5,arrival_nowcast,alk
2022-06-11,0.11,0.11,0.81,0.8900000000000001,34.0,arrival_nowcast,alk
2022-06-12,0.0,0.11,0.18,0.8500000000000001,33.5,arrival_nowcast,alk
2022-06-13,0.0,0.11,0.15,0.8500000000000001,34.0,arrival_nowcast,alk
2022-06-14,0.0,0.0,0.15,0.8500000000000001,33.5,arrival_nowcast,alk
2022-06-15,0.0,0.0,0.10999999999999999,0.8500000000000001,34.0,arrival_nowcast,alk
2022-06-16,0.0,0.0,0.10999999999999999,0.8500000000000001,33.5,arrival_nowcast,alk
2022-06-17,0.0,0.0,0.10999999999999999,0.81,33.5,arrival_nowcast,alk
2022-06-18,0.0,0.0,0.0,0.81,35.0,arrival_nowcast,alk
2022-06-19,0.0,0.0,0.0,0.18,34.0,arrival_nowcast,alk
2022-06-20,0.0,0.0,0.0,0.15,37.0,arrival_nowcast,alk
2022-06-21,0.0,0.0,0.0,0.15,34.0,arrival_nowcast,alk
2022-06-22,0.0,0.0,0.0,0.10999999999999999,37.0,arrival_nowcast,alk
2022-06-23,0.0,0.0,0.0,0.10999999999999999,37.5,arrival_nowcast,alk
2022-06-24,0.0,0.0,0.0,0.10999999999999999,39.0,arrival_nowcast,alk
2022-06-25,0.0,0.0,0.0,0.0,38.0,arrival_nowcast,alk
2022-06-26,0.0,0.0,0.0,0.0,37.5,arrival_nowcast,alk
2022-06-27,0.0,0.0,0.0,0.0,38.0,arrival_nowcast,alk
2022-06-28,0.0,0.0,0.0,0.0,33.5,arrival_nowcast,alk
2022-06-29,0.02,0.02,0.02,0.02,37.0,arrival_nowcast,alk
2022-06-30,0.04,0.06,0.06,0.06,39.5,arrival_nowcast,alk
2022-07-01,0.0,0.060000000000000005,0.060000000000000005,0.060000000000000005,39.0,arrival_nowcast,alk
2022-07-02,0.0,0.04000000000000001,0.060000000000000005,0.060000000000000005,40.0,arrival_nowcast,alk
2022-07-03,0.0,0.0,0.060000000000000005,0.060000000000000005,40.5,arrival_nowcast,alk
2022-07-04,0.02,0.02,0.08,0.08,39.5,arrival_nowcast,alk
2022-07-05,0.3,0.32,0.38,0.38,39.0,arrival_nowcast,alk
2022-07-06,0.0,0.32,0.36,0.38,40.3,arrival_nowcast,alk
2022-07-07,0.63,0.9299999999999999,0.95,1.01,39.5,arrival_nowcast,alk
2022-07-08,0.03,0.66,0.9800000000000001,1.04,40.5,arrival_nowcast,alk
2022-07-09,0.04,0.7000000000000001,1.02,1.08,42.5,arrival_nowcast,alk
2022-07-10,0.12,0.19,1.1400000000000001,1.2,41.5,arrival_nowcast,alk
2022-07-11,0.16,0.32,1.28,1.36,44.5,arrival_nowcast,alk
2022-07-12,0.02,0.30000000000000004,1.0,1.3800000000000001,45.0,arrival_nowcast,alk
2022-07-13,0.0,0.18,1.0,1.36,42.5,arrival_nowcast,alk
2022-07-14,0.0,0.02,0.3700000000000001,1.32,45.0,arrival_nowcast,alk
2022-07-15,0.0,0.0,0.3400000000000001,1.32,44.5,arrival_nowcast,alk
2022-07-16,0.0,0.0,0.3000000000000001,1.32,45.5,arrival_nowcast,alk
2022-07-17,0.0,0.0,0.1800000000000001,1.32,48.0,arrival_nowcast,alk
2022-07-18,0.18,0.18,0.2000000000000001,1.48,45.0,arrival_nowcast,alk
2022-07-19,0.0,0.18,0.1800000000000001,1.1800000000000002,45.5,arrival_nowcast,alk
2022-07-20,0.06,0.24,0.2400000000000001,1.2400000000000002,49.0,arrival_nowcast,alk
2022-07-21,0.0,0.06,0.2400000000000001,0.61,50.0,arrival_nowcast,alk
2022-07-22,0.0,0.06,0.2400000000000001,0.58,50.5,arrival_nowcast,alk
2022-07-23,0.0,0.0,0.2400000000000001,0.54,50.0,arrival_nowcast,alk
2022-07-24,0.06,0.06,0.3000000000000001,0.48,49.5,arrival_nowcast,alk
2022-07-25,0.05,0.11,0.1700000000000001,0.36999999999999994,48.5,arrival_nowcast,alk
2022-07-26,0.0,0.11,0.1700000000000001,0.35,48.5,arrival_nowcast,alk
2022-07-27,0.0,0.05,0.11000000000000011,0.35,48.5,arrival_nowcast,alk
2022-07-28,0.04,0.04,0.1500000000000001,0.39,48.0,arrival_nowcast,alk
2022-07-29,0.18,0.22,0.33000000000000007,0.57,50.0,arrival_nowcast,alk
2022-07-30,0.0,0.22,0.33000000000000007,0.57,51.5,arrival_nowcast,alk
2022-07-31,0.27,0.45,0.54,0.84,52.0,arrival_nowcast,alk
2022-08-01,0.14,0.41000000000000003,0.6300000000000001,0.7999999999999999,53.0,arrival_nowcast,alk
2022-08-02,0.0,0.41000000000000003,0.6300000000000001,0.8,50.5,arrival_nowcast,alk
2022-08-03,0.0,0.14,0.6300000000000001,0.74,48.8,arrival_nowcast,alk
2022-08-04,0.0,0.0,0.5900000000000001,0.74,50.2,arrival_nowcast,alk
2022-08-05,0.0,0.0,0.41000000000000014,0.74,50.5,arrival_nowcast,alk
2022-08-06,0.0,0.0,0.41000000000000014,0.74,48.0,arrival_nowcast,alk
2022-08-07,0.0,0.0,0.14000000000000012,0.6799999999999999,49.5,arrival_nowcast,alk
2022-08-08,0.04,0.04,0.04000000000000011,0.67,47.0,arrival_nowcast,alk
2022-08-09,0.0,0.04,0.04000000000000011,0.67,49.5,arrival_nowcast,alk
2022-08-10,0.0,0.04,0.04000000000000011,0.67,54.5,arrival_nowcast,alk
2022-08-11,0.12,0.12,0.16000000000000011,0.75,58.5,arrival_nowcast,alk
2022-08-12,0.11,0.22999999999999998,0.27000000000000013,0.68,58.5,arrival_nowcast,alk
2022-08-13,0.0,0.22999999999999998,0.27000000000000013,0.68,57.5,arrival_nowcast,alk
2022-08-14,0.0,0.11,0.27000000000000013,0.41000000000000003,58.0,arrival_nowcast,alk
2022-08-15,0.0,0.0,0.2300000000000001,0.27,58.0,arrival_nowcast,alk
2022-08-16,0.0,0.0,0.2300000000000001,0.27,57.0,arrival_nowcast,alk
2022-08-17,0.0,0.0,0.2300000000000001,0.27,57.5,arrival_nowcast,alk
2022-08-18,0.04,0.04,0.1500000000000001,0.31,58.5,arrival_nowcast,alk
2022-08-19,0.04,0.08,0.08000000000000011,0.35,57.5,arrival_nowcast,alk
2022-08-20,0.86,0.94,0.9400000000000001,1.21,63.0,arrival_nowcast,alk
2022-08-21,0.43,1.3299999999999998,1.37,1.64,62.0,arrival_nowcast,alk
2022-08-22,0.0,1.2899999999999998,1.37,1.5999999999999999,63.5,arrival_nowcast,alk
2022-08-23,0.0,0.43,1.37,1.5999999999999999,65.0,arrival_nowcast,alk
2022-08-24,0.0,0.0,1.37,1.5999999999999999,64.0,arrival_nowcast,alk
2022-08-25,0.02,0.02,1.35,1.5,64.5,arrival_nowcast,alk
2022-08-26,0.16,0.18,1.47,1.5499999999999998,61.8,arrival_nowcast,alk
2022-08-27,0.13,0.31,0.7400000000000001,1.68,62.2,arrival_nowcast,alk
2022-08-28,0.0,0.29,0.3100000000000001,1.68,64.1,arrival_nowcast,alk
2022-08-29,0.0,0.13,0.3100000000000001,1.68,64.0,arrival_nowcast,alk
2022-08-30,0.0,0.0,0.3100000000000001,1.68,64.0,arrival_nowcast,alk
2022-08-31,0.0,0.0,0.3100000000000001,1.68,64.0,arrival_nowcast,alk
2022-09-01,0.0,0.0,0.2900000000000001,1.64,65.5,arrival_nowcast,alk
2022-09-02,0.09,0.09,0.2200000000000001,1.69,68.0,arrival_nowcast,alk
2022-09-03,0.0,0.09,0.09000000000000011,0.83,67.0,arrival_nowcast,alk
2022-09-04,0.0,0.09,0.09000000000000011,0.4,64.5,arrival_nowcast,alk
2022-09-05,0.0,0.0,0.09000000000000011,0.4,61.7,arrival_nowcast,alk
2022-09-06,0.0,0.0,0.09000000000000011,0.4,62.0,arrival_nowcast,alk
2022-09-07,0.0,0.0,0.09000000000000011,0.4,63.0,arrival_nowcast,alk
2022-09-08,0.0,0.0,0.09000000000000011,0.38,62.0,arrival_nowcast,alk
2022-09-09,0.0,0.0,0.0,0.22,64.5,arrival_nowcast,alk
2022-09-10,0.0,0.0,0.0,0.09,66.0,arrival_nowcast,alk
2022-09-11,0.0,0.0,0.0,0.09,66.0,arrival_nowcast,alk
2022-09-12,0.0,0.0,0.0,0.09,64.0,arrival_nowcast,alk
2022-09-13,0.0,0.0,0.0,0.09,67.5,arrival_nowcast,alk
2022-09-14,0.08,0.08,0.08000000000000011,0.16999999999999998,59.1,arrival_nowcast,alk
2022-09-15,0.04,0.12,0.1200000000000001,0.21,59.0,arrival_nowcast,alk
2022-09-16,0.0,0.12,0.1200000000000001,0.12,61.5,arrival_nowcast,alk
2022-09-17,0.0,0.04,0.1200000000000001,0.12,63.5,arrival_nowcast,alk
2022-09-18,0.0,0.0,0.1200000000000001,0.12,62.5,arrival_nowcast,alk
2022-09-19,0.14,0.14,0.2600000000000001,0.26,60.5,arrival_nowcast,alk
2022-09-20,0.0,0.14,0.2600000000000001,0.26,59.5,arrival_nowcast,alk
2022-09-21,0.0,0.14,0.1800000000000001,0.26,59.5,arrival_nowcast,alk
2022-09-22,0.0,0.0,0.14000000000000012,0.26,58.0,arrival_nowcast,alk
2022-09-23,0.0,0.0,0.14000000000000012,0.26,61.0,arrival_nowcast,alk
2022-09-24,0.0,0.0,0.14000000000000012,0.26,62.5,arrival_nowcast,alk
2022-09-25,0.0,0.0,0.14000000000000012,0.26,61.0,arrival_nowcast,alk
2022-09-26,0.2,0.2,0.20000000000000012,0.46,53.5,arrival_nowcast,alk
2022-09-27,0.01,0.21000000000000002,0.21000000000000013,0.47000000000000003,57.5,arrival_nowcast,alk
2022-09-28,0.0,0.21000000000000002,0.21000000000000013,0.39,53.7,arrival_nowcast,alk
2022-09-29,0.0,0.01,0.21000000000000013,0.35000000000000003,53.8,arrival_nowcast,alk
2022-09-30,0.0,0.0,0.21000000000000013,0.35000000000000003,55.5,arrival_nowcast,alk
2022-10-01,0.0,0.0,0.21000000000000013,0.35000000000000003,53.5,arrival_nowcast,alk
2022-10-02,0.0,0.0,0.21000000000000013,0.35000000000000003,56.0,arrival_nowcast,alk
2022-10-03,0.0,0.0,0.010000000000000111,0.21000000000000002,57.5,arrival_nowcast,alk
2022-10-04,0.11,0.11,0.11000000000000011,0.32,61.0,arrival_nowcast,alk
2022-10-05,0.37,0.48,0.4800000000000001,0.69,62.5,arrival_nowcast,alk
2022-10-06,0.02,0.5,0.5000000000000001,0.71,63.5,arrival_nowcast,alk
2022-10-07,0.0,0.39,0.5000000000000001,0.71,71.5,arrival_nowcast,alk
2022-10-08,0.02,0.04,0.5200000000000001,0.73,72.5,arrival_nowcast,alk
2022-10-09,0.12,0.13999999999999999,0.6400000000000001,0.85,64.5,arrival_nowcast,alk
2022-10-10,0.0,0.14,0.6400000000000001,0.6499999999999999,73.5,arrival_nowcast,alk
2022-10-11,0.0,0.12,0.5300000000000001,0.64,75.5,arrival_nowcast,alk
2022-10-12,0.0,0.0,0.16000000000000011,0.64,77.5,arrival_nowcast,alk
2022-10-13,0.0,0.0,0.14000000000000012,0.64,78.5,arrival_nowcast,alk
2022-10-14,0.0,0.0,0.14000000000000012,0.64,80.5,arrival_nowcast,alk
2022-10-15,0.0,0.0,0.1200000000000001,0.64,83.5,arrival_nowcast,alk
2022-10-16,0.0,0.0,0.0,0.64,85.0,arrival_nowcast,alk
2022-10-17,0.0,0.0,0.0,0.64,83.7,arrival_nowcast,alk
2022-10-18,0.0,0.0,0.0,0.53,85.0,arrival_nowcast,alk
2022-10-19,0.0,0.0,0.0,0.16,82.0,arrival_nowcast,alk
2022-10-20,0.0,0.0,0.0,0.14,88.5,arrival_nowcast,alk
2022-10-21,0.0,0.0,0.0,0.14,84.0,arrival_nowcast,alk
2022-10-22,0.0,0.0,0.0,0.12,92.5,arrival_nowcast,alk
2022-10-23,0.0,0.0,0.0,0.0,89.5,arrival_nowcast,alk
2022-10-24,0.0,0.0,0.0,0.0,85.0,arrival_nowcast,alk
2022-10-25,0.0,0.0,0.0,0.0,87.0,arrival_nowcast,alk
2022-12-15,0.0,0.0,0.0,0.17,56.5,arrival_nowcast,alk
2022-12-16,0.0,0.0,0.0,0.17,60.9,arrival_nowcast,alk
2022-12-17,0.0,0.0,0.0,0.01,60.5,arrival_nowcast,alk
2022-12-18,0.0,0.0,0.0,0.0,60.0,arrival_nowcast,alk
2022-12-19,0.0,0.0,0.0,0.0,60.5,arrival_nowcast,alk
2022-12-20,0.0,0.0,0.0,0.0,59.0,arrival_nowcast,alk
2022-12-21,0.0,0.0,0.0,0.0,64.0,arrival_nowcast,alk
2022-12-22,0.0,0.0,0.0,0.0,63.0,arrival_nowcast,alk
2022-12-23,0.0,0.0,0.0,0.0,64.0,arrival_nowcast,alk
2022-12-24,0.0,0.0,0.0,0.0,67.0,arrival_nowcast,alk
2022-12-25,0.0,0.0,0.0,0.0,66.0,arrival_nowcast,alk
2022-12-26,0.19,0.19,0.1900000000000001,0.19,67.0,arrival_nowcast,alk
2022-12-27,0.0,0.19,0.1900000000000001,0.19,68.0,arrival_nowcast,alk
2022-12-28,0.0,0.19,0.1900000000000001,0.19,72.8,arrival_nowcast,alk
2022-12-29,0.0,0.0,0.1900000000000001,0.19,68.5,arrival_nowcast,alk
2022-12-30,0.0,0.0,0.1900000000000001,0.19,65.5,arrival_nowcast,alk
2022-12-31,0.0,0.0,0.1900000000000001,0.19,66.0,arrival_nowcast,alk
2023-04-01,0.0,0.08,0.08,0.66,73.5,arrival_nowcast,alk
2023-04-02,0.0,0.08,0.08,0.66,73.5,arrival_nowcast,alk
2023-04-03,0.0,0.0,0.08,0.13,71.5,arrival_nowcast,alk
2023-04-04,0.0,0.0,0.08,0.08,74.5,arrival_nowcast,alk
2023-04-05,0.0,0.0,0.08,0.08,75.5,arrival_nowcast,alk
2023-04-06,0.0,0.0,0.08,0.08,74.5,arrival_nowcast,alk
2023-04-07,0.0,0.0,0.0,0.08,75.0,arrival_nowcast,alk
2023-04-08,0.02,0.02,0.02,0.1,75.5,arrival_nowcast,alk
2023-04-09,0.14,0.16,0.16,0.24000000000000002,74.5,arrival_nowcast,alk
2023-04-10,0.0,0.16,0.16,0.24000000000000002,74.5,arrival_nowcast,alk
2023-04-11,0.0,0.14,0.16,0.24000000000000002,70.5,arrival_nowcast,alk
2023-04-12,0.0,0.0,0.16,0.24000000000000002,69.1,arrival_nowcast,alk
2023-04-13,0.0,0.0,0.16,0.24000000000000002,70.2,arrival_nowcast,alk
2023-04-14,0.0,0.0,0.16,0.16000000000000003,68.5,arrival_nowcast,alk
2023-04-15,0.0,0.0,0.14,0.16000000000000003,67.5,arrival_nowcast,alk
2023-04-16,0.0,0.0,0.0,0.16000000000000003,67.0,arrival_nowcast,alk
2023-04-17,0.0,0.0,0.0,0.16000000000000003,67.0,arrival_nowcast,alk
2023-04-18,0.0,0.0,0.0,0.16000000000000003,64.5,arrival_nowcast,alk
2023-04-19,0.28,0.28,0.28,0.44000000000000006,62.5,arrival_nowcast,alk
2023-04-20,0.0,0.28,0.28,0.44000000000000006,63.0,arrival_nowcast,alk
2023-04-21,0.0,0.28,0.28,0.44000000000000006,61.5,arrival_nowcast,alk
2023-04-22,0.0,0.0,0.28,0.42000000000000004,59.5,arrival_nowcast,alk
2023-04-23,0.0,0.0,0.28,0.28,59.5,arrival_nowcast,alk
2023-04-24,0.0,0.0,0.28,0.28,61.0,arrival_nowcast,alk
2023-04-25,0.0,0.0,0.28,0.28,62.0,arrival_nowcast,alk
2023-04-26,0.31,0.31,0.31,0.5900000000000001,59.5,arrival_nowcast,alk
2023-04-27,0.02,0.33,0.33,0.61,61.0,arrival_nowcast,alk
2023-04-28,0.0,0.33,0.33,0.61,57.5,arrival_nowcast,alk
2023-04-29,0.0,0.02,0.33,0.61,56.0,arrival_nowcast,alk
2023-04-30,1.14,1.14,1.47,1.75,56.0,arrival_nowcast,alk
2023-05-01,0.04,1.18,1.51,1.7899999999999998,56.5,arrival_nowcast,alk
2023-05-02,0.8,1.98,2.31,2.59,53.0,arrival_nowcast,alk
2023-05-03,0.0,0.8400000000000001,2.0,2.3099999999999996,55.5,arrival_nowcast,alk
2023-05-04,0.0,0.8,1.98,2.3099999999999996,55.5,arrival_nowcast,alk
2023-05-05,0.0,0.0,1.98,2.3099999999999996,53.5,arrival_nowcast,alk
2023-05-06,0.0,0.0,1.98,2.3099999999999996,53.0,arrival_nowcast,alk
2023-05-07,0.0,0.0,0.8400000000000001,2.3099999999999996,52.0,arrival_nowcast,alk
2023-05-08,0.0,0.0,0.8,2.3099999999999996,51.5,arrival_nowcast,alk
2023-05-09,0.0,0.0,0.0,2.3099999999999996,50.0,arrival_nowcast,alk
2023-05-10,0.0,0.0,0.0,1.9999999999999998,51.0,arrival_nowcast,alk
2023-05-11,0.0,0.0,0.0,1.9799999999999998,51.0,arrival_nowcast,alk
2023-05-12,0.0,0.0,0.0,1.9799999999999998,51.0,arrival_nowcast,alk
2023-05-13,0.0,0.0,0.0,1.9799999999999998,49.0,arrival_nowcast,alk
2023-05-14,0.0,0.0,0.0,0.8399999999999999,48.5,arrival_nowcast,alk
2023-05-15,1.88,1.88,1.88,2.6799999999999997,47.5,arrival_nowcast,alk
2023-05-16,3.2,5.08,5.08,5.08,45.0,arrival_nowcast,alk
2023-05-17,0.0,5.08,5.08,5.08,44.5,arrival_nowcast,alk
2023-05-18,0.27,3.47,5.35,5.35,44.0,arrival_nowcast,alk
2023-05-19,0.45,0.72,5.8,5.8,43.5,arrival_nowcast,alk
2023-05-20,0.04,0.76,5.84,5.84,40.5,arrival_nowcast,alk
2023-05-21,0.0,0.49,5.84,5.84,39.3,arrival_nowcast,alk
2023-05-22,0.05,0.09,4.01,5.89,39.5,arrival_nowcast,alk
2023-05-23,0.88,0.93,1.69,6.7700000000000005,39.25,arrival_nowcast,alk
2023-05-24,0.04,0.9700000000000001,1.73,6.8100000000000005,39.7,arrival_nowcast,alk
2023-05-25,0.0,0.92,1.46,6.8100000000000005,39.0,arrival_nowcast,alk
2023-05-26,0.0,0.04,1.01,6.8100000000000005,40.6,arrival_nowcast,alk
2023-05-27,0.0,0.0,0.9700000000000001,6.8100000000000005,42.5,arrival_nowcast,alk
2023-05-28,0.0,0.0,0.9700000000000001,6.8100000000000005,43.5,arrival_nowcast,alk
2023-05-29,0.0,0.0,0.92,4.930000000000001,46.0,arrival_nowcast,alk
2023-05-30,0.0,0.0,0.04,1.73,47.5,arrival_nowcast,alk
2023-05-31,0.3,0.3,0.3,2.0300000000000002,51.7,arrival_nowcast,alk
2023-06-01,0.01,0.31,0.31,1.77,52.8,arrival_nowcast,alk
2023-06-02,0.0,0.31,0.31,1.32,53.0,arrival_nowcast,alk
2023-06-03,0.0,0.01,0.31,1.28,51.5,arrival_nowcast,alk
2023-06-04,0.03,0.03,0.33999999999999997,1.31,51.5,arrival_nowcast,alk
2023-06-05,0.24,0.27,0.58,1.5,51.0,arrival_nowcast,alk
2023-06-06,0.21,0.48,0.79,0.83,48.0,arrival_nowcast,alk
2023-06-07,0.1,0.5499999999999999,0.59,0.8899999999999999,46.5,arrival_nowcast,alk
2023-06-08,0.33,0.64,0.91,1.22,48.5,arrival_nowcast,alk
2023-06-09,0.64,1.07,1.55,1.8599999999999999,49.8,arrival_nowcast,alk
2023-06-10,0.14,1.11,1.69,2.0,43.0,arrival_nowcast,alk
2023-06-11,0.07,0.8500000000000001,1.73,2.07,43.5,arrival_nowcast,alk
2023-06-12,0.03,0.24000000000000002,1.52,2.1,45.0,arrival_nowcast,alk
2023-06-13,0.07,0.17,1.3800000000000001,2.17,42.5,arrival_nowcast,alk
2023-06-14,0.0,0.1,1.28,1.87,46.5,arrival_nowcast,alk
2023-06-15,0.0,0.07,0.9500000000000001,1.86,47.6,arrival_nowcast,alk
2023-06-16,0.08,0.08,0.39,1.9400000000000002,47.0,arrival_nowcast,alk
2023-06-17,0.45,0.53,0.7,2.39,47.5,arrival_nowcast,alk
2023-06-18,0.02,0.55,0.6499999999999999,2.38,48.0,arrival_nowcast,alk
2023-06-19,0.08,0.55,0.7000000000000001,2.22,50.5,arrival_nowcast,alk
2023-06-20,0.33,0.43,0.96,2.3400000000000003,50.5,arrival_nowcast,alk
2023-06-21,0.28,0.69,1.24,2.52,56.0,arrival_nowcast,alk
2023-06-22,0.02,0.63,1.26,2.21,54.5,arrival_nowcast,alk
2023-06-23,0.0,0.3,1.18,1.5699999999999998,54.0,arrival_nowcast,alk
2023-06-24,0.0,0.019999999999999945,0.73,1.43,53.5,arrival_nowcast,alk
2023-06-25,0.0,0.0,0.7100000000000001,1.3599999999999999,54.0,arrival_nowcast,alk
2023-06-26,0.86,0.8599999999999999,1.49,2.19,48.0,arrival_nowcast,alk
2023-06-27,0.12,0.98,1.2800000000000002,2.24,47.0,arrival_nowcast,alk
2023-06-28,0.0,0.98,0.9999999999999999,2.24,49.5,arrival_nowcast,alk
2023-06-29,0.0,0.12,0.98,2.24,50.5,arrival_nowcast,alk
2023-06-30,0.0,0.0,0.98,2.16,50.5,arrival_nowcast,alk
2023-07-01,0.0,0.0,0.98,1.71,50.5,arrival_nowcast,alk
2023-07-02,0.0,0.0,0.98,1.69,50.5,arrival_nowcast,alk
2023-07-03,0.0,0.0,0.12,1.6099999999999999,48.0,arrival_nowcast,alk
2023-07-04,0.12,0.12,0.12,1.4,50.5,arrival_nowcast,alk
2023-07-05,0.03,0.15,0.15,1.1500000000000001,50.5,arrival_nowcast,alk
2023-07-06,0.0,0.15,0.15,1.1300000000000001,51.0,arrival_nowcast,alk
2023-07-07,0.0,0.03,0.15,1.1300000000000001,50.0,arrival_nowcast,alk
2023-07-08,0.08,0.08,0.22999999999999998,1.2100000000000002,48.5,arrival_nowcast,alk
2023-07-09,0.16,0.24,0.39,1.37,48.5,arrival_nowcast,alk
2023-07-10,0.04,0.28,0.43,0.55,48.5,arrival_nowcast,alk
2023-07-11,0.18,0.38,0.49,0.61,47.0,arrival_nowcast,alk
2023-07-12,0.12,0.34,0.58,0.73,48.5,arrival_nowcast,alk
2023-07-13,0.0,0.30000000000000004,0.58,0.73,49.5,arrival_nowcast,alk
2023-07-14,0.0,0.12000000000000002,0.58,0.73,49.2,arrival_nowcast,alk
2023-07-15,0.0,0.0,0.5,0.73,49.5,arrival_nowcast,alk
2023-07-16,0.0,0.0,0.33999999999999997,0.73,51.4,arrival_nowcast,alk
2023-07-17,0.0,0.0,0.30000000000000004,0.73,53.4,arrival_nowcast,alk
2023-07-18,0.0,0.0,0.12,0.61,55.0,arrival_nowcast,alk
2023-07-19,0.0,0.0,0.0,0.58,61.0,arrival_nowcast,alk
2023-07-20,0.0,0.0,0.0,0.58,60.0,arrival_nowcast,alk
2023-07-21,0.0,0.0,0.0,0.58,59.5,arrival_nowcast,alk
2023-07-22,0.0,0.0,0.0,0.5,61.0,arrival_nowcast,alk
2023-07-23,0.0,0.0,0.0,0.33999999999999997,60.0,arrival_nowcast,alk
2023-07-24,0.32,0.32000000000000006,0.32,0.6200000000000001,57.3,arrival_nowcast,alk
2023-07-25,0.12,0.44,0.44,0.56,55.3,arrival_nowcast,alk
2023-07-26,0.0,0.44,0.44,0.44,55.5,arrival_nowcast,alk
2023-07-27,0.0,0.12,0.44,0.44000000000000006,55.0,arrival_nowcast,alk
2023-07-28,0.0,0.0,0.44,0.44000000000000006,54.2,arrival_nowcast,alk
2023-07-29,0.0,0.0,0.44,0.44000000000000006,55.3,arrival_nowcast,alk
2023-07-30,0.0,0.0,0.44,0.44000000000000006,56.2,arrival_nowcast,alk
2023-07-31,0.24,0.24,0.36,0.68,58.0,arrival_nowcast,alk
2023-08-01,0.0,0.24,0.24,0.68,60.2,arrival_nowcast,alk
2023-08-02,0.0,0.24,0.24,0.68,55.0,arrival_nowcast,alk
2023-08-03,0.04,0.04,0.27999999999999997,0.7200000000000001,58.0,arrival_nowcast,alk
2023-08-04,0.0,0.04,0.27999999999999997,0.7200000000000001,57.5,arrival_nowcast,alk
2023-08-05,0.77,0.81,1.05,1.4900000000000002,53.0,arrival_nowcast,alk
2023-08-06,0.34,1.11,1.3900000000000001,1.83,52.5,arrival_nowcast,alk
2023-08-07,0.44,1.55,1.59,1.9500000000000002,53.0,arrival_nowcast,alk
2023-08-08,0.0,0.78,1.59,1.83,52.5,arrival_nowcast,alk
2023-08-09,0.0,0.44,1.59,1.83,54.5,arrival_nowcast,alk
2023-08-10,0.04,0.04,1.59,1.8699999999999999,55.0,arrival_nowcast,alk
2023-08-11,0.44,0.48,2.0300000000000002,2.31,55.0,arrival_nowcast,alk
2023-08-12,0.0,0.48,1.26,2.31,56.0,arrival_nowcast,alk
2023-08-13,0.0,0.44,0.9199999999999999,2.31,57.0,arrival_nowcast,alk
2023-08-14,0.0,0.0,0.48,2.07,61.5,arrival_nowcast,alk
2023-08-15,0.0,0.0,0.48,2.07,56.5,arrival_nowcast,alk
2023-08-16,0.21,0.21,0.69,2.28,55.5,arrival_nowcast,alk
2023-08-17,0.0,0.21,0.6499999999999999,2.2399999999999998,56.2,arrival_nowcast,alk
2023-08-18,0.0,0.21,0.21,2.2399999999999998,57.0,arrival_nowcast,alk
2023-08-19,0.0,0.0,0.21,1.47,59.0,arrival_nowcast,alk
2023-08-20,0.0,0.0,0.21,1.1300000000000001,58.5,arrival_nowcast,alk
2023-08-21,0.04,0.04,0.25,0.73,59.0,arrival_nowcast,alk
2023-08-22,0.0,0.04,0.25,0.73,59.5,arrival_nowcast,alk
2023-08-23,0.0,0.04,0.04,0.73,58.0,arrival_nowcast,alk
2023-08-24,0.18,0.18,0.22,0.8699999999999999,60.0,arrival_nowcast,alk
2023-08-25,0.0,0.18,0.22,0.43,58.0,arrival_nowcast,alk
2023-08-26,0.0,0.18,0.22,0.43,56.5,arrival_nowcast,alk
2023-08-27,0.0,0.0,0.22,0.43,57.5,arrival_nowcast,alk
2023-08-28,0.0,0.0,0.18,0.43,56.7,arrival_nowcast,alk
2023-08-29,0.03,0.03,0.21,0.45999999999999996,53.5,arrival_nowcast,alk
2023-08-30,0.09,0.12,0.3,0.33999999999999997,50.5,arrival_nowcast,alk
2023-08-31,0.05,0.16999999999999998,0.16999999999999998,0.39,53.0,arrival_nowcast,alk
2023-09-01,0.33,0.47,0.5,0.72,50.8,arrival_nowcast,alk
2023-09-02,0.95,1.33,1.45,1.67,51.0,arrival_nowcast,alk
2023-09-03,0.0,1.2799999999999998,1.45,1.67,50.0,arrival_nowcast,alk
2023-09-04,0.0,0.9499999999999998,1.45,1.63,53.0,arrival_nowcast,alk
2023-09-05,0.0,0.0,1.42,1.63,55.5,arrival_nowcast,alk
2023-09-06,0.0,0.0,1.33,1.63,55.7,arrival_nowcast,alk
2023-09-07,0.0,0.0,1.28,1.45,57.0,arrival_nowcast,alk
2023-09-08,0.52,0.5199999999999999,1.47,1.97,56.5,arrival_nowcast,alk
2023-09-09,0.0,0.5199999999999999,0.52,1.97,57.5,arrival_nowcast,alk
2023-09-10,0.0,0.5199999999999999,0.52,1.97,57.0,arrival_nowcast,alk
2023-09-11,0.0,0.0,0.52,1.97,56.25,arrival_nowcast,alk
2023-09-12,0.0,0.0,0.52,1.94,58.0,arrival_nowcast,alk
2023-09-13,0.0,0.0,0.52,1.8499999999999999,55.0,arrival_nowcast,alk
2023-09-14,0.0,0.0,0.52,1.8,59.0,arrival_nowcast,alk
2023-09-15,0.87,0.8699999999999999,0.87,2.34,54.0,arrival_nowcast,alk
2023-09-16,0.16,1.0299999999999998,1.03,1.55,54.8,arrival_nowcast,alk
2023-09-17,0.0,1.0299999999999998,1.03,1.55,53.0,arrival_nowcast,alk
2023-09-18,0.0,0.1599999999999999,1.03,1.55,54.5,arrival_nowcast,alk
2023-09-19,0.96,0.9599999999999999,1.99,2.51,53.5,arrival_nowcast,alk
2023-09-20,0.24,1.1999999999999997,2.23,2.75,55.0,arrival_nowcast,alk
2023-09-21,0.04,1.2399999999999998,2.27,2.79,53.5,arrival_nowcast,alk
2023-09-22,0.0,0.27999999999999986,1.4,2.27,55.1,arrival_nowcast,alk
2023-09-23,0.0,0.03999999999999989,1.24,2.27,55.7,arrival_nowcast,alk
2023-09-24,0.02,0.01999999999999989,1.26,2.29,51.2,arrival_nowcast,alk
2023-09-25,0.02,0.03999999999999989,1.28,2.31,57.1,arrival_nowcast,alk
2023-09-26,0.0,0.03999999999999989,0.32,2.31,57.5,arrival_nowcast,alk
2023-09-27,0.0,0.01999999999999989,0.08,2.31,54.0,arrival_nowcast,alk
2023-09-28,0.0,0.0,0.04,2.31,51.5,arrival_nowcast,alk
2023-09-29,0.0,0.0,0.04,1.44,53.5,arrival_nowcast,alk
2023-09-30,0.0,0.0,0.04,1.28,55.0,arrival_nowcast,alk
2023-10-01,0.0,0.0,0.02,1.28,55.0,arrival_nowcast,alk
2023-10-02,0.0,0.0,0.0,1.28,55.9,arrival_nowcast,alk
2023-10-03,0.0,0.0,0.0,0.32,54.9,arrival_nowcast,alk
2023-10-04,0.0,0.0,0.0,0.08,54.5,arrival_nowcast,alk
2023-10-05,0.0,0.0,0.0,0.04,50.9,arrival_nowcast,alk
2023-10-06,0.0,0.0,0.0,0.04,54.0,arrival_nowcast,alk
2023-10-07,0.02,0.01999999999999989,0.02,0.06,56.3,arrival_nowcast,alk
2023-10-08,0.0,0.01999999999999989,0.02,0.039999999999999994,58.2,arrival_nowcast,alk
2023-10-09,0.0,0.01999999999999989,0.02,0.02,58.2,arrival_nowcast,alk
2023-10-10,0.0,0.0,0.02,0.02,56.0,arrival_nowcast,alk
2023-10-11,0.0,0.0,0.02,0.02,55.4,arrival_nowcast,alk
2023-10-12,0.0,0.0,0.02,0.02,53.2,arrival_nowcast,alk
2023-10-13,0.0,0.0,0.02,0.02,55.0,arrival_nowcast,alk
2023-10-14,0.0,0.0,0.0,0.02,54.2,arrival_nowcast,alk
2023-10-15,0.0,0.0,0.0,0.02,54.3,arrival_nowcast,alk
2023-10-16,0.12,0.11999999999999988,0.12,0.13999999999999999,55.5,arrival_nowcast,alk
2023-10-17,0.02,0.13999999999999987,0.13999999999999999,0.16,55.5,arrival_nowcast,alk
2023-10-18,0.0,0.13999999999999987,0.13999999999999999,0.16,54.0,arrival_nowcast,alk
2023-10-19,0.0,0.01999999999999989,0.13999999999999999,0.16,53.5,arrival_nowcast,alk
2023-10-20,0.0,0.0,0.13999999999999999,0.16,53.0,arrival_nowcast,alk
2023-10-21,0.0,0.0,0.13999999999999999,0.14,51.0,arrival_nowcast,alk
2023-10-22,0.0,0.0,0.13999999999999999,0.14,50.4,arrival_nowcast,alk
2023-10-23,0.0,0.0,0.02,0.14,48.5,arrival_nowcast,alk
2023-10-24,0.0,0.0,0.0,0.14,50.0,arrival_nowcast,alk
2023-10-25,0.0,0.0,0.0,0.14,50.0,arrival_nowcast,alk
2023-10-26,0.0,0.0,0.0,0.14,50.5,arrival_nowcast,alk
2023-10-27,0.0,0.0,0.0,0.14,50.0,arrival_nowcast,alk
2023-10-28,0.0,0.0,0.0,0.14,47.0,arrival_nowcast,alk
2023-10-29,0.02,0.01999999999999989,0.02,0.16,47.0,arrival_nowcast,alk
2023-10-30,0.0,0.01999999999999989,0.02,0.04,47.3,arrival_nowcast,alk
2023-10-31,0.01,0.029999999999999888,0.03,0.03,47.5,arrival_nowcast,alk
2023-11-01,0.0,0.00999999999999989,0.03,0.03,48.0,arrival_nowcast,alk
2023-11-02,0.5,0.5099999999999999,0.53,0.53,48.8,arrival_nowcast,alk
2023-11-03,0.09,0.5899999999999999,0.62,0.62,49.6,arrival_nowcast,alk
2023-11-04,0.0,0.5899999999999999,0.62,0.62,48.5,arrival_nowcast,alk
2023-11-05,0.0,0.08999999999999989,0.6,0.62,49.0,arrival_nowcast,alk
2023-11-06,0.0,0.0,0.6,0.62,49.0,arrival_nowcast,alk
2023-11-07,0.0,0.0,0.59,0.62,51.0,arrival_nowcast,alk
2023-11-08,0.0,0.0,0.59,0.62,50.3,arrival_nowcast,alk
2023-11-09,0.0,0.0,0.09,0.62,49.4,arrival_nowcast,alk
2023-11-10,0.0,0.0,0.0,0.62,50.5,arrival_nowcast,alk
2023-11-11,0.0,0.0,0.0,0.62,51.0,arrival_nowcast,alk
2023-11-12,0.0,0.0,0.0,0.6,50.5,arrival_nowcast,alk
2023-11-13,0.34,0.3399999999999999,0.34,0.9400000000000001,50.5,arrival_nowcast,alk
2023-11-14,0.0,0.3399999999999999,0.34,0.93,51.0,arrival_nowcast,alk
2023-11-15,0.0,0.3399999999999999,0.34,0.93,50.0,arrival_nowcast,alk
2023-11-16,0.0,0.0,0.34,0.43000000000000005,52.5,arrival_nowcast,alk
2023-11-17,0.0,0.0,0.34,0.3400000000000001,50.5,arrival_nowcast,alk
2023-11-18,0.0,0.0,0.34,0.3400000000000001,50.0,arrival_nowcast,alk
2023-11-19,0.0,0.0,0.34,0.3400000000000001,50.9,arrival_nowcast,alk
2023-11-20,0.0,0.0,0.0,0.3400000000000001,51.5,arrival_nowcast,alk
2023-11-21,0.0,0.0,0.0,0.3400000000000001,50.0,arrival_nowcast,alk
2023-11-22,0.0,0.0,0.0,0.3400000000000001,50.0,arrival_nowcast,alk
2023-11-23,0.0,0.0,0.0,0.3400000000000001,50.5,arrival_nowcast,alk
2023-11-24,0.04,0.03999999999999989,0.04,0.38000000000000006,54.5,arrival_nowcast,alk
2023-11-25,0.16,0.1999999999999999,0.2,0.54,49.5,arrival_nowcast,alk
2023-11-26,0.0,0.1999999999999999,0.2,0.54,51.5,arrival_nowcast,alk
2023-11-27,0.0,0.1599999999999999,0.2,0.20000000000000007,53.5,arrival_nowcast,alk
2023-11-28,0.12,0.11999999999999988,0.32,0.32000000000000006,55.5,arrival_nowcast,alk
2023-11-29,0.02,0.13999999999999987,0.34,0.3400000000000001,56.5,arrival_nowcast,alk
2023-11-30,0.04,0.17999999999999988,0.38,0.38000000000000006,56.5,arrival_nowcast,alk
2023-12-01,0.0,0.05999999999999989,0.34,0.38000000000000006,59.2,arrival_nowcast,alk
2023-12-02,0.0,0.03999999999999988,0.18,0.38000000000000006,56.5,arrival_nowcast,alk
2023-12-03,0.0,0.0,0.18,0.38000000000000006,57.5,arrival_nowcast,alk
2023-12-04,0.0,0.0,0.18,0.38000000000000006,57.5,arrival_nowcast,alk
2023-12-05,0.0,0.0,0.06,0.38000000000000006,57.0,arrival_nowcast,alk
2023-12-06,0.0,0.0,0.039999999999999994,0.38000000000000006,56.5,arrival_nowcast,alk
2023-12-07,0.0,0.0,0.0,0.38000000000000006,57.5,arrival_nowcast,alk
2023-12-08,0.02,0.01999999999999989,0.02,0.3600000000000001,59.0,arrival_nowcast,alk
2023-12-09,0.0,0.01999999999999989,0.02,0.20000000000000004,58.0,arrival_nowcast,alk
2023-12-10,0.0,0.01999999999999989,0.02,0.20000000000000004,57.5,arrival_nowcast,alk
2023-12-11,0.0,0.0,0.02,0.20000000000000004,57.0,arrival_nowcast,alk
2023-12-12,0.0,0.0,0.02,0.08000000000000006,57.0,arrival_nowcast,alk
2023-12-13,0.6,0.5999999999999999,0.62,0.66,55.5,arrival_nowcast,alk
2023-12-14,0.0,0.5999999999999999,0.62,0.62,56.0,arrival_nowcast,alk
2023-12-15,0.0,0.5999999999999999,0.6,0.62,55.5,arrival_nowcast,alk
2023-12-16,0.0,0.0,0.6,0.62,55.0,arrival_nowcast,alk
2023-12-17,0.05,0.04999999999999989,0.65,0.67,58.5,arrival_nowcast,alk
2023-12-18,0.08,0.1299999999999999,0.73,0.75,56.5,arrival_nowcast,alk
2023-12-19,0.0,0.1299999999999999,0.73,0.75,59.2,arrival_nowcast,alk
2023-12-20,0.0,0.07999999999999989,0.13,0.75,58.2,arrival_nowcast,alk
2023-12-21,0.0,0.0,0.13,0.75,58.0,arrival_nowcast,alk
2023-12-22,0.0,0.0,0.13,0.7300000000000001,58.5,arrival_nowcast,alk
2023-12-23,0.0,0.0,0.13,0.7300000000000001,58.8,arrival_nowcast,alk
2023-12-24,0.0,0.0,0.08,0.7300000000000001,57.0,arrival_nowcast,alk
2023-12-25,0.0,0.0,0.0,0.7300000000000001,58.6,arrival_nowcast,alk
2023-12-26,0.0,0.0,0.0,0.7300000000000001,58.0,arrival_nowcast,alk
2023-12-27,0.0,0.0,0.0,0.13000000000000012,59.5,arrival_nowcast,alk
2023-12-28,0.26,0.2599999999999999,0.26,0.3900000000000001,65.0,arrival_nowcast,alk
2023-12-29,0.08,0.3399999999999999,0.34,0.47000000000000014,58.5,arrival_nowcast,alk
2023-12-30,0.0,0.3399999999999999,0.34,0.47000000000000014,60.5,arrival_nowcast,alk
2023-12-31,0.0,0.07999999999999989,0.34,0.42000000000000015,61.5,arrival_nowcast,alk
2024-04-01,0.0,0.0,0.88,1.9000000000000004,67.0,arrival_nowcast,alk
2024-04-02,0.0,0.0,0.88,0.8800000000000002,65.5,arrival_nowcast,alk
2024-04-03,0.0,0.0,0.88,0.8800000000000002,68.4,arrival_nowcast,alk
2024-04-04,0.0,0.0,0.88,0.8800000000000002,64.0,arrival_nowcast,alk
2024-04-05,0.0,0.0,0.0,0.8800000000000002,64.5,arrival_nowcast,alk
2024-04-06,0.4,0.4,0.4,1.2800000000000002,64.9,arrival_nowcast,alk
2024-04-07,0.0,0.4,0.4,1.2800000000000002,66.2,arrival_nowcast,alk
2024-04-08,0.0,0.4,0.4,1.2800000000000002,65.0,arrival_nowcast,alk
2024-04-09,0.0,0.0,0.4,1.2800000000000002,74.5,arrival_nowcast,alk
2024-04-10,0.0,0.0,0.4,1.2800000000000002,76.5,arrival_nowcast,alk
2024-04-11,0.0,0.0,0.4,1.2800000000000002,76.2,arrival_nowcast,alk
2024-04-12,0.0,0.0,0.4,0.40000000000000024,78.1,arrival_nowcast,alk
2024-04-13,0.0,0.0,0.0,0.40000000000000024,77.5,arrival_nowcast,alk
2024-04-14,0.0,0.0,0.0,0.40000000000000024,78.0,arrival_nowcast,alk
2024-04-15,0.0,0.0,0.0,0.40000000000000024,66.0,arrival_nowcast,alk
2024-04-16,0.0,0.0,0.0,0.40000000000000024,64.0,arrival_nowcast,alk
2024-04-17,0.0,0.0,0.0,0.40000000000000024,65.5,arrival_nowcast,alk
2024-04-18,0.0,0.0,0.0,0.40000000000000024,64.0,arrival_nowcast,alk
2024-04-19,0.0,0.0,0.0,0.40000000000000024,62.8,arrival_nowcast,alk
2024-04-20,0.03,0.03,0.03,0.03000000000000022,62.0,arrival_nowcast,alk
2024-04-21,0.0,0.03,0.03,0.03000000000000022,61.0,arrival_nowcast,alk
2024-04-22,0.02,0.05,0.05,0.050000000000000225,60.5,arrival_nowcast,alk
2024-04-23,0.09,0.11,0.14,0.14000000000000024,60.5,arrival_nowcast,alk
2024-04-24,0.24,0.35,0.38,0.3800000000000002,60.5,arrival_nowcast,alk
2024-04-25,0.04,0.36999999999999994,0.42,0.4200000000000002,59.0,arrival_nowcast,alk
2024-04-26,0.0,0.27999999999999997,0.42,0.4200000000000002,57.5,arrival_nowcast,alk
2024-04-27,0.0,0.04,0.39,0.4200000000000002,58.0,arrival_nowcast,alk
2024-04-28,0.0,0.0,0.39,0.4200000000000002,57.5,arrival_nowcast,alk
2024-04-29,0.0,0.0,0.37,0.4200000000000002,54.5,arrival_nowcast,alk
2024-04-30,0.0,0.0,0.27999999999999997,0.4200000000000002,53.0,arrival_nowcast,alk
2024-05-01,0.81,0.81,0.8500000000000001,1.2300000000000002,47.5,arrival_nowcast,alk
2024-05-02,0.85,1.6600000000000001,1.6600000000000001,2.08,44.0,arrival_nowcast,alk
2024-05-03,0.0,1.6600000000000001,1.6600000000000001,2.08,44.5,arrival_nowcast,alk
2024-05-04,0.0,0.85,1.6600000000000001,2.0500000000000003,46.6,arrival_nowcast,alk
2024-05-05,0.0,0.0,1.6600000000000001,2.0500000000000003,49.8,arrival_nowcast,alk
2024-05-06,0.04,0.04,1.7,2.0700000000000003,51.7,arrival_nowcast,alk
2024-05-07,0.0,0.04,1.7,1.9800000000000002,55.75,arrival_nowcast,alk
2024-05-08,0.0,0.04,0.89,1.7400000000000002,55.5,arrival_nowcast,alk
2024-05-09,0.0,0.0,0.04,1.7000000000000002,58.2,arrival_nowcast,alk
2024-05-10,0.0,0.0,0.04,1.7000000000000002,58.9,arrival_nowcast,alk
2024-05-11,0.0,0.0,0.04,1.7000000000000002,60.5,arrival_nowcast,alk
2024-05-12,0.0,0.0,0.04,1.7000000000000002,60.5,arrival_nowcast,alk
2024-05-13,0.0,0.0,0.0,1.7000000000000002,61.0,arrival_nowcast,alk
2024-05-14,0.18,0.18,0.18,1.8800000000000003,61.5,arrival_nowcast,alk
2024-05-15,0.0,0.18,0.18,1.0700000000000003,61.0,arrival_nowcast,alk
2024-05-16,0.07,0.25,0.25,0.29000000000000015,58.0,arrival_nowcast,alk
2024-05-17,0.75,0.8200000000000001,1.0,1.04,55.5,arrival_nowcast,alk
2024-05-18,0.04,0.8600000000000001,1.04,1.08,56.0,arrival_nowcast,alk
2024-05-19,0.04,0.83,1.08,1.12,56.0,arrival_nowcast,alk
2024-05-20,0.04,0.12,1.12,1.12,54.5,arrival_nowcast,alk
2024-05-21,0.0,0.07999999999999999,0.9400000000000001,1.12,55.0,arrival_nowcast,alk
2024-05-22,0.0,0.04,0.94,1.12,54.5,arrival_nowcast,alk
2024-05-23,0.0,0.0,0.87,1.12,53.5,arrival_nowcast,alk
2024-05-24,0.0,0.0,0.12,1.12,53.0,arrival_nowcast,alk
2024-05-25,0.01,0.01,0.09,1.1300000000000001,51.5,arrival_nowcast,alk
2024-05-26,0.16,0.17,0.21000000000000002,1.29,54.0,arrival_nowcast,alk
2024-05-27,0.0,0.17,0.16999999999999998,1.29,52.0,arrival_nowcast,alk
2024-05-28,0.0,0.16,0.16999999999999998,1.11,49.0,arrival_nowcast,alk
2024-05-29,0.0,0.0,0.16999999999999998,1.11,52.0,arrival_nowcast,alk
2024-05-30,0.0,0.0,0.16999999999999998,1.04,50.0,arrival_nowcast,alk
2024-05-31,0.0,0.0,0.16999999999999998,0.29000000000000015,50.0,arrival_nowcast,alk
2024-06-01,0.0,0.0,0.16,0.2500000000000001,45.9,arrival_nowcast,alk
2024-06-02,0.0,0.0,0.0,0.2100000000000001,49.8,arrival_nowcast,alk
2024-06-03,0.0,0.0,0.0,0.17000000000000012,47.7,arrival_nowcast,alk
2024-06-04,0.0,0.0,0.0,0.17000000000000012,49.5,arrival_nowcast,alk
2024-06-05,0.0,0.0,0.0,0.17000000000000012,50.5,arrival_nowcast,alk
2024-06-06,0.0,0.0,0.0,0.17000000000000012,49.8,arrival_nowcast,alk
2024-06-07,0.0,0.0,0.0,0.17000000000000012,50.8,arrival_nowcast,alk
2024-06-08,0.0,0.0,0.0,0.16000000000000011,49.0,arrival_nowcast,alk
2024-06-09,0.0,0.0,0.0,0.0,48.0,arrival_nowcast,alk
2024-06-10,0.0,0.0,0.0,0.0,46.5,arrival_nowcast,alk
2024-06-11,0.0,0.0,0.0,0.0,45.3,arrival_nowcast,alk
2024-06-12,0.0,0.0,0.0,0.0,48.0,arrival_nowcast,alk
2024-06-13,0.0,0.0,0.0,0.0,50.0,arrival_nowcast,alk
2024-06-14,0.02,0.02,0.02,0.02000000000000011,49.5,arrival_nowcast,alk
2024-06-15,0.0,0.02,0.02,0.02000000000000011,52.5,arrival_nowcast,alk
2024-06-16,0.0,0.02,0.02,0.02000000000000011,54.0,arrival_nowcast,alk
2024-06-17,0.0,0.0,0.02,0.02000000000000011,54.5,arrival_nowcast,alk
2024-06-18,0.0,0.0,0.02,0.02000000000000011,59.0,arrival_nowcast,alk
2024-06-19,0.0,0.0,0.02,0.02000000000000011,57.4,arrival_nowcast,alk
2024-06-20,0.0,0.0,0.02,0.02000000000000011,57.5,arrival_nowcast,alk
2024-06-21,0.0,0.0,0.0,0.02000000000000011,59.5,arrival_nowcast,alk
2024-06-22,0.0,0.0,0.0,0.02000000000000011,57.5,arrival_nowcast,alk
2024-06-23,0.0,0.0,0.0,0.02000000000000011,60.0,arrival_nowcast,alk
2024-06-24,0.0,0.0,0.0,0.02000000000000011,60.5,arrival_nowcast,alk
2024-06-25,0.15,0.15,0.15,0.1700000000000001,59.0,arrival_nowcast,alk
2024-06-26,0.4,0.55,0.55,0.5700000000000001,58.7,arrival_nowcast,alk
2024-06-27,0.0,0.55,0.55,0.5700000000000001,62.4,arrival_nowcast,alk
2024-06-28,0.0,0.4,0.55,0.55,61.6,arrival_nowcast,alk
2024-06-29,0.03,0.03,0.5800000000000001,0.5800000000000001,62.5,arrival_nowcast,alk
2024-06-30,0.0,0.03,0.5800000000000001,0.5800000000000001,65.5,arrival_nowcast,alk
2024-07-01,0.22,0.25,0.8,0.8,63.0,arrival_nowcast,alk
2024-07-02,0.0,0.22,0.65,0.8,63.1,arrival_nowcast,alk
2024-07-03,0.0,0.22,0.25,0.8,65.6,arrival_nowcast,alk
2024-07-04,0.07,0.07,0.32,0.8700000000000001,64.2,arrival_nowcast,alk
2024-07-05,0.06,0.13,0.38,0.9300000000000002,66.5,arrival_nowcast,alk
2024-07-06,0.15,0.28,0.5,1.08,67.0,arrival_nowcast,alk
2024-07-07,0.0,0.21,0.5,1.08,63.5,arrival_nowcast,alk
2024-07-08,0.0,0.15,0.28,1.08,64.5,arrival_nowcast,alk
2024-07-09,0.0,0.0,0.28,0.9300000000000002,64.5,arrival_nowcast,alk
2024-07-10,0.0,0.0,0.28,0.53,66.6,arrival_nowcast,alk
2024-07-11,0.0,0.0,0.21,0.53,64.0,arrival_nowcast,alk
2024-07-12,0.0,0.0,0.15,0.53,67.0,arrival_nowcast,alk
2024-07-13,0.0,0.0,0.0,0.5000000000000001,65.5,arrival_nowcast,alk
2024-07-14,0.0,0.0,0.0,0.5000000000000001,65.5,arrival_nowcast,alk
2024-07-15,0.0,0.0,0.0,0.28000000000000014,63.5,arrival_nowcast,alk
2024-07-16,0.0,0.0,0.0,0.28000000000000014,70.4,arrival_nowcast,alk
2024-07-17,0.0,0.0,0.0,0.28000000000000014,67.0,arrival_nowcast,alk
2024-07-18,0.0,0.0,0.0,0.2100000000000001,62.5,arrival_nowcast,alk
2024-07-19,0.0,0.0,0.0,0.1500000000000001,63.0,arrival_nowcast,alk
2024-07-20,0.06,0.06,0.06,0.06000000000000011,60.0,arrival_nowcast,alk
2024-07-21,0.06,0.12,0.12,0.1200000000000001,53.5,arrival_nowcast,alk
2024-07-22,0.0,0.12,0.12,0.1200000000000001,52.5,arrival_nowcast,alk
2024-07-23,0.0,0.06,0.12,0.1200000000000001,51.0,arrival_nowcast,alk
2024-07-24,0.0,0.0,0.12,0.1200000000000001,52.2,arrival_nowcast,alk
2024-07-25,0.07,0.07,0.19,0.1900000000000001,49.0,arrival_nowcast,alk
2024-07-26,0.21,0.28,0.4,0.40000000000000013,50.0,arrival_nowcast,alk
2024-07-27,0.0,0.28,0.33999999999999997,0.40000000000000013,48.2,arrival_nowcast,alk
2024-07-28,0.0,0.21,0.28,0.40000000000000013,44.0,arrival_nowcast,alk
2024-07-29,0.0,0.0,0.28,0.40000000000000013,47.0,arrival_nowcast,alk
2024-07-30,0.0,0.0,0.28,0.40000000000000013,48.5,arrival_nowcast,alk
2024-07-31,0.08,0.08,0.36,0.4800000000000001,48.5,arrival_nowcast,alk
2024-08-01,0.04,0.12,0.33,0.5200000000000001,47.6,arrival_nowcast,alk
2024-08-02,0.0,0.12,0.12,0.5200000000000001,48.6,arrival_nowcast,alk
2024-08-03,0.0,0.04,0.12,0.46000000000000013,48.5,arrival_nowcast,alk
2024-08-04,0.0,0.0,0.12,0.40000000000000013,48.0,arrival_nowcast,alk
2024-08-05,0.0,0.0,0.12,0.40000000000000013,49.5,arrival_nowcast,alk
2024-08-06,0.0,0.0,0.12,0.40000000000000013,48.25,arrival_nowcast,alk
2024-08-07,0.0,0.0,0.04,0.40000000000000013,49.0,arrival_nowcast,alk
2024-08-08,0.0,0.0,0.0,0.3300000000000001,47.5,arrival_nowcast,alk
2024-08-09,0.04,0.04,0.04,0.16000000000000011,47.0,arrival_nowcast,alk
2024-08-10,0.37,0.41,0.41,0.5300000000000001,47.0,arrival_nowcast,alk
2024-08-11,0.0,0.41,0.41,0.5300000000000001,46.5,arrival_nowcast,alk
2024-08-12,0.02,0.39,0.43,0.5500000000000002,43.0,arrival_nowcast,alk
2024-08-13,0.64,0.66,1.07,1.1900000000000002,46.5,arrival_nowcast,alk
2024-08-14,0.54,1.2000000000000002,1.6099999999999999,1.6500000000000001,47.0,arrival_nowcast,alk
2024-08-15,0.56,1.7400000000000002,2.17,2.17,46.0,arrival_nowcast,alk
2024-08-16,0.0,1.1,2.13,2.17,45.2,arrival_nowcast,alk
2024-08-17,0.25,0.81,2.0100000000000002,2.42,46.5,arrival_nowcast,alk
2024-08-18,0.47,0.72,2.48,2.89,48.0,arrival_nowcast,alk
2024-08-19,0.04,0.76,2.5,2.93,49.0,arrival_nowcast,alk
2024-08-20,0.0,0.51,1.8599999999999999,2.93,50.5,arrival_nowcast,alk
2024-08-21,0.0,0.04,1.3199999999999998,2.93,50.6,arrival_nowcast,alk
2024-08-22,0.0,0.0,0.76,2.93,51.5,arrival_nowcast,alk
2024-08-23,0.0,0.0,0.76,2.89,54.0,arrival_nowcast,alk
2024-08-24,0.16,0.16,0.6699999999999999,2.6800000000000006,54.0,arrival_nowcast,alk
2024-08-25,0.0,0.16,0.2,2.6800000000000006,56.2,arrival_nowcast,alk
2024-08-26,0.0,0.16,0.16,2.6600000000000006,55.5,arrival_nowcast,alk
2024-08-27,0.33,0.33,0.49,2.3500000000000005,54.6,arrival_nowcast,alk
2024-08-28,0.0,0.33,0.49000000000000005,1.8100000000000003,54.5,arrival_nowcast,alk
2024-08-29,0.0,0.33,0.49000000000000005,1.25,54.0,arrival_nowcast,alk
2024-08-30,0.08,0.08,0.5700000000000001,1.33,59.7,arrival_nowcast,alk
2024-08-31,0.0,0.08,0.41000000000000003,1.08,54.5,arrival_nowcast,alk
2024-09-01,0.0,0.08,0.41000000000000003,0.6100000000000001,54.5,arrival_nowcast,alk
2024-09-02,0.0,0.0,0.41000000000000003,0.5700000000000001,52.0,arrival_nowcast,alk
2024-09-03,0.0,0.0,0.08000000000000006,0.5700000000000001,51.75,arrival_nowcast,alk
2024-09-04,0.0,0.0,0.08000000000000006,0.5700000000000001,51.5,arrival_nowcast,alk
2024-09-05,0.0,0.0,0.08000000000000006,0.5700000000000001,53.5,arrival_nowcast,alk
2024-09-06,0.0,0.0,0.0,0.5700000000000001,54.0,arrival_nowcast,alk
2024-09-07,0.0,0.0,0.0,0.41000000000000014,53.0,arrival_nowcast,alk
2024-09-08,0.0,0.0,0.0,0.41000000000000014,53.5,arrival_nowcast,alk
2024-09-09,0.74,0.74,0.74,1.1500000000000001,52.0,arrival_nowcast,alk
2024-09-10,0.04,0.78,0.78,0.8600000000000001,53.0,arrival_nowcast,alk
2024-09-11,0.0,0.78,0.78,0.8600000000000001,52.5,arrival_nowcast,alk
2024-09-12,0.0,0.04,0.78,0.8600000000000001,53.0,arrival_nowcast,alk
2024-09-13,0.0,0.0,0.78,0.7800000000000001,55.0,arrival_nowcast,alk
2024-09-14,0.0,0.0,0.78,0.7800000000000001,55.5,arrival_nowcast,alk
2024-09-15,0.0,0.0,0.78,0.7800000000000001,54.0,arrival_nowcast,alk
2024-09-16,0.0,0.0,0.04,0.7800000000000001,56.0,arrival_nowcast,alk
2024-09-17,0.0,0.0,0.0,0.7800000000000001,54.0,arrival_nowcast,alk
2024-09-18,0.0,0.0,0.0,0.7800000000000001,55.9,arrival_nowcast,alk
2024-09-19,0.0,0.0,0.0,0.7800000000000001,55.0,arrival_nowcast,alk
2024-09-20,0.0,0.0,0.0,0.7800000000000001,55.4,arrival_nowcast,alk
2024-09-21,0.0,0.0,0.0,0.7800000000000001,55.0,arrival_nowcast,alk
2024-09-22,0.0,0.0,0.0,0.7800000000000001,53.8,arrival_nowcast,alk
2024-09-23,0.0,0.0,0.0,0.04000000000000011,51.7,arrival_nowcast,alk
2024-09-24,0.0,0.0,0.0,0.0,52.5,arrival_nowcast,alk
2024-09-25,0.0,0.0,0.0,0.0,51.5,arrival_nowcast,alk
2024-09-26,0.43,0.43,0.43,0.4300000000000001,55.2,arrival_nowcast,alk
2024-09-27,0.07,0.5,0.5,0.5000000000000001,53.4,arrival_nowcast,alk
2024-09-28,0.0,0.5,0.5,0.5000000000000001,57.0,arrival_nowcast,alk
2024-09-29,0.0,0.07,0.5,0.5000000000000001,53.0,arrival_nowcast,alk
2024-09-30,0.0,0.0,0.5,0.5000000000000001,55.5,arrival_nowcast,alk
2024-10-01,0.0,0.0,0.5,0.5000000000000001,55.5,arrival_nowcast,alk
2024-10-02,0.0,0.0,0.5,0.5000000000000001,56.0,arrival_nowcast,alk
2024-10-03,0.0,0.0,0.07,0.5000000000000001,55.6,arrival_nowcast,alk
2024-10-04,0.0,0.0,0.0,0.5000000000000001,56.2,arrival_nowcast,alk
2024-10-05,0.0,0.0,0.0,0.5000000000000001,61.0,arrival_nowcast,alk
2024-10-06,0.0,0.0,0.0,0.5000000000000001,57.0,arrival_nowcast,alk
2024-10-07,0.0,0.0,0.0,0.5000000000000001,56.7,arrival_nowcast,alk
2024-10-08,0.0,0.0,0.0,0.5000000000000001,60.7,arrival_nowcast,alk
2024-10-09,0.0,0.0,0.0,0.5000000000000001,62.0,arrival_nowcast,alk
2024-10-10,0.0,0.0,0.0,0.07000000000000012,62.5,arrival_nowcast,alk
2024-10-11,0.0,0.0,0.0,0.0,62.5,arrival_nowcast,alk
2024-10-12,0.0,0.0,0.0,0.0,61.2,arrival_nowcast,alk
2024-10-13,0.0,0.0,0.0,0.0,65.6,arrival_nowcast,alk
2024-10-14,0.0,0.0,0.0,0.0,62.9,arrival_nowcast,alk
2024-10-15,0.0,0.0,0.0,0.0,61.8,arrival_nowcast,alk
2024-10-16,0.0,0.0,0.0,0.0,62.0,arrival_nowcast,alk
2024-10-17,0.0,0.0,0.0,0.0,63.4,arrival_nowcast,alk
2024-10-18,0.0,0.0,0.0,0.0,61.5,arrival_nowcast,alk
2024-10-19,0.0,0.0,0.0,0.0,61.0,arrival_nowcast,alk
2024-10-20,0.0,0.0,0.0,0.0,63.6,arrival_nowcast,alk
2024-10-21,0.0,0.0,0.0,0.0,62.6,arrival_nowcast,alk
2024-10-22,0.0,0.0,0.0,0.0,59.0,arrival_nowcast,alk
2024-10-23,0.14,0.14,0.14,0.14000000000000012,61.3,arrival_nowcast,alk
2024-10-24,0.0,0.14,0.14,0.14000000000000012,59.9,arrival_nowcast,alk
2024-10-25,0.08,0.22000000000000003,0.22000000000000003,0.22000000000000014,59.4,arrival_nowcast,alk
2024-10-26,0.04,0.12,0.26,0.2600000000000001,59.8,arrival_nowcast,alk
2024-10-27,0.0,0.12,0.26,0.2600000000000001,57.6,arrival_nowcast,alk
2024-10-28,0.0,0.04,0.26,0.2600000000000001,59.0,arrival_nowcast,alk
2024-10-29,0.0,0.0,0.26,0.2600000000000001,60.0,arrival_nowcast,alk
2025-04-01,0.0,0.0,0.0,0.29000000000000015,79.0,arrival_nowcast,alk
2025-04-02,0.25,0.25,0.25,0.5400000000000001,79.8,arrival_nowcast,alk
2025-04-03,0.14,0.39,0.39,0.6800000000000002,79.7,arrival_nowcast,alk
2025-04-04,0.0,0.39,0.39,0.6800000000000002,79.5,arrival_nowcast,alk
2025-04-05,0.0,0.14,0.39,0.6800000000000002,80.0,arrival_nowcast,alk
2025-04-06,0.01,0.01,0.4,0.40000000000000013,81.5,arrival_nowcast,alk
2025-04-07,0.0,0.01,0.4,0.40000000000000013,79.5,arrival_nowcast,alk
2025-04-08,0.22,0.23,0.62,0.6200000000000001,82.25,arrival_nowcast,alk
2025-04-09,0.42,0.64,0.79,1.04,81.0,arrival_nowcast,alk
2025-04-10,0.0,0.6399999999999999,0.65,1.04,81.0,arrival_nowcast,alk
2025-04-11,0.0,0.42,0.65,1.04,82.0,arrival_nowcast,alk
2025-04-12,0.0,0.0,0.65,1.04,80.7,arrival_nowcast,alk
2025-04-13,0.0,0.0,0.64,1.04,80.0,arrival_nowcast,alk
2025-04-14,0.0,0.0,0.64,1.04,80.5,arrival_nowcast,alk
2025-04-15,0.0,0.0,0.42000000000000004,1.04,81.5,arrival_nowcast,alk
2025-04-16,0.0,0.0,0.0,0.7900000000000001,81.7,arrival_nowcast,alk
2025-04-17,0.0,0.0,0.0,0.6500000000000001,81.5,arrival_nowcast,alk
2025-04-18,0.01,0.009999999999999945,0.01,0.6600000000000001,82.5,arrival_nowcast,alk
2025-04-19,0.0,0.009999999999999945,0.01,0.6600000000000001,81.1,arrival_nowcast,alk
2025-04-20,0.0,0.009999999999999945,0.01,0.6500000000000001,79.1,arrival_nowcast,alk
2025-04-21,0.0,0.0,0.01,0.6500000000000001,80.5,arrival_nowcast,alk
2025-04-22,0.16,0.15999999999999995,0.17,0.5900000000000002,79.5,arrival_nowcast,alk
2025-04-23,0.62,0.7799999999999999,0.79,0.7900000000000001,81.5,arrival_nowcast,alk
2025-04-24,0.0,0.7799999999999999,0.79,0.7900000000000001,80.5,arrival_nowcast,alk
2025-04-25,0.0,0.6199999999999999,0.78,0.7900000000000001,81.5,arrival_nowcast,alk
2025-04-26,0.0,0.0,0.78,0.7900000000000001,81.0,arrival_nowcast,alk
2025-04-27,0.0,0.0,0.78,0.7900000000000001,80.0,arrival_nowcast,alk
2025-04-28,0.0,0.0,0.78,0.7900000000000001,78.5,arrival_nowcast,alk
2025-04-29,0.04,0.03999999999999989,0.66,0.8300000000000002,80.9,arrival_nowcast,alk
2025-04-30,0.0,0.03999999999999989,0.04,0.8300000000000002,78.5,arrival_nowcast,alk
2025-05-01,0.0,0.03999999999999989,0.04,0.8300000000000002,80.0,arrival_nowcast,alk
2025-05-02,0.0,0.0,0.04,0.8200000000000002,78.8,arrival_nowcast,alk
2025-05-03,0.0,0.0,0.04,0.8200000000000002,79.0,arrival_nowcast,alk
2025-05-04,0.0,0.0,0.04,0.8200000000000002,79.0,arrival_nowcast,alk
2025-05-05,0.16,0.1599999999999999,0.2,0.9800000000000002,78.0,arrival_nowcast,alk
2025-05-06,0.19,0.34999999999999987,0.35,1.0100000000000002,78.25,arrival_nowcast,alk
2025-05-07,0.0,0.34999999999999987,0.35,0.3900000000000001,76.0,arrival_nowcast,alk
2025-05-08,0.0,0.1899999999999999,0.35,0.3900000000000001,77.4,arrival_nowcast,alk
2025-05-09,0.0,0.0,0.35,0.3900000000000001,74.5,arrival_nowcast,alk
2025-05-10,0.0,0.0,0.35,0.3900000000000001,73.5,arrival_nowcast,alk
2025-05-11,1.52,1.52,1.87,1.9100000000000001,71.0,arrival_nowcast,alk
2025-05-12,0.08,1.6,1.7900000000000003,1.9900000000000002,67.1,arrival_nowcast,alk
2025-05-13,0.0,1.6,1.6,1.9500000000000002,65.0,arrival_nowcast,alk
2025-05-14,0.0,0.08,1.6,1.9500000000000002,64.6,arrival_nowcast,alk
2025-05-15,0.0,0.0,1.6,1.9500000000000002,62.2,arrival_nowcast,alk
2025-05-16,0.0,0.0,1.6,1.9500000000000002,63.5,arrival_nowcast,alk
2025-05-17,0.0,0.0,1.6,1.9500000000000002,60.0,arrival_nowcast,alk
2025-05-18,0.0,0.0,0.08,1.9500000000000002,58.0,arrival_nowcast,alk
2025-05-19,0.0,0.0,0.0,1.7900000000000003,55.8,arrival_nowcast,alk
2025-05-20,0.0,0.0,0.0,1.6,55.0,arrival_nowcast,alk
2025-05-21,0.0,0.0,0.0,1.6,53.5,arrival_nowcast,alk
2025-05-22,0.0,0.0,0.0,1.6,53.0,arrival_nowcast,alk
2025-05-23,0.0,0.0,0.0,1.6,51.1,arrival_nowcast,alk
2025-05-24,0.0,0.0,0.0,1.6,48.2,arrival_nowcast,alk
2025-05-25,0.0,0.0,0.0,0.08,49.0,arrival_nowcast,alk
2025-05-26,0.0,0.0,0.0,0.0,47.0,arrival_nowcast,alk
2025-05-27,0.0,0.0,0.0,0.0,40.5,arrival_nowcast,alk
2025-05-28,0.0,0.0,0.0,0.0,43.9,arrival_nowcast,alk
2025-05-29,0.27,0.27,0.27,0.27,46.0,arrival_nowcast,alk
2025-05-30,0.44,0.71,0.71,0.71,45.5,arrival_nowcast,alk
2025-05-31,0.12,0.8300000000000001,0.8300000000000001,0.8300000000000001,43.5,arrival_nowcast,alk
2025-06-01,0.04,0.6,0.87,0.87,42.5,arrival_nowcast,alk
2025-06-02,0.26,0.42,1.13,1.13,42.9,arrival_nowcast,alk
2025-06-03,0.0,0.3,1.13,1.13,42.0,arrival_nowcast,alk
2025-06-04,0.0,0.26,1.13,1.13,41.0,arrival_nowcast,alk
2025-06-05,0.0,0.0,0.86,1.13,41.0,arrival_nowcast,alk
2025-06-06,0.0,0.0,0.42,1.13,39.1,arrival_nowcast,alk
2025-06-07,1.05,1.05,1.35,2.18,40.5,arrival_nowcast,alk
2025-06-08,0.16,1.21,1.47,2.3400000000000003,41.5,arrival_nowcast,alk
2025-06-09,0.0,1.21,1.21,2.3400000000000003,44.5,arrival_nowcast,alk
2025-06-10,0.14,0.30000000000000004,1.35,2.48,43.6,arrival_nowcast,alk
2025-06-11,0.02,0.16,1.37,2.5,41.8,arrival_nowcast,alk
2025-06-12,0.0,0.16,1.37,2.23,42.6,arrival_nowcast,alk
2025-06-13,0.0,0.02,1.37,1.7900000000000003,41.5,arrival_nowcast,alk
2025-06-14,0.0,0.0,0.32,1.6700000000000002,41.1,arrival_nowcast,alk
2025-06-15,0.0,0.0,0.16,1.6300000000000001,40.0,arrival_nowcast,alk
2025-06-16,0.0,0.0,0.16,1.37,43.0,arrival_nowcast,alk
2025-06-17,0.0,0.0,0.02,1.37,40.5,arrival_nowcast,alk
2025-06-18,0.01,0.01,0.01,1.3800000000000001,40.5,arrival_nowcast,alk
2025-06-19,0.0,0.01,0.01,1.3800000000000003,41.1,arrival_nowcast,alk
2025-06-20,0.0,0.01,0.01,1.3800000000000003,42.1,arrival_nowcast,alk
2025-06-21,0.06,0.06,0.06999999999999999,0.39,40.5,arrival_nowcast,alk
2025-06-22,0.04,0.1,0.11,0.27,40.5,arrival_nowcast,alk
2025-06-23,0.0,0.1,0.11,0.27,41.5,arrival_nowcast,alk
2025-06-24,0.0,0.04,0.11,0.13,42.0,arrival_nowcast,alk
2025-06-25,0.0,0.0,0.1,0.10999999999999999,41.0,arrival_nowcast,alk
2025-06-26,0.0,0.0,0.1,0.10999999999999999,42.0,arrival_nowcast,alk
2025-06-27,0.0,0.0,0.1,0.10999999999999999,41.0,arrival_nowcast,alk
2025-06-28,0.0,0.0,0.04,0.10999999999999999,41.0,arrival_nowcast,alk
2025-06-29,0.19,0.19,0.19,0.3,40.5,arrival_nowcast,alk
2025-06-30,0.0,0.19,0.19,0.3,40.0,arrival_nowcast,alk
2025-07-01,0.06,0.25,0.25,0.36,41.1,arrival_nowcast,alk
2025-07-02,0.0,0.06,0.25,0.35,41.5,arrival_nowcast,alk
2025-07-03,0.0,0.06,0.25,0.35,41.0,arrival_nowcast,alk
2025-07-04,0.0,0.0,0.25,0.35,42.6,arrival_nowcast,alk
2025-07-05,0.0,0.0,0.25,0.29,42.2,arrival_nowcast,alk
2025-07-06,0.0,0.0,0.06,0.25,43.2,arrival_nowcast,alk
2025-07-07,0.0,0.0,0.06,0.25,44.8,arrival_nowcast,alk
2025-07-08,0.04,0.04,0.04,0.29,44.15,arrival_nowcast,alk
2025-07-09,0.74,0.78,0.78,1.03,44.5,arrival_nowcast,alk
2025-07-10,0.02,0.8,0.8,1.05,46.0,arrival_nowcast,alk
2025-07-11,0.0,0.76,0.8,1.05,47.0,arrival_nowcast,alk
2025-07-12,0.0,0.02,0.8,1.05,48.0,arrival_nowcast,alk
2025-07-13,0.0,0.0,0.8,0.8600000000000001,48.0,arrival_nowcast,alk
2025-07-14,0.0,0.0,0.8,0.8600000000000001,53.0,arrival_nowcast,alk
2025-07-15,0.0,0.0,0.76,0.8,54.5,arrival_nowcast,alk
2025-07-16,0.09,0.09,0.11,0.89,55.0,arrival_nowcast,alk
2025-07-17,0.0,0.09,0.09,0.89,57.5,arrival_nowcast,alk
2025-07-18,0.0,0.09,0.09,0.89,55.2,arrival_nowcast,alk
2025-07-19,0.0,0.0,0.09,0.89,56.3,arrival_nowcast,alk
2025-07-20,0.09,0.09,0.18,0.98,56.8,arrival_nowcast,alk
2025-07-21,0.0,0.09,0.18,0.98,56.0,arrival_nowcast,alk
2025-07-22,0.24,0.32999999999999996,0.42,1.18,57.0,arrival_nowcast,alk
2025-07-23,0.0,0.24,0.32999999999999996,0.44,58.0,arrival_nowcast,alk
2025-07-24,0.0,0.24,0.32999999999999996,0.42,55.5,arrival_nowcast,alk
2025-07-25,0.0,0.0,0.32999999999999996,0.42,58.5,arrival_nowcast,alk
2025-07-26,0.0,0.0,0.32999999999999996,0.42,57.5,arrival_nowcast,alk
2025-07-27,0.2,0.2,0.44,0.62,59.0,arrival_nowcast,alk
2025-07-28,0.0,0.2,0.44,0.62,59.0,arrival_nowcast,alk
2025-07-29,0.0,0.2,0.2,0.62,60.8,arrival_nowcast,alk
2025-07-30,0.09,0.09,0.29000000000000004,0.62,60.4,arrival_nowcast,alk
2025-07-31,0.0,0.09,0.29000000000000004,0.62,60.5,arrival_nowcast,alk
2025-08-01,0.0,0.09,0.29000000000000004,0.62,62.0,arrival_nowcast,alk
2025-08-02,0.0,0.0,0.29000000000000004,0.62,63.5,arrival_nowcast,alk
2025-08-03,0.03,0.03,0.12,0.56,64.5,arrival_nowcast,alk
2025-08-04,0.03,0.06,0.15,0.5900000000000001,63.0,arrival_nowcast,alk
2025-08-05,0.04,0.1,0.19,0.39,61.75,arrival_nowcast,alk
2025-08-06,0.05,0.12,0.15,0.44,61.4,arrival_nowcast,alk
2025-08-07,0.2,0.29000000000000004,0.35,0.64,67.5,arrival_nowcast,alk
2025-08-08,0.0,0.25,0.35,0.64,65.0,arrival_nowcast,alk
2025-08-09,0.0,0.2,0.35,0.64,63.5,arrival_nowcast,alk
2025-08-10,0.0,0.0,0.31999999999999995,0.44,64.0,arrival_nowcast,alk
2025-08-11,0.0,0.0,0.29000000000000004,0.44,65.0,arrival_nowcast,alk
2025-08-12,0.0,0.0,0.25,0.44,64.0,arrival_nowcast,alk
2025-08-13,0.0,0.0,0.2,0.35,63.0,arrival_nowcast,alk
2025-08-14,0.0,0.0,0.0,0.35,64.5,arrival_nowcast,alk
2025-08-15,0.0,0.0,0.0,0.35,65.5,arrival_nowcast,alk
2025-08-16,0.0,0.0,0.0,0.35,63.8,arrival_nowcast,alk
2025-08-17,0.0,0.0,0.0,0.32,63.1,arrival_nowcast,alk
2025-08-18,0.0,0.0,0.0,0.29000000000000004,64.5,arrival_nowcast,alk
2025-08-19,0.0,0.0,0.0,0.25,65.5,arrival_nowcast,alk
2025-08-20,0.0,0.0,0.0,0.2,64.5,arrival_nowcast,alk
2025-08-21,0.88,0.88,0.88,0.88,65.0,arrival_nowcast,alk
2025-08-22,0.0,0.88,0.88,0.88,66.0,arrival_nowcast,alk
2025-08-23,0.0,0.88,0.88,0.88,66.0,arrival_nowcast,alk
2025-08-24,0.0,0.0,0.88,0.88,67.5,arrival_nowcast,alk
2025-08-25,0.0,0.0,0.88,0.88,65.4,arrival_nowcast,alk
2025-08-26,0.0,0.0,0.88,0.88,63.4,arrival_nowcast,alk
2025-08-27,0.19,0.19,1.07,1.07,63.1,arrival_nowcast,alk
2025-08-28,0.05,0.24,0.24,1.12,62.0,arrival_nowcast,alk
2025-08-29,0.28,0.52,0.52,1.4,58.0,arrival_nowcast,alk
2025-08-30,1.03,1.36,1.55,2.43,59.5,arrival_nowcast,alk
2025-08-31,0.14,1.4500000000000002,1.69,2.5700000000000003,60.0,arrival_nowcast,alk
2025-09-01,0.04,1.21,1.73,2.6100000000000003,60.0,arrival_nowcast,alk
2025-09-02,0.0,0.18000000000000002,1.73,2.6100000000000003,59.0,arrival_nowcast,alk
2025-09-03,0.22,0.26,1.7600000000000002,2.83,59.0,arrival_nowcast,alk
2025-09-04,0.02,0.24,1.73,1.9700000000000002,57.5,arrival_nowcast,alk
2025-09-05,0.0,0.24,1.45,1.9700000000000002,59.0,arrival_nowcast,alk
2025-09-06,0.0,0.02,0.42000000000000004,1.9700000000000002,59.0,arrival_nowcast,alk
2025-09-07,0.0,0.0,0.28,1.9700000000000002,60.5,arrival_nowcast,alk
2025-09-08,0.0,0.0,0.24,1.9700000000000002,61.5,arrival_nowcast,alk
2025-09-09,0.0,0.0,0.24,1.9700000000000002,62.0,arrival_nowcast,alk
2025-09-10,0.02,0.02,0.04,1.8,63.0,arrival_nowcast,alk
2025-09-11,0.0,0.02,0.02,1.75,63.0,arrival_nowcast,alk
2025-09-12,0.0,0.02,0.02,1.4700000000000002,62.9,arrival_nowcast,alk
2025-09-13,0.0,0.0,0.02,0.44,67.0,arrival_nowcast,alk
2025-09-14,0.0,0.0,0.02,0.3,64.0,arrival_nowcast,alk
2025-09-15,0.0,0.0,0.02,0.26,64.0,arrival_nowcast,alk
2025-09-16,0.0,0.0,0.02,0.26,62.0,arrival_nowcast,alk
2025-09-17,0.17,0.17,0.17,0.21000000000000002,61.0,arrival_nowcast,alk
2025-09-18,0.13,0.30000000000000004,0.30000000000000004,0.32000000000000006,63.5,arrival_nowcast,alk
2025-09-19,0.0,0.30000000000000004,0.30000000000000004,0.32000000000000006,61.5,arrival_nowcast,alk
2025-09-20,0.0,0.13,0.30000000000000004,0.32000000000000006,59.5,arrival_nowcast,alk
2025-09-21,0.23,0.23,0.53,0.55,60.5,arrival_nowcast,alk
2025-09-22,0.14,0.37,0.67,0.6900000000000001,58.8,arrival_nowcast,alk
2025-09-23,0.0,0.37,0.67,0.6900000000000001,55.8,arrival_nowcast,alk
2025-09-24,0.0,0.14,0.5,0.67,56.0,arrival_nowcast,alk
2025-09-25,0.0,0.0,0.37,0.67,56.0,arrival_nowcast,alk
2025-09-26,0.0,0.0,0.37,0.67,58.5,arrival_nowcast,alk
2025-09-27,0.62,0.62,0.99,1.29,57.0,arrival_nowcast,alk
2025-09-28,0.58,1.2,1.3399999999999999,1.87,56.0,arrival_nowcast,alk
2025-09-29,0.0,1.2,1.1999999999999997,1.87,59.0,arrival_nowcast,alk
2025-09-30,0.0,0.58,1.1999999999999997,1.87,59.0,arrival_nowcast,alk
2025-10-01,0.0,0.0,1.1999999999999997,1.7000000000000002,58.9,arrival_nowcast,alk
2025-10-02,0.0,0.0,1.1999999999999997,1.5699999999999998,59.4,arrival_nowcast,alk
2025-10-03,0.0,0.0,1.1999999999999997,1.5699999999999998,60.5,arrival_nowcast,alk
2025-10-04,0.0,0.0,0.58,1.5699999999999998,61.5,arrival_nowcast,alk
2025-10-05,0.0,0.0,0.0,1.3399999999999999,62.0,arrival_nowcast,alk
2025-10-06,0.0,0.0,0.0,1.1999999999999997,61.0,arrival_nowcast,alk
2025-10-07,0.0,0.0,0.0,1.1999999999999997,59.75,arrival_nowcast,alk
2025-10-08,0.0,0.0,0.0,1.1999999999999997,61.0,arrival_nowcast,alk
2025-10-09,0.0,0.0,0.0,1.1999999999999997,63.5,arrival_nowcast,alk
2025-10-10,0.11,0.11,0.11,1.3099999999999998,62.5,arrival_nowcast,alk
2025-10-11,0.02,0.13,0.13,0.71,60.7,arrival_nowcast,alk
2025-10-12,0.0,0.13,0.13,0.13,61.5,arrival_nowcast,alk
2025-10-13,0.0,0.02,0.13,0.13,62.5,arrival_nowcast,alk
2025-10-14,0.0,0.0,0.13,0.13,63.0,arrival_nowcast,alk
2025-10-15,0.0,0.0,0.13,0.13,62.0,arrival_nowcast,alk
2025-10-16,0.0,0.0,0.13,0.13,61.0,arrival_nowcast,alk
2025-10-17,0.0,0.0,0.02,0.13,60.4,arrival_nowcast,alk
2025-10-18,0.0,0.0,0.0,0.13,57.5,arrival_nowcast,alk
2025-10-19,0.0,0.0,0.0,0.13,58.0,arrival_nowcast,alk
2025-10-20,0.0,0.0,0.0,0.13,61.0,arrival_nowcast,alk
2025-10-21,0.0,0.0,0.0,0.13,58.5,arrival_nowcast,alk
2025-10-22,0.0,0.0,0.0,0.13,59.0,arrival_nowcast,alk
2025-10-23,0.0,0.0,0.0,0.13,55.0,arrival_nowcast,alk
2025-10-24,0.0,0.0,0.0,0.02,60.7,arrival_nowcast,alk
2025-10-25,0.0,0.0,0.0,0.0,60.9,arrival_nowcast,alk
2025-10-26,0.0,0.0,0.0,0.0,60.0,arrival_nowcast,alk
2025-10-27,0.0,0.0,0.0,0.0,61.5,arrival_nowcast,alk
2025-10-28,0.0,0.0,0.0,0.0,60.0,arrival_nowcast,alk
2025-10-29,0.0,0.0,0.0,0.0,60.0,arrival_nowcast,alk
2025-10-30,0.0,0.0,0.0,0.0,58.5,arrival_nowcast,alk
2025-10-31,0.0,0.0,0.0,0.0,55.0,arrival_nowcast,alk
2025-11-01,0.13,0.13,0.13,0.13,54.5,arrival_nowcast,alk
2025-11-02,0.0,0.13,0.13,0.13,55.0,arrival_nowcast,alk
2025-11-03,0.0,0.13,0.13,0.13,56.0,arrival_nowcast,alk
2025-11-04,0.0,0.0,0.13,0.13,62.0,arrival_nowcast,alk
2025-11-05,0.0,0.0,0.13,0.13,59.4,arrival_nowcast,alk
2025-11-06,0.0,0.0,0.13,0.13,51.0,arrival_nowcast,alk
2025-11-07,0.0,0.0,0.13,0.13,57.5,arrival_nowcast,alk
2025-11-08,0.0,0.0,0.0,0.13,61.0,arrival_nowcast,alk
2025-11-09,0.0,0.0,0.0,0.13,59.5,arrival_nowcast,alk
2025-11-10,0.0,0.0,0.0,0.13,60.5,arrival_nowcast,alk
2025-11-11,0.0,0.0,0.0,0.13,59.0,arrival_nowcast,alk
2025-11-12,0.0,0.0,0.0,0.13,58.0,arrival_nowcast,alk
2025-11-13,0.0,0.0,0.0,0.13,60.5,arrival_nowcast,alk
2025-11-14,0.0,0.0,0.0,0.13,58.5,arrival_nowcast,alk
2025-11-15,0.0,0.0,0.0,0.0,59.5,arrival_nowcast,alk
2025-11-16,0.0,0.0,0.0,0.0,58.0,arrival_nowcast,alk
2025-11-17,0.0,0.0,0.0,0.0,60.5,arrival_nowcast,alk
2025-11-18,0.0,0.0,0.0,0.0,58.5,arrival_nowcast,alk
2025-11-19,0.0,0.0,0.0,0.0,64.0,arrival_nowcast,alk
2025-11-20,0.0,0.0,0.0,0.0,64.9,arrival_nowcast,alk
2025-11-21,0.02,0.02,0.02,0.02,64.5,arrival_nowcast,alk
2025-11-22,0.0,0.02,0.02,0.02,65.5,arrival_nowcast,alk
2025-11-23,0.0,0.02,0.02,0.02,65.0,arrival_nowcast,alk
2025-11-24,0.0,0.0,0.02,0.02,65.0,arrival_nowcast,alk
2025-12-10,0.0,0.44,0.6799999999999999,0.6799999999999999,67.5,arrival_nowcast,alk
2025-12-11,0.0,0.0,0.6799999999999999,0.6799999999999999,69.5,arrival_nowcast,alk
2025-12-12,0.0,0.0,0.6799999999999999,0.6799999999999999,68.0,arrival_nowcast,alk
2025-12-13,0.0,0.0,0.6799999999999999,0.6799999999999999,67.0,arrival_nowcast,alk
2025-12-14,0.0,0.0,0.44,0.6799999999999999,71.0,arrival_nowcast,alk
2025-12-15,0.0,0.0,0.0,0.6799999999999999,68.5,arrival_nowcast,alk
2025-12-16,0.0,0.0,0.0,0.6799999999999999,69.0,arrival_nowcast,alk
2025-12-17,0.0,0.0,0.0,0.6799999999999999,70.5,arrival_nowcast,alk
2025-12-18,0.0,0.0,0.0,0.6799999999999999,68.0,arrival_nowcast,alk
2026-04-01,0.0,0.0,0.0,0.43000000000000005,60.5,arrival_nowcast,alk
2026-04-02,0.0,0.0,0.0,0.09,60.6,arrival_nowcast,alk
2026-04-03,0.0,0.0,0.0,0.0,61.0,arrival_nowcast,alk
2026-04-04,0.0,0.0,0.0,0.0,61.0,arrival_nowcast,alk
2026-04-05,0.0,0.0,0.0,0.0,62.0,arrival_nowcast,alk
2026-04-06,0.02,0.02,0.02,0.02,61.0,arrival_nowcast,alk
2026-04-07,0.0,0.02,0.02,0.02,63.5,arrival_nowcast,alk
2026-04-08,0.0,0.02,0.02,0.02,62.0,arrival_nowcast,alk
2026-04-09,0.0,0.0,0.02,0.02,63.0,arrival_nowcast,alk
2026-04-10,0.0,0.0,0.02,0.02,63.6,arrival_nowcast,alk
2026-04-11,0.0,0.0,0.02,0.02,67.1,arrival_nowcast,alk
2026-04-12,0.0,0.0,0.02,0.02,66.4,arrival_nowcast,alk
2026-04-13,0.0,0.0,0.0,0.02,67.0,arrival_nowcast,alk
2026-04-14,0.0,0.0,0.0,0.02,68.5,arrival_nowcast,alk
2026-04-15,0.0,0.0,0.0,0.02,73.2,arrival_nowcast,alk
2026-04-16,0.0,0.0,0.0,0.02,71.4,arrival_nowcast,alk
2026-04-17,0.0,0.0,0.0,0.02,71.1,arrival_nowcast,alk
2026-04-18,0.0,0.0,0.0,0.02,70.0,arrival_nowcast,alk
2026-04-19,0.0,0.0,0.0,0.02,69.0,arrival_nowcast,alk
2026-04-20,0.0,0.0,0.0,0.0,69.7,arrival_nowcast,alk
2026-04-21,0.0,0.0,0.0,0.0,69.6,arrival_nowcast,alk
2026-04-22,0.36,0.36,0.36,0.36,69.5,arrival_nowcast,alk
2026-04-23,0.0,0.36,0.36,0.36,70.5,arrival_nowcast,alk
2026-04-24,0.0,0.36,0.36,0.36,70.4,arrival_nowcast,alk
2026-04-25,0.0,0.0,0.36,0.36,71.9,arrival_nowcast,alk
2026-04-26,0.0,0.0,0.36,0.36,70.4,arrival_nowcast,alk
2026-04-27,0.0,0.0,0.36,0.36,70.9,arrival_nowcast,alk
2026-04-28,0.0,0.0,0.36,0.36,67.0,arrival_nowcast,alk
2026-04-29,0.0,0.0,0.0,0.36,67.0,arrival_nowcast,alk
2026-04-30,0.0,0.0,0.0,0.36,67.8,arrival_nowcast,alk
2026-05-01,0.23,0.23,0.23,0.59,67.2,arrival_nowcast,alk
2026-05-02,0.07,0.30000000000000004,0.30000000000000004,0.66,70.0,arrival_nowcast,alk
2026-05-03,0.02,0.32,0.32,0.68,70.0,arrival_nowcast,alk
2026-05-04,0.15,0.24,0.47,0.83,65.5,arrival_nowcast,alk
2026-05-05,0.12,0.29,0.59,0.95,68.75,arrival_nowcast,alk
2026-05-06,0.0,0.26999999999999996,0.59,0.59,69.0,arrival_nowcast,alk
2026-05-07,0.0,0.12,0.59,0.59,68.3,arrival_nowcast,alk
2026-05-08,0.0,0.0,0.36,0.59,68.5,arrival_nowcast,alk
2026-05-09,0.19,0.19,0.48,0.78,68.5,arrival_nowcast,alk
2026-05-10,0.84,1.03,1.3,1.62,67.5,arrival_nowcast,alk
2026-05-11,0.16,1.19,1.31,1.78,66.5,arrival_nowcast,alk
2026-05-12,0.0,1.0,1.19,1.78,66.0,arrival_nowcast,alk
2026-05-13,0.0,0.1599999999999999,1.19,1.78,63.0,arrival_nowcast,alk
2026-05-14,0.02,0.01999999999999989,1.21,1.8,66.0,arrival_nowcast,alk
2026-05-15,0.0,0.01999999999999989,1.21,1.57,63.0,arrival_nowcast,alk
2026-05-16,0.0,0.01999999999999989,1.02,1.5,61.0,arrival_nowcast,alk
2026-05-17,0.0,0.0,0.18,1.48,61.5,arrival_nowcast,alk
2026-05-18,0.0,0.0,0.02,1.33,66.2,arrival_nowcast,alk
2026-05-19,0.0,0.0,0.02,1.21,67.8,arrival_nowcast,alk
2026-05-20,0.0,0.0,0.02,1.21,65.8,arrival_nowcast,alk
2026-05-21,0.0,0.0,0.0,1.21,64.4,arrival_nowcast,alk
2026-05-22,0.09,0.08999999999999989,0.09,1.2999999999999998,67.5,arrival_nowcast,alk
2026-05-23,0.54,0.6299999999999999,0.63,1.65,64.2,arrival_nowcast,alk
2026-05-24,0.21,0.8399999999999999,0.84,1.02,65.2,arrival_nowcast,alk
2026-05-25,0.39,1.14,1.23,1.25,65.4,arrival_nowcast,alk
2026-05-26,0.0,0.5999999999999999,1.23,1.25,62.5,arrival_nowcast,alk
2026-05-27,0.07,0.4599999999999999,1.3,1.32,62.0,arrival_nowcast,alk
2026-05-28,0.0,0.0699999999999999,1.3,1.3,62.0,arrival_nowcast,alk
2026-05-29,0.0,0.0699999999999999,1.21,1.3,59.5,arrival_nowcast,alk
2026-05-30,0.05,0.04999999999999989,0.72,1.35,59.9,arrival_nowcast,alk
2026-05-31,0.02,0.0699999999999999,0.53,1.3699999999999999,59.1,arrival_nowcast,alk
2026-06-01,0.0,0.0699999999999999,0.14,1.3699999999999999,57.8,arrival_nowcast,alk
2026-06-02,0.06,0.07999999999999989,0.2,1.43,60.25,arrival_nowcast,alk
2026-06-03,0.0,0.05999999999999989,0.13,1.43,59.5,arrival_nowcast,alk
2026-06-04,0.0,0.05999999999999989,0.13,1.43,59.8,arrival_nowcast,alk
2026-06-05,0.0,0.0,0.13,1.34,59.4,arrival_nowcast,alk
2026-06-06,0.04,0.03999999999999989,0.12,0.84,63.0,arrival_nowcast,alk
2026-06-07,0.0,0.03999999999999989,0.1,0.63,63.5,arrival_nowcast,alk
2026-06-08,0.0,0.03999999999999989,0.1,0.24000000000000002,61.4,arrival_nowcast,alk
2026-06-09,0.0,0.0,0.04,0.24000000000000002,61.6,arrival_nowcast,alk
2026-06-10,0.0,0.0,0.04,0.17,62.0,arrival_nowcast,alk
2026-06-11,0.0,0.0,0.04,0.17,63.0,arrival_nowcast,alk
2026-06-12,0.0,0.0,0.04,0.17,62.5,arrival_nowcast,alk
2026-06-13,0.0,0.0,0.0,0.12,62.5,arrival_nowcast,alk
2026-06-14,0.0,0.0,0.0,0.1,63.6,arrival_nowcast,alk
2026-06-15,0.0,0.0,0.0,0.1,64.0,arrival_nowcast,alk
2026-06-16,0.0,0.0,0.0,0.04,67.0,arrival_nowcast,alk
2026-06-17,0.0,0.0,0.0,0.04,66.1,arrival_nowcast,alk
2026-06-18,0.0,0.0,0.0,0.04,65.5,arrival_nowcast,alk
2026-06-19,0.04,0.03999999999999989,0.04,0.08,67.5,arrival_nowcast,alk
2026-06-20,0.0,0.03999999999999989,0.04,0.04,63.5,arrival_nowcast,alk
2026-06-21,0.0,0.03999999999999989,0.04,0.04,66.0,arrival_nowcast,alk
2026-06-22,0.0,0.0,0.04,0.04,68.8,arrival_nowcast,alk
2026-06-23,0.0,0.0,0.04,0.04,68.8,arrival_nowcast,alk
2026-06-24,0.0,0.0,0.04,0.04,69.0,arrival_nowcast,alk
2026-06-25,0.0,0.0,0.04,0.04,75.5,arrival_nowcast,alk
2026-06-26,0.0,0.0,0.0,0.04,70.5,arrival_nowcast,alk
2026-06-27,0.0,0.0,0.0,0.04,68.2,arrival_nowcast,alk
2026-06-28,0.0,0.0,0.0,0.04,67.4,arrival_nowcast,alk
2026-06-29,0.35,0.34999999999999987,0.35,0.38999999999999996,57.5,arrival_nowcast,alk
2026-06-30,0.0,0.34999999999999987,0.35,0.38999999999999996,52.5,arrival_nowcast,alk
2026-07-01,0.09,0.43999999999999984,0.43999999999999995,0.48,56.0,arrival_nowcast,alk
2026-07-02,0.0,0.08999999999999989,0.43999999999999995,0.48,55.8,arrival_nowcast,alk
2026-07-03,0.0,0.08999999999999989,0.43999999999999995,0.43999999999999995,57.3,arrival_nowcast,alk
2026-07-04,0.0,0.0,0.43999999999999995,0.43999999999999995,59.5,arrival_nowcast,alk
2026-07-05,0.0,0.0,0.43999999999999995,0.43999999999999995,64.0,arrival_nowcast,alk
2026-07-06,0.0,0.0,0.09,0.43999999999999995,63.0,arrival_nowcast,alk
2026-07-07,0.0,0.0,0.09,0.43999999999999995,69.25,arrival_nowcast,alk
2026-07-08,0.0,0.0,0.0,0.43999999999999995,66.0,arrival_nowcast,alk
2026-07-09,0.0,0.0,0.0,0.43999999999999995,69.0,arrival_nowcast,alk
2026-07-10,0.0,0.0,0.0,0.43999999999999995,67.0,arrival_nowcast,alk
2026-07-11,0.0,0.0,0.0,0.43999999999999995,67.6,arrival_nowcast,alk
2026-07-12,0.08,0.07999999999999989,0.08,0.52,67.2,arrival_nowcast,alk
2026-07-13,0.06,0.1399999999999999,0.14,0.22999999999999998,64.5,arrival_nowcast,alk
2026-07-14,0.0,0.1399999999999999,0.14,0.22999999999999998,61.5,arrival_nowcast,alk
2026-07-15,0.0,0.05999999999999989,0.14,0.14,66.5,arrival_nowcast,alk
2026-07-16,0.0,0.0,0.14,0.14,64.0,arrival_nowcast,alk
2026-07-17,0.0,0.0,0.14,0.14,60.5,arrival_nowcast,alk
2026-07-18,0.0,0.0,0.14,0.14,63.0,arrival_nowcast,alk
2026-07-19,0.0,0.0,0.06,0.14,62.0,arrival_nowcast,alk
2026-07-20,0.0,0.0,0.0,0.14,63.3,arrival_nowcast,alk
2026-07-21,0.08,0.07999999999999989,0.08,0.22,60.6,arrival_nowcast,alk
2026-07-22,0.0,0.07999999999999989,0.08,0.22,61.3,arrival_nowcast,alk
2026-07-23,0.0,0.07999999999999989,0.08,0.22,60.6,arrival_nowcast,alk
2026-07-24,0.0,0.0,0.08,0.22,58.6,arrival_nowcast,alk
2026-07-25,0.0,0.0,0.08,0.22,59.0,arrival_nowcast,alk
2026-07-26,0.0,0.0,0.08,0.14,58.9,arrival_nowcast,alk
2026-07-27,0.48,0.47999999999999987,0.5599999999999999,0.5599999999999999,57.2,arrival_nowcast,alk
2026-07-28,0.63,1.1099999999999999,1.11,1.19,58.5,arrival_nowcast,alk
2026-07-29,0.15,1.2599999999999998,1.26,1.34,59.1,arrival_nowcast,alk
2026-07-30,0.0,0.7799999999999999,1.26,1.34,56.3,arrival_nowcast,alk
2026-07-31,0.0,0.14999999999999988,1.26,1.34,57.6,arrival_nowcast,alk
2026-08-01,0.04,0.03999999999999989,1.3,1.3800000000000001,59.8,arrival_nowcast,alk
2026-08-02,0.0,0.03999999999999989,1.3,1.3800000000000001,61.5,arrival_nowcast,alk
2026-08-03,0.08,0.11999999999999988,0.9000000000000001,1.46,58.5,arrival_nowcast,alk
2026-08-04,0.0,0.07999999999999989,0.27000000000000013,1.38,62.25,arrival_nowcast,alk
2026-08-05,0.04,0.11999999999999991,0.16000000000000011,1.42,57.0,arrival_nowcast,alk
2026-08-06,0.0,0.03999999999999989,0.16000000000000011,1.42,58.5,arrival_nowcast,alk
2026-08-07,0.0,0.03999999999999989,0.16000000000000011,1.42,61.5,arrival_nowcast,alk
2026-08-08,0.0,0.0,0.1200000000000001,1.42,60.5,arrival_nowcast,alk
2026-08-09,0.04,0.03999999999999989,0.1600000000000001,1.46,60.5,arrival_nowcast,alk
2026-08-10,0.0,0.03999999999999989,0.08000000000000011,0.98,58.0,arrival_nowcast,alk
2026-08-11,0.0,0.03999999999999989,0.08000000000000011,0.3500000000000001,62.0,arrival_nowcast,alk
2026-08-12,0.0,0.0,0.04000000000000011,0.20000000000000012,60.5,arrival_nowcast,alk
2026-08-13,0.0,0.0,0.04000000000000011,0.20000000000000012,59.0,arrival_nowcast,alk
2026-08-14,0.0,0.0,0.04000000000000011,0.20000000000000012,58.0,arrival_nowcast,alk
2026-08-15,0.0,0.0,0.04000000000000011,0.1600000000000001,58.5,arrival_nowcast,alk
2026-08-16,0.0,0.0,0.0,0.1600000000000001,57.0,arrival_nowcast,alk
2026-08-17,0.35,0.34999999999999987,0.3500000000000001,0.43000000000000005,59.5,arrival_nowcast,alk
2026-08-18,0.56,0.9099999999999999,0.9100000000000001,0.9900000000000001,59.0,arrival_nowcast,alk
2026-08-19,0.46,1.3699999999999999,1.37,1.4100000000000001,56.8,arrival_nowcast,alk
2022-04-18,0.0,0.0,0.05,0.05,2.84,forecast_24h,toc
2022-04-19,0.0,0.0,0.05,0.05,2.83,forecast_24h,toc
2022-04-20,0.0,0.0,0.05,0.05,2.88,forecast_24h,toc
2022-04-21,0.0,0.0,0.0,0.05,2.95,forecast_24h,toc
2022-04-22,0.0,0.0,0.0,0.05,2.96,forecast_24h,toc
2022-04-23,0.0,0.0,0.0,0.05,2.94,forecast_24h,toc
2022-04-24,0.0,0.0,0.0,0.05,3.03,forecast_24h,toc
2022-04-25,0.0,0.0,0.0,0.05,2.96,forecast_24h,toc
2022-04-26,0.0,0.0,0.0,0.05,2.92,forecast_24h,toc
2022-04-27,0.0,0.0,0.0,0.05,3.02,forecast_24h,toc
2022-04-28,0.0,0.0,0.0,0.0,2.78,forecast_24h,toc
2022-04-29,0.1,0.1,0.1,0.1,2.78,forecast_24h,toc
2022-04-30,0.0,0.1,0.1,0.1,2.6,forecast_24h,toc
2022-05-01,0.0,0.1,0.1,0.1,2.53,forecast_24h,toc
2022-05-02,0.0,0.0,0.1,0.1,2.5,forecast_24h,toc
2022-05-03,0.0,0.0,0.1,0.1,2.49,forecast_24h,toc
2022-05-04,0.0,0.0,0.1,0.1,2.42,forecast_24h,toc
2022-05-05,0.0,0.0,0.1,0.1,2.44,forecast_24h,toc
2022-05-06,0.24,0.24,0.24,0.33999999999999997,2.36,forecast_24h,toc
2022-05-07,0.04,0.27999999999999997,0.27999999999999997,0.38,2.1,forecast_24h,toc
2022-05-08,0.11,0.39,0.39,0.49,2.44,forecast_24h,toc
2022-05-09,0.16,0.31,0.55,0.65,2.57,forecast_24h,toc
2022-05-10,0.0,0.27,0.55,0.65,2.59,forecast_24h,toc
2022-05-11,0.0,0.16,0.55,0.65,2.6,forecast_24h,toc
2022-05-12,0.0,0.0,0.55,0.65,2.69,forecast_24h,toc
2022-05-13,0.0,0.0,0.31,0.55,2.68,forecast_24h,toc
2022-05-14,0.0,0.0,0.27,0.55,2.69,forecast_24h,toc
2022-05-15,0.0,0.0,0.16,0.55,2.65,forecast_24h,toc
2022-05-16,0.0,0.0,0.0,0.55,2.6,forecast_24h,toc
2022-05-17,0.0,0.0,0.0,0.55,2.53,forecast_24h,toc
2022-05-18,0.0,0.0,0.0,0.55,2.56,forecast_24h,toc
2022-05-19,0.0,0.0,0.0,0.55,2.52,forecast_24h,toc
2022-05-20,0.0,0.0,0.0,0.31000000000000005,2.32,forecast_24h,toc
2022-05-21,0.0,0.0,0.0,0.27,2.45,forecast_24h,toc
2022-05-22,0.0,0.0,0.0,0.16,2.42,forecast_24h,toc
2022-05-23,0.0,0.0,0.0,0.0,2.37,forecast_24h,toc
2022-05-24,0.03,0.03,0.03,0.03,2.31,forecast_24h,toc
2022-05-25,1.07,1.1,1.1,1.1,2.3,forecast_24h,toc
2022-05-26,0.04,1.1400000000000001,1.1400000000000001,1.1400000000000001,2.3,forecast_24h,toc
2022-05-27,0.0,1.11,1.1400000000000001,1.1400000000000001,2.3,forecast_24h,toc
2022-05-28,0.15,0.19,1.29,1.29,2.62,forecast_24h,toc
2022-05-29,0.04,0.19,1.33,1.33,2.94,forecast_24h,toc
2022-05-30,0.0,0.19,1.33,1.33,3.07,forecast_24h,toc
2022-05-31,0.0,0.04,1.3,1.33,3.08,forecast_24h,toc
2022-06-01,0.0,0.0,0.23,1.33,2.98,forecast_24h,toc
2022-06-02,0.0,0.0,0.19,1.33,2.97,forecast_24h,toc
2022-06-03,0.04,0.04,0.22999999999999998,1.37,2.94,forecast_24h,toc
2022-06-04,0.0,0.04,0.08,1.37,3.27,forecast_24h,toc
2022-06-05,0.63,0.67,0.67,2.0,3.36,forecast_24h,toc
2022-06-06,0.03,0.66,0.7000000000000001,2.0300000000000002,3.39,forecast_24h,toc
2022-06-07,0.0,0.66,0.7000000000000001,2.0000000000000004,3.33,forecast_24h,toc
2022-06-08,0.04,0.07,0.74,0.97,3.23,forecast_24h,toc
2022-06-09,0.0,0.04,0.74,0.9299999999999999,3.14,forecast_24h,toc
2022-06-10,0.0,0.04,0.7,0.9299999999999999,3.08,forecast_24h,toc
2022-06-11,0.11,0.11,0.81,0.8900000000000001,2.92,forecast_24h,toc
2022-06-12,0.0,0.11,0.18,0.8500000000000001,2.86,forecast_24h,toc
2022-06-13,0.0,0.11,0.15,0.8500000000000001,2.71,forecast_24h,toc
2022-06-14,0.0,0.0,0.15,0.8500000000000001,2.6,forecast_24h,toc
2022-06-15,0.0,0.0,0.10999999999999999,0.8500000000000001,2.52,forecast_24h,toc
2022-06-16,0.0,0.0,0.10999999999999999,0.8500000000000001,2.5,forecast_24h,toc
2022-06-17,0.0,0.0,0.10999999999999999,0.81,2.45,forecast_24h,toc
2022-06-18,0.0,0.0,0.0,0.81,2.36,forecast_24h,toc
2022-06-19,0.0,0.0,0.0,0.18,2.37,forecast_24h,toc
2022-06-20,0.0,0.0,0.0,0.15,2.25,forecast_24h,toc
2022-06-21,0.0,0.0,0.0,0.15,2.23,forecast_24h,toc
2022-06-22,0.0,0.0,0.0,0.10999999999999999,2.16,forecast_24h,toc
2022-06-23,0.0,0.0,0.0,0.10999999999999999,2.1,forecast_24h,toc
2022-06-24,0.0,0.0,0.0,0.10999999999999999,2.1,forecast_24h,toc
2022-06-25,0.0,0.0,0.0,0.0,2.04,forecast_24h,toc
2022-06-26,0.0,0.0,0.0,0.0,2.02,forecast_24h,toc
2022-06-27,0.0,0.0,0.0,0.0,2.03,forecast_24h,toc
2022-06-28,0.0,0.0,0.0,0.0,2.04,forecast_24h,toc
2022-06-29,0.02,0.02,0.02,0.02,2.08,forecast_24h,toc
2022-06-30,0.04,0.06,0.06,0.06,2.13,forecast_24h,toc
2022-07-01,0.0,0.060000000000000005,0.060000000000000005,0.060000000000000005,2.06,forecast_24h,toc
2022-07-02,0.0,0.04000000000000001,0.060000000000000005,0.060000000000000005,2.07,forecast_24h,toc
2022-07-03,0.0,0.0,0.060000000000000005,0.060000000000000005,2.09,forecast_24h,toc
2022-07-04,0.02,0.02,0.08,0.08,2.18,forecast_24h,toc
2022-07-05,0.3,0.32,0.38,0.38,2.08,forecast_24h,toc
2022-07-06,0.0,0.32,0.36,0.38,2.1,forecast_24h,toc
2022-07-07,0.63,0.9299999999999999,0.95,1.01,2.1,forecast_24h,toc
2022-07-08,0.03,0.66,0.9800000000000001,1.04,2.19,forecast_24h,toc
2022-07-09,0.04,0.7000000000000001,1.02,1.08,2.1,forecast_24h,toc
2022-07-10,0.12,0.19,1.1400000000000001,1.2,2.1,forecast_24h,toc
2022-07-11,0.16,0.32,1.28,1.36,2.0,forecast_24h,toc
2022-07-12,0.02,0.30000000000000004,1.0,1.3800000000000001,2.1,forecast_24h,toc
2022-07-13,0.0,0.18,1.0,1.36,2.0,forecast_24h,toc
2022-07-14,0.0,0.02,0.3700000000000001,1.32,2.0,forecast_24h,toc
2022-07-15,0.0,0.0,0.3400000000000001,1.32,2.0,forecast_24h,toc
2022-07-16,0.0,0.0,0.3000000000000001,1.32,2.1,forecast_24h,toc
2022-07-17,0.0,0.0,0.1800000000000001,1.32,2.1,forecast_24h,toc
2022-07-18,0.18,0.18,0.2000000000000001,1.48,2.15,forecast_24h,toc
2022-07-19,0.0,0.18,0.1800000000000001,1.1800000000000002,2.1,forecast_24h,toc
2022-07-20,0.06,0.24,0.2400000000000001,1.2400000000000002,2.0,forecast_24h,toc
2022-07-21,0.0,0.06,0.2400000000000001,0.61,2.0,forecast_24h,toc
2022-07-22,0.0,0.06,0.2400000000000001,0.58,2.03,forecast_24h,toc
2022-07-23,0.0,0.0,0.2400000000000001,0.54,2.05,forecast_24h,toc
2022-07-24,0.06,0.06,0.3000000000000001,0.48,2.01,forecast_24h,toc
2022-07-25,0.05,0.11,0.1700000000000001,0.36999999999999994,2.06,forecast_24h,toc
2022-07-26,0.0,0.11,0.1700000000000001,0.35,2.05,forecast_24h,toc
2022-07-27,0.0,0.05,0.11000000000000011,0.35,2.13,forecast_24h,toc
2022-07-28,0.04,0.04,0.1500000000000001,0.39,2.21,forecast_24h,toc
2022-07-29,0.18,0.22,0.33000000000000007,0.57,2.32,forecast_24h,toc
2022-07-30,0.0,0.22,0.33000000000000007,0.57,2.28,forecast_24h,toc
2022-07-31,0.27,0.45,0.54,0.84,2.22,forecast_24h,toc
2022-08-01,0.14,0.41000000000000003,0.6300000000000001,0.7999999999999999,2.2,forecast_24h,toc
2022-08-02,0.0,0.41000000000000003,0.6300000000000001,0.8,2.16,forecast_24h,toc
2022-08-03,0.0,0.14,0.6300000000000001,0.74,2.1,forecast_24h,toc
2022-08-04,0.0,0.0,0.5900000000000001,0.74,2.15,forecast_24h,toc
2022-08-05,0.0,0.0,0.41000000000000014,0.74,1.9,forecast_24h,toc
2022-08-06,0.0,0.0,0.41000000000000014,0.74,2.06,forecast_24h,toc
2022-08-07,0.0,0.0,0.14000000000000012,0.6799999999999999,2.19,forecast_24h,toc
2022-08-08,0.04,0.04,0.04000000000000011,0.67,2.24,forecast_24h,toc
2022-08-09,0.0,0.04,0.04000000000000011,0.67,2.41,forecast_24h,toc
2022-08-10,0.0,0.04,0.04000000000000011,0.67,2.56,forecast_24h,toc
2022-08-11,0.12,0.12,0.16000000000000011,0.75,2.59,forecast_24h,toc
2022-08-12,0.11,0.22999999999999998,0.27000000000000013,0.68,2.56,forecast_24h,toc
2022-08-13,0.0,0.22999999999999998,0.27000000000000013,0.68,2.59,forecast_24h,toc
2022-08-14,0.0,0.11,0.27000000000000013,0.41000000000000003,2.44,forecast_24h,toc
2022-08-15,0.0,0.0,0.2300000000000001,0.27,2.5,forecast_24h,toc
2022-08-16,0.0,0.0,0.2300000000000001,0.27,2.47,forecast_24h,toc
2022-08-17,0.0,0.0,0.2300000000000001,0.27,2.39,forecast_24h,toc
2022-08-18,0.04,0.04,0.1500000000000001,0.31,2.46,forecast_24h,toc
2022-08-19,0.04,0.08,0.08000000000000011,0.35,2.59,forecast_24h,toc
2022-08-20,0.86,0.94,0.9400000000000001,1.21,2.66,forecast_24h,toc
2022-08-21,0.43,1.3299999999999998,1.37,1.64,2.67,forecast_24h,toc
2022-08-22,0.0,1.2899999999999998,1.37,1.5999999999999999,2.72,forecast_24h,toc
2022-08-23,0.0,0.43,1.37,1.5999999999999999,2.69,forecast_24h,toc
2022-08-24,0.0,0.0,1.37,1.5999999999999999,2.68,forecast_24h,toc
2022-08-25,0.02,0.02,1.35,1.5,2.66,forecast_24h,toc
2022-08-26,0.16,0.18,1.47,1.5499999999999998,2.73,forecast_24h,toc
2022-08-27,0.13,0.31,0.7400000000000001,1.68,2.74,forecast_24h,toc
2022-08-28,0.0,0.29,0.3100000000000001,1.68,2.71,forecast_24h,toc
2022-08-29,0.0,0.13,0.3100000000000001,1.68,2.79,forecast_24h,toc
2022-08-30,0.0,0.0,0.3100000000000001,1.68,2.67,forecast_24h,toc
2022-08-31,0.0,0.0,0.3100000000000001,1.68,2.65,forecast_24h,toc
2022-09-01,0.0,0.0,0.2900000000000001,1.64,2.57,forecast_24h,toc
2022-09-02,0.09,0.09,0.2200000000000001,1.69,2.51,forecast_24h,toc
2022-09-03,0.0,0.09,0.09000000000000011,0.83,2.45,forecast_24h,toc
2022-09-04,0.0,0.09,0.09000000000000011,0.4,2.41,forecast_24h,toc
2022-09-05,0.0,0.0,0.09000000000000011,0.4,2.4,forecast_24h,toc
2022-09-06,0.0,0.0,0.09000000000000011,0.4,2.34,forecast_24h,toc
2022-09-07,0.0,0.0,0.09000000000000011,0.4,2.26,forecast_24h,toc
2022-09-08,0.0,0.0,0.09000000000000011,0.38,2.27,forecast_24h,toc
2022-09-09,0.0,0.0,0.0,0.22,2.33,forecast_24h,toc
2022-09-10,0.0,0.0,0.0,0.09,2.29,forecast_24h,toc
2022-09-11,0.0,0.0,0.0,0.09,2.27,forecast_24h,toc
2022-09-12,0.0,0.0,0.0,0.09,2.28,forecast_24h,toc
2022-09-13,0.0,0.0,0.0,0.09,2.26,forecast_24h,toc
2022-09-14,0.08,0.08,0.08000000000000011,0.16999999999999998,2.2,forecast_24h,toc
2022-09-15,0.04,0.12,0.1200000000000001,0.21,2.2,forecast_24h,toc
2022-09-16,0.0,0.12,0.1200000000000001,0.12,2.21,forecast_24h,toc
2022-09-17,0.0,0.04,0.1200000000000001,0.12,2.22,forecast_24h,toc
2022-09-18,0.0,0.0,0.1200000000000001,0.12,2.19,forecast_24h,toc
2022-09-19,0.14,0.14,0.2600000000000001,0.26,2.2,forecast_24h,toc
2022-09-20,0.0,0.14,0.2600000000000001,0.26,2.14,forecast_24h,toc
2022-09-21,0.0,0.14,0.1800000000000001,0.26,2.16,forecast_24h,toc
2022-09-22,0.0,0.0,0.14000000000000012,0.26,2.12,forecast_24h,toc
2022-09-23,0.0,0.0,0.14000000000000012,0.26,2.14,forecast_24h,toc
2022-09-24,0.0,0.0,0.14000000000000012,0.26,2.1,forecast_24h,toc
2022-09-25,0.0,0.0,0.14000000000000012,0.26,2.11,forecast_24h,toc
2022-09-26,0.2,0.2,0.20000000000000012,0.46,2.1,forecast_24h,toc
2022-09-27,0.01,0.21000000000000002,0.21000000000000013,0.47000000000000003,2.09,forecast_24h,toc
2022-09-28,0.0,0.21000000000000002,0.21000000000000013,0.39,2.07,forecast_24h,toc
2022-09-29,0.0,0.01,0.21000000000000013,0.35000000000000003,2.06,forecast_24h,toc
2022-09-30,0.0,0.0,0.21000000000000013,0.35000000000000003,2.09,forecast_24h,toc
2022-10-01,0.0,0.0,0.21000000000000013,0.35000000000000003,2.05,forecast_24h,toc
2022-10-02,0.0,0.0,0.21000000000000013,0.35000000000000003,2.19,forecast_24h,toc
2022-10-03,0.0,0.0,0.010000000000000111,0.21000000000000002,2.4,forecast_24h,toc
2022-10-04,0.11,0.11,0.11000000000000011,0.32,2.39,forecast_24h,toc
2022-10-05,0.37,0.48,0.4800000000000001,0.69,2.37,forecast_24h,toc
2022-10-06,0.02,0.5,0.5000000000000001,0.71,2.56,forecast_24h,toc
2022-10-07,0.0,0.39,0.5000000000000001,0.71,2.73,forecast_24h,toc
2022-10-08,0.02,0.04,0.5200000000000001,0.73,2.75,forecast_24h,toc
2022-10-09,0.12,0.13999999999999999,0.6400000000000001,0.85,2.64,forecast_24h,toc
2022-10-10,0.0,0.14,0.6400000000000001,0.6499999999999999,2.63,forecast_24h,toc
2022-10-11,0.0,0.12,0.5300000000000001,0.64,2.64,forecast_24h,toc
2022-10-12,0.0,0.0,0.16000000000000011,0.64,2.7,forecast_24h,toc
2022-10-13,0.0,0.0,0.14000000000000012,0.64,2.73,forecast_24h,toc
2022-10-14,0.0,0.0,0.14000000000000012,0.64,2.83,forecast_24h,toc
2022-10-15,0.0,0.0,0.1200000000000001,0.64,2.8,forecast_24h,toc
2022-10-16,0.0,0.0,0.0,0.64,2.82,forecast_24h,toc
2022-10-17,0.0,0.0,0.0,0.64,2.86,forecast_24h,toc
2022-10-18,0.0,0.0,0.0,0.53,2.87,forecast_24h,toc
2022-10-19,0.0,0.0,0.0,0.16,2.88,forecast_24h,toc
2022-10-20,0.0,0.0,0.0,0.14,2.74,forecast_24h,toc
2022-10-21,0.0,0.0,0.0,0.14,2.83,forecast_24h,toc
2022-10-22,0.0,0.0,0.0,0.12,2.85,forecast_24h,toc
2022-10-23,0.0,0.0,0.0,0.0,2.79,forecast_24h,toc
2022-10-24,0.0,0.0,0.0,0.0,2.81,forecast_24h,toc
2022-12-14,0.0,0.0,0.0,0.17,1.91,forecast_24h,toc
2022-12-15,0.0,0.0,0.0,0.17,1.87,forecast_24h,toc
2022-12-16,0.0,0.0,0.0,0.17,1.82,forecast_24h,toc
2022-12-17,0.0,0.0,0.0,0.01,1.86,forecast_24h,toc
2022-12-18,0.0,0.0,0.0,0.0,1.88,forecast_24h,toc
2022-12-19,0.0,0.0,0.0,0.0,2.05,forecast_24h,toc
2022-12-20,0.0,0.0,0.0,0.0,1.88,forecast_24h,toc
2022-12-21,0.0,0.0,0.0,0.0,1.94,forecast_24h,toc
2022-12-22,0.0,0.0,0.0,0.0,1.94,forecast_24h,toc
2022-12-23,0.0,0.0,0.0,0.0,2.0,forecast_24h,toc
2022-12-24,0.0,0.0,0.0,0.0,2.02,forecast_24h,toc
2022-12-25,0.0,0.0,0.0,0.0,2.01,forecast_24h,toc
2022-12-26,0.19,0.19,0.1900000000000001,0.19,2.04,forecast_24h,toc
2022-12-27,0.0,0.19,0.1900000000000001,0.19,2.16,forecast_24h,toc
2022-12-28,0.0,0.19,0.1900000000000001,0.19,2.11,forecast_24h,toc
2022-12-29,0.0,0.0,0.1900000000000001,0.19,2.07,forecast_24h,toc
2022-12-30,0.0,0.0,0.1900000000000001,0.19,2.04,forecast_24h,toc
2023-03-31,0.08,0.08,0.08,0.66,2.3,forecast_24h,toc
2023-04-01,0.0,0.08,0.08,0.66,2.3,forecast_24h,toc
2023-04-02,0.0,0.08,0.08,0.66,2.3,forecast_24h,toc
2023-04-03,0.0,0.0,0.08,0.13,2.3,forecast_24h,toc
2023-04-04,0.0,0.0,0.08,0.08,2.2,forecast_24h,toc
2023-04-05,0.0,0.0,0.08,0.08,2.2,forecast_24h,toc
2023-04-06,0.0,0.0,0.08,0.08,2.2,forecast_24h,toc
2023-04-07,0.0,0.0,0.0,0.08,2.3,forecast_24h,toc
2023-04-08,0.02,0.02,0.02,0.1,2.2,forecast_24h,toc
2023-04-09,0.14,0.16,0.16,0.24000000000000002,2.2,forecast_24h,toc
2023-04-10,0.0,0.16,0.16,0.24000000000000002,2.2,forecast_24h,toc
2023-04-11,0.0,0.14,0.16,0.24000000000000002,2.2,forecast_24h,toc
2023-04-12,0.0,0.0,0.16,0.24000000000000002,2.2,forecast_24h,toc
2023-04-13,0.0,0.0,0.16,0.24000000000000002,2.2,forecast_24h,toc
2023-04-14,0.0,0.0,0.16,0.16000000000000003,2.3,forecast_24h,toc
2023-04-15,0.0,0.0,0.14,0.16000000000000003,2.3,forecast_24h,toc
2023-04-16,0.0,0.0,0.0,0.16000000000000003,2.3,forecast_24h,toc
2023-04-17,0.0,0.0,0.0,0.16000000000000003,2.2,forecast_24h,toc
2023-04-18,0.0,0.0,0.0,0.16000000000000003,2.3,forecast_24h,toc
2023-04-19,0.28,0.28,0.28,0.44000000000000006,2.3,forecast_24h,toc
2023-04-20,0.0,0.28,0.28,0.44000000000000006,2.2,forecast_24h,toc
2023-04-21,0.0,0.28,0.28,0.44000000000000006,2.0,forecast_24h,toc
2023-04-22,0.0,0.0,0.28,0.42000000000000004,2.2,forecast_24h,toc
2023-04-23,0.0,0.0,0.28,0.28,2.2,forecast_24h,toc
2023-04-24,0.0,0.0,0.28,0.28,2.1,forecast_24h,toc
2023-04-25,0.0,0.0,0.28,0.28,2.1,forecast_24h,toc
2023-04-26,0.31,0.31,0.31,0.5900000000000001,2.0,forecast_24h,toc
2023-04-27,0.02,0.33,0.33,0.61,2.0,forecast_24h,toc
2023-04-28,0.0,0.33,0.33,0.61,2.0,forecast_24h,toc
2023-04-29,0.0,0.02,0.33,0.61,2.0,forecast_24h,toc
2023-04-30,1.14,1.14,1.47,1.75,2.0,forecast_24h,toc
2023-05-01,0.04,1.18,1.51,1.7899999999999998,2.0,forecast_24h,toc
2023-05-02,0.8,1.98,2.31,2.59,2.0,forecast_24h,toc
2023-05-03,0.0,0.8400000000000001,2.0,2.3099999999999996,2.2,forecast_24h,toc
2023-05-04,0.0,0.8,1.98,2.3099999999999996,2.2,forecast_24h,toc
2023-05-05,0.0,0.0,1.98,2.3099999999999996,2.4,forecast_24h,toc
2023-05-06,0.0,0.0,1.98,2.3099999999999996,2.5,forecast_24h,toc
2023-05-07,0.0,0.0,0.8400000000000001,2.3099999999999996,2.6,forecast_24h,toc
2023-05-08,0.0,0.0,0.8,2.3099999999999996,2.6,forecast_24h,toc
2023-05-09,0.0,0.0,0.0,2.3099999999999996,2.5,forecast_24h,toc
2023-05-10,0.0,0.0,0.0,1.9999999999999998,2.5,forecast_24h,toc
2023-05-11,0.0,0.0,0.0,1.9799999999999998,2.5,forecast_24h,toc
2023-05-12,0.0,0.0,0.0,1.9799999999999998,2.6,forecast_24h,toc
2023-05-13,0.0,0.0,0.0,1.9799999999999998,3.2,forecast_24h,toc
2023-05-14,0.0,0.0,0.0,0.8399999999999999,6.5,forecast_24h,toc
2023-05-15,1.88,1.88,1.88,2.6799999999999997,6.2,forecast_24h,toc
2023-05-16,3.2,5.08,5.08,5.08,6.9,forecast_24h,toc
2023-05-17,0.0,5.08,5.08,5.08,7.2,forecast_24h,toc
2023-05-18,0.27,3.47,5.35,5.35,7.3,forecast_24h,toc
2023-05-19,0.45,0.72,5.8,5.8,7.3,forecast_24h,toc
2023-05-20,0.04,0.76,5.84,5.84,7.1,forecast_24h,toc
2023-05-21,0.0,0.49,5.84,5.84,7.1,forecast_24h,toc
2023-05-22,0.05,0.09,4.01,5.89,7.0,forecast_24h,toc
2023-05-23,0.88,0.93,1.69,6.7700000000000005,6.9,forecast_24h,toc
2023-05-24,0.04,0.9700000000000001,1.73,6.8100000000000005,6.8,forecast_24h,toc
2023-05-25,0.0,0.92,1.46,6.8100000000000005,6.6,forecast_24h,toc
2023-05-26,0.0,0.04,1.01,6.8100000000000005,6.5,forecast_24h,toc
2023-05-27,0.0,0.0,0.9700000000000001,6.8100000000000005,6.2,forecast_24h,toc
2023-05-28,0.0,0.0,0.9700000000000001,6.8100000000000005,5.8,forecast_24h,toc
2023-05-29,0.0,0.0,0.92,4.930000000000001,5.6,forecast_24h,toc
2023-05-30,0.0,0.0,0.04,1.73,5.2,forecast_24h,toc
2023-05-31,0.3,0.3,0.3,2.0300000000000002,5.1,forecast_24h,toc
2023-06-01,0.01,0.31,0.31,1.77,4.5,forecast_24h,toc
2023-06-02,0.0,0.31,0.31,1.32,4.4,forecast_24h,toc
2023-06-03,0.0,0.01,0.31,1.28,4.1,forecast_24h,toc
2023-06-04,0.03,0.03,0.33999999999999997,1.31,4.1,forecast_24h,toc
2023-06-05,0.24,0.27,0.58,1.5,3.95,forecast_24h,toc
2023-06-06,0.21,0.48,0.79,0.83,4.0,forecast_24h,toc
2023-06-07,0.1,0.5499999999999999,0.59,0.8899999999999999,4.0,forecast_24h,toc
2023-06-08,0.33,0.64,0.91,1.22,4.0,forecast_24h,toc
2023-06-09,0.64,1.07,1.55,1.8599999999999999,4.0,forecast_24h,toc
2023-06-10,0.14,1.11,1.69,2.0,4.0,forecast_24h,toc
2023-06-11,0.07,0.8500000000000001,1.73,2.07,4.0,forecast_24h,toc
2023-06-12,0.03,0.24000000000000002,1.52,2.1,4.0,forecast_24h,toc
2023-06-13,0.07,0.17,1.3800000000000001,2.17,3.8,forecast_24h,toc
2023-06-14,0.0,0.1,1.28,1.87,4.0,forecast_24h,toc
2023-06-15,0.0,0.07,0.9500000000000001,1.86,3.9,forecast_24h,toc
2023-06-16,0.08,0.08,0.39,1.9400000000000002,3.9,forecast_24h,toc
2023-06-17,0.45,0.53,0.7,2.39,4.0,forecast_24h,toc
2023-06-18,0.02,0.55,0.6499999999999999,2.38,4.1,forecast_24h,toc
2023-06-19,0.08,0.55,0.7000000000000001,2.22,4.3,forecast_24h,toc
2023-06-20,0.33,0.43,0.96,2.3400000000000003,4.4,forecast_24h,toc
2023-06-21,0.28,0.69,1.24,2.52,4.4,forecast_24h,toc
2023-06-22,0.02,0.63,1.26,2.21,4.2,forecast_24h,toc
2023-06-23,0.0,0.3,1.18,1.5699999999999998,4.4,forecast_24h,toc
2023-06-24,0.0,0.019999999999999945,0.73,1.43,4.3,forecast_24h,toc
2023-06-25,0.0,0.0,0.7100000000000001,1.3599999999999999,4.5,forecast_24h,toc
2023-06-26,0.86,0.8599999999999999,1.49,2.19,4.4,forecast_24h,toc
2023-06-27,0.12,0.98,1.2800000000000002,2.24,4.2,forecast_24h,toc
2023-06-28,0.0,0.98,0.9999999999999999,2.24,4.0,forecast_24h,toc
2023-06-29,0.0,0.12,0.98,2.24,3.8,forecast_24h,toc
2023-06-30,0.0,0.0,0.98,2.16,3.8,forecast_24h,toc
2023-07-01,0.0,0.0,0.98,1.71,3.7,forecast_24h,toc
2023-07-02,0.0,0.0,0.98,1.69,3.6,forecast_24h,toc
2023-07-03,0.0,0.0,0.12,1.6099999999999999,3.6,forecast_24h,toc
2023-07-04,0.12,0.12,0.12,1.4,3.5,forecast_24h,toc
2023-07-05,0.03,0.15,0.15,1.1500000000000001,3.5,forecast_24h,toc
2023-07-06,0.0,0.15,0.15,1.1300000000000001,3.4,forecast_24h,toc
2023-07-07,0.0,0.03,0.15,1.1300000000000001,3.4,forecast_24h,toc
2023-07-08,0.08,0.08,0.22999999999999998,1.2100000000000002,3.4,forecast_24h,toc
2023-07-09,0.16,0.24,0.39,1.37,3.4,forecast_24h,toc
2023-07-10,0.04,0.28,0.43,0.55,3.35,forecast_24h,toc
2023-07-11,0.18,0.38,0.49,0.61,3.3,forecast_24h,toc
2023-07-12,0.12,0.34,0.58,0.73,3.3,forecast_24h,toc
2023-07-13,0.0,0.30000000000000004,0.58,0.73,3.2,forecast_24h,toc
2023-07-14,0.0,0.12000000000000002,0.58,0.73,3.2,forecast_24h,toc
2023-07-15,0.0,0.0,0.5,0.73,3.1,forecast_24h,toc
2023-07-16,0.0,0.0,0.33999999999999997,0.73,3.1,forecast_24h,toc
2023-07-17,0.0,0.0,0.30000000000000004,0.73,3.0,forecast_24h,toc
2023-07-18,0.0,0.0,0.12,0.61,2.9,forecast_24h,toc
2023-07-19,0.0,0.0,0.0,0.58,2.8,forecast_24h,toc
2023-07-20,0.0,0.0,0.0,0.58,2.7,forecast_24h,toc
2023-07-21,0.0,0.0,0.0,0.58,2.6,forecast_24h,toc
2023-07-22,0.0,0.0,0.0,0.5,2.6,forecast_24h,toc
2023-07-23,0.0,0.0,0.0,0.33999999999999997,2.5,forecast_24h,toc
2023-07-24,0.32,0.32000000000000006,0.32,0.6200000000000001,2.5,forecast_24h,toc
2023-07-25,0.12,0.44,0.44,0.56,2.4,forecast_24h,toc
2023-07-26,0.0,0.44,0.44,0.44,2.4,forecast_24h,toc
2023-07-27,0.0,0.12,0.44,0.44000000000000006,2.4,forecast_24h,toc
2023-07-28,0.0,0.0,0.44,0.44000000000000006,2.4,forecast_24h,toc
2023-07-29,0.0,0.0,0.44,0.44000000000000006,2.4,forecast_24h,toc
2023-07-30,0.0,0.0,0.44,0.44000000000000006,2.4,forecast_24h,toc
2023-07-31,0.24,0.24,0.36,0.68,2.3,forecast_24h,toc
2023-08-01,0.0,0.24,0.24,0.68,2.3,forecast_24h,toc
2023-08-02,0.0,0.24,0.24,0.68,2.7,forecast_24h,toc
2023-08-03,0.04,0.04,0.27999999999999997,0.7200000000000001,2.9,forecast_24h,toc
2023-08-04,0.0,0.04,0.27999999999999997,0.7200000000000001,3.3,forecast_24h,toc
2023-08-05,0.77,0.81,1.05,1.4900000000000002,3.3,forecast_24h,toc
2023-08-06,0.34,1.11,1.3900000000000001,1.83,3.3,forecast_24h,toc
2023-08-07,0.44,1.55,1.59,1.9500000000000002,3.1,forecast_24h,toc
2023-08-08,0.0,0.78,1.59,1.83,3.1,forecast_24h,toc
2023-08-09,0.0,0.44,1.59,1.83,2.9,forecast_24h,toc
2023-08-10,0.04,0.04,1.59,1.8699999999999999,3.0,forecast_24h,toc
2023-08-11,0.44,0.48,2.0300000000000002,2.31,2.8,forecast_24h,toc
2023-08-12,0.0,0.48,1.26,2.31,2.5,forecast_24h,toc
2023-08-13,0.0,0.44,0.9199999999999999,2.31,2.5,forecast_24h,toc
2023-08-14,0.0,0.0,0.48,2.07,2.5,forecast_24h,toc
2023-08-15,0.0,0.0,0.48,2.07,2.4,forecast_24h,toc
2023-08-16,0.21,0.21,0.69,2.28,2.4,forecast_24h,toc
2023-08-17,0.0,0.21,0.6499999999999999,2.2399999999999998,2.4,forecast_24h,toc
2023-08-18,0.0,0.21,0.21,2.2399999999999998,2.4,forecast_24h,toc
2023-08-19,0.0,0.0,0.21,1.47,2.3,forecast_24h,toc
2023-08-20,0.0,0.0,0.21,1.1300000000000001,2.3,forecast_24h,toc
2023-08-21,0.04,0.04,0.25,0.73,2.3,forecast_24h,toc
2023-08-22,0.0,0.04,0.25,0.73,2.3,forecast_24h,toc
2023-08-23,0.0,0.04,0.04,0.73,2.3,forecast_24h,toc
2023-08-24,0.18,0.18,0.22,0.8699999999999999,2.3,forecast_24h,toc
2023-08-25,0.0,0.18,0.22,0.43,2.3,forecast_24h,toc
2023-08-26,0.0,0.18,0.22,0.43,2.3,forecast_24h,toc
2023-08-27,0.0,0.0,0.22,0.43,2.3,forecast_24h,toc
2023-08-28,0.0,0.0,0.18,0.43,2.2,forecast_24h,toc
2023-08-29,0.03,0.03,0.21,0.45999999999999996,2.2,forecast_24h,toc
2023-08-30,0.09,0.12,0.3,0.33999999999999997,2.3,forecast_24h,toc
2023-08-31,0.05,0.16999999999999998,0.16999999999999998,0.39,2.3,forecast_24h,toc
2023-09-01,0.33,0.47,0.5,0.72,2.4,forecast_24h,toc
2023-09-02,0.95,1.33,1.45,1.67,2.2,forecast_24h,toc
2023-09-03,0.0,1.2799999999999998,1.45,1.67,2.3,forecast_24h,toc
2023-09-04,0.0,0.9499999999999998,1.45,1.63,2.4,forecast_24h,toc
2023-09-05,0.0,0.0,1.42,1.63,2.5,forecast_24h,toc
2023-09-06,0.0,0.0,1.33,1.63,2.4,forecast_24h,toc
2023-09-07,0.0,0.0,1.28,1.45,2.5,forecast_24h,toc
2023-09-08,0.52,0.5199999999999999,1.47,1.97,2.4,forecast_24h,toc
2023-09-09,0.0,0.5199999999999999,0.52,1.97,2.4,forecast_24h,toc
2023-09-10,0.0,0.5199999999999999,0.52,1.97,2.4,forecast_24h,toc
2023-09-11,0.0,0.0,0.52,1.97,2.5,forecast_24h,toc
2023-09-12,0.0,0.0,0.52,1.94,2.4,forecast_24h,toc
2023-09-13,0.0,0.0,0.52,1.8499999999999999,2.4,forecast_24h,toc
2023-09-14,0.0,0.0,0.52,1.8,2.4,forecast_24h,toc
2023-09-15,0.87,0.8699999999999999,0.87,2.34,2.4,forecast_24h,toc
2023-09-16,0.16,1.0299999999999998,1.03,1.55,2.4,forecast_24h,toc
2023-09-17,0.0,1.0299999999999998,1.03,1.55,2.5,forecast_24h,toc
2023-09-18,0.0,0.1599999999999999,1.03,1.55,2.5,forecast_24h,toc
2023-09-19,0.96,0.9599999999999999,1.99,2.51,2.4,forecast_24h,toc
2023-09-20,0.24,1.1999999999999997,2.23,2.75,2.5,forecast_24h,toc
2023-09-21,0.04,1.2399999999999998,2.27,2.79,2.5,forecast_24h,toc
2023-09-22,0.0,0.27999999999999986,1.4,2.27,2.5,forecast_24h,toc
2023-09-23,0.0,0.03999999999999989,1.24,2.27,2.5,forecast_24h,toc
2023-09-24,0.02,0.01999999999999989,1.26,2.29,2.4,forecast_24h,toc
2023-09-25,0.02,0.03999999999999989,1.28,2.31,2.6,forecast_24h,toc
2023-09-26,0.0,0.03999999999999989,0.32,2.31,2.6,forecast_24h,toc
2023-09-27,0.0,0.01999999999999989,0.08,2.31,2.6,forecast_24h,toc
2023-09-28,0.0,0.0,0.04,2.31,2.6,forecast_24h,toc
2023-09-29,0.0,0.0,0.04,1.44,2.6,forecast_24h,toc
2023-09-30,0.0,0.0,0.04,1.28,2.7,forecast_24h,toc
2023-10-01,0.0,0.0,0.02,1.28,2.7,forecast_24h,toc
2023-10-02,0.0,0.0,0.0,1.28,2.75,forecast_24h,toc
2023-10-03,0.0,0.0,0.0,0.32,2.8,forecast_24h,toc
2023-10-04,0.0,0.0,0.0,0.08,2.9,forecast_24h,toc
2023-10-05,0.0,0.0,0.0,0.04,2.8,forecast_24h,toc
2023-10-06,0.0,0.0,0.0,0.04,2.8,forecast_24h,toc
2023-10-07,0.02,0.01999999999999989,0.02,0.06,3.0,forecast_24h,toc
2023-10-08,0.0,0.01999999999999989,0.02,0.039999999999999994,3.0,forecast_24h,toc
2023-10-09,0.0,0.01999999999999989,0.02,0.02,3.0,forecast_24h,toc
2023-10-10,0.0,0.0,0.02,0.02,3.0,forecast_24h,toc
2023-10-11,0.0,0.0,0.02,0.02,3.0,forecast_24h,toc
2023-10-12,0.0,0.0,0.02,0.02,3.0,forecast_24h,toc
2023-10-13,0.0,0.0,0.02,0.02,3.0,forecast_24h,toc
2023-10-14,0.0,0.0,0.0,0.02,3.0,forecast_24h,toc
2023-10-15,0.0,0.0,0.0,0.02,2.9,forecast_24h,toc
2023-10-16,0.12,0.11999999999999988,0.12,0.13999999999999999,2.9,forecast_24h,toc
2023-10-17,0.02,0.13999999999999987,0.13999999999999999,0.16,2.8,forecast_24h,toc
2023-10-18,0.0,0.13999999999999987,0.13999999999999999,0.16,2.8,forecast_24h,toc
2023-10-19,0.0,0.01999999999999989,0.13999999999999999,0.16,2.7,forecast_24h,toc
2023-10-20,0.0,0.0,0.13999999999999999,0.16,2.7,forecast_24h,toc
2023-10-21,0.0,0.0,0.13999999999999999,0.14,2.6,forecast_24h,toc
2023-10-22,0.0,0.0,0.13999999999999999,0.14,2.5,forecast_24h,toc
2023-10-23,0.0,0.0,0.02,0.14,2.5,forecast_24h,toc
2023-10-24,0.0,0.0,0.0,0.14,2.4,forecast_24h,toc
2023-10-25,0.0,0.0,0.0,0.14,2.5,forecast_24h,toc
2023-10-26,0.0,0.0,0.0,0.14,2.3,forecast_24h,toc
2023-10-27,0.0,0.0,0.0,0.14,2.4,forecast_24h,toc
2023-10-28,0.0,0.0,0.0,0.14,2.3,forecast_24h,toc
2023-10-29,0.02,0.01999999999999989,0.02,0.16,2.4,forecast_24h,toc
2023-10-30,0.0,0.01999999999999989,0.02,0.04,2.5,forecast_24h,toc
2023-10-31,0.01,0.029999999999999888,0.03,0.03,2.5,forecast_24h,toc
2023-11-01,0.0,0.00999999999999989,0.03,0.03,2.5,forecast_24h,toc
2023-11-02,0.5,0.5099999999999999,0.53,0.53,2.5,forecast_24h,toc
2023-11-03,0.09,0.5899999999999999,0.62,0.62,2.6,forecast_24h,toc
2023-11-04,0.0,0.5899999999999999,0.62,0.62,2.5,forecast_24h,toc
2023-11-05,0.0,0.08999999999999989,0.6,0.62,2.6,forecast_24h,toc
2023-11-06,0.0,0.0,0.6,0.62,2.6,forecast_24h,toc
2023-11-07,0.0,0.0,0.59,0.62,2.5,forecast_24h,toc
2023-11-08,0.0,0.0,0.59,0.62,2.5,forecast_24h,toc
2023-11-09,0.0,0.0,0.09,0.62,2.5,forecast_24h,toc
2023-11-10,0.0,0.0,0.0,0.62,2.6,forecast_24h,toc
2023-11-11,0.0,0.0,0.0,0.62,2.5,forecast_24h,toc
2023-11-12,0.0,0.0,0.0,0.6,2.5,forecast_24h,toc
2023-11-13,0.34,0.3399999999999999,0.34,0.9400000000000001,2.5,forecast_24h,toc
2023-11-14,0.0,0.3399999999999999,0.34,0.93,2.5,forecast_24h,toc
2023-11-15,0.0,0.3399999999999999,0.34,0.93,2.5,forecast_24h,toc
2023-11-16,0.0,0.0,0.34,0.43000000000000005,2.5,forecast_24h,toc
2023-11-17,0.0,0.0,0.34,0.3400000000000001,2.4,forecast_24h,toc
2023-11-18,0.0,0.0,0.34,0.3400000000000001,2.5,forecast_24h,toc
2023-11-19,0.0,0.0,0.34,0.3400000000000001,2.5,forecast_24h,toc
2023-11-20,0.0,0.0,0.0,0.3400000000000001,2.4,forecast_24h,toc
2023-11-21,0.0,0.0,0.0,0.3400000000000001,2.4,forecast_24h,toc
2023-11-22,0.0,0.0,0.0,0.3400000000000001,2.4,forecast_24h,toc
2023-11-23,0.0,0.0,0.0,0.3400000000000001,2.4,forecast_24h,toc
2023-11-24,0.04,0.03999999999999989,0.04,0.38000000000000006,2.4,forecast_24h,toc
2023-11-25,0.16,0.1999999999999999,0.2,0.54,2.5,forecast_24h,toc
2023-11-26,0.0,0.1999999999999999,0.2,0.54,2.5,forecast_24h,toc
2023-11-27,0.0,0.1599999999999999,0.2,0.20000000000000007,2.6,forecast_24h,toc
2023-11-28,0.12,0.11999999999999988,0.32,0.32000000000000006,2.5,forecast_24h,toc
2023-11-29,0.02,0.13999999999999987,0.34,0.3400000000000001,2.6,forecast_24h,toc
2023-11-30,0.04,0.17999999999999988,0.38,0.38000000000000006,2.5,forecast_24h,toc
2023-12-01,0.0,0.05999999999999989,0.34,0.38000000000000006,2.6,forecast_24h,toc
2023-12-02,0.0,0.03999999999999988,0.18,0.38000000000000006,2.6,forecast_24h,toc
2023-12-03,0.0,0.0,0.18,0.38000000000000006,2.6,forecast_24h,toc
2023-12-04,0.0,0.0,0.18,0.38000000000000006,2.5,forecast_24h,toc
2023-12-05,0.0,0.0,0.06,0.38000000000000006,2.4,forecast_24h,toc
2023-12-06,0.0,0.0,0.039999999999999994,0.38000000000000006,2.5,forecast_24h,toc
2023-12-07,0.0,0.0,0.0,0.38000000000000006,2.5,forecast_24h,toc
2023-12-08,0.02,0.01999999999999989,0.02,0.3600000000000001,2.4,forecast_24h,toc
2023-12-09,0.0,0.01999999999999989,0.02,0.20000000000000004,2.4,forecast_24h,toc
2023-12-10,0.0,0.01999999999999989,0.02,0.20000000000000004,2.4,forecast_24h,toc
2023-12-11,0.0,0.0,0.02,0.20000000000000004,2.3,forecast_24h,toc
2023-12-12,0.0,0.0,0.02,0.08000000000000006,2.3,forecast_24h,toc
2023-12-13,0.6,0.5999999999999999,0.62,0.66,2.3,forecast_24h,toc
2023-12-14,0.0,0.5999999999999999,0.62,0.62,2.3,forecast_24h,toc
2023-12-15,0.0,0.5999999999999999,0.6,0.62,2.4,forecast_24h,toc
2023-12-16,0.0,0.0,0.6,0.62,2.3,forecast_24h,toc
2023-12-17,0.05,0.04999999999999989,0.65,0.67,2.2,forecast_24h,toc
2023-12-18,0.08,0.1299999999999999,0.73,0.75,2.3,forecast_24h,toc
2023-12-19,0.0,0.1299999999999999,0.73,0.75,2.3,forecast_24h,toc
2023-12-20,0.0,0.07999999999999989,0.13,0.75,2.3,forecast_24h,toc
2023-12-21,0.0,0.0,0.13,0.75,2.4,forecast_24h,toc
2023-12-22,0.0,0.0,0.13,0.7300000000000001,2.4,forecast_24h,toc
2023-12-23,0.0,0.0,0.13,0.7300000000000001,2.3,forecast_24h,toc
2023-12-24,0.0,0.0,0.08,0.7300000000000001,2.4,forecast_24h,toc
2023-12-25,0.0,0.0,0.0,0.7300000000000001,2.4,forecast_24h,toc
2023-12-26,0.0,0.0,0.0,0.7300000000000001,2.5,forecast_24h,toc
2023-12-27,0.0,0.0,0.0,0.13000000000000012,2.7,forecast_24h,toc
2023-12-28,0.26,0.2599999999999999,0.26,0.3900000000000001,2.2,forecast_24h,toc
2023-12-29,0.08,0.3399999999999999,0.34,0.47000000000000014,2.4,forecast_24h,toc
2023-12-30,0.0,0.3399999999999999,0.34,0.47000000000000014,2.4,forecast_24h,toc
2024-03-31,0.0,0.88,0.88,3.74,2.6,forecast_24h,toc
2024-04-01,0.0,0.0,0.88,1.9000000000000004,2.75,forecast_24h,toc
2024-04-02,0.0,0.0,0.88,0.8800000000000002,2.7,forecast_24h,toc
2024-04-03,0.0,0.0,0.88,0.8800000000000002,2.7,forecast_24h,toc
2024-04-04,0.0,0.0,0.88,0.8800000000000002,2.8,forecast_24h,toc
2024-04-05,0.0,0.0,0.0,0.8800000000000002,2.8,forecast_24h,toc
2024-04-06,0.4,0.4,0.4,1.2800000000000002,2.8,forecast_24h,toc
2024-04-07,0.0,0.4,0.4,1.2800000000000002,2.8,forecast_24h,toc
2024-04-08,0.0,0.4,0.4,1.2800000000000002,2.8,forecast_24h,toc
2024-04-09,0.0,0.0,0.4,1.2800000000000002,2.9,forecast_24h,toc
2024-04-10,0.0,0.0,0.4,1.2800000000000002,3.0,forecast_24h,toc
2024-04-11,0.0,0.0,0.4,1.2800000000000002,3.0,forecast_24h,toc
2024-04-12,0.0,0.0,0.4,0.40000000000000024,3.0,forecast_24h,toc
2024-04-13,0.0,0.0,0.0,0.40000000000000024,3.0,forecast_24h,toc
2024-04-14,0.0,0.0,0.0,0.40000000000000024,3.1,forecast_24h,toc
2024-04-15,0.0,0.0,0.0,0.40000000000000024,3.1,forecast_24h,toc
2024-04-16,0.0,0.0,0.0,0.40000000000000024,3.2,forecast_24h,toc
2024-04-17,0.0,0.0,0.0,0.40000000000000024,3.1,forecast_24h,toc
2024-04-18,0.0,0.0,0.0,0.40000000000000024,3.2,forecast_24h,toc
2024-04-19,0.0,0.0,0.0,0.40000000000000024,3.3,forecast_24h,toc
2024-04-20,0.03,0.03,0.03,0.03000000000000022,3.2,forecast_24h,toc
2024-04-21,0.0,0.03,0.03,0.03000000000000022,3.2,forecast_24h,toc
2024-04-22,0.02,0.05,0.05,0.050000000000000225,3.3,forecast_24h,toc
2024-04-23,0.09,0.11,0.14,0.14000000000000024,3.2,forecast_24h,toc
2024-04-24,0.24,0.35,0.38,0.3800000000000002,3.2,forecast_24h,toc
2024-04-25,0.04,0.36999999999999994,0.42,0.4200000000000002,3.2,forecast_24h,toc
2024-04-26,0.0,0.27999999999999997,0.42,0.4200000000000002,3.3,forecast_24h,toc
2024-04-27,0.0,0.04,0.39,0.4200000000000002,3.2,forecast_24h,toc
2024-04-28,0.0,0.0,0.39,0.4200000000000002,3.3,forecast_24h,toc
2024-04-29,0.0,0.0,0.37,0.4200000000000002,3.4,forecast_24h,toc
2024-04-30,0.0,0.0,0.27999999999999997,0.4200000000000002,3.2,forecast_24h,toc
2024-05-01,0.81,0.81,0.8500000000000001,1.2300000000000002,3.4,forecast_24h,toc
2024-05-02,0.85,1.6600000000000001,1.6600000000000001,2.08,3.5,forecast_24h,toc
2024-05-03,0.0,1.6600000000000001,1.6600000000000001,2.08,3.5,forecast_24h,toc
2024-05-04,0.0,0.85,1.6600000000000001,2.0500000000000003,3.7,forecast_24h,toc
2024-05-05,0.0,0.0,1.6600000000000001,2.0500000000000003,3.7,forecast_24h,toc
2024-05-06,0.04,0.04,1.7,2.0700000000000003,3.7,forecast_24h,toc
2024-05-07,0.0,0.04,1.7,1.9800000000000002,3.7,forecast_24h,toc
2024-05-08,0.0,0.04,0.89,1.7400000000000002,3.5,forecast_24h,toc
2024-05-09,0.0,0.0,0.04,1.7000000000000002,3.5,forecast_24h,toc
2024-05-10,0.0,0.0,0.04,1.7000000000000002,3.5,forecast_24h,toc
2024-05-11,0.0,0.0,0.04,1.7000000000000002,3.6,forecast_24h,toc
2024-05-12,0.0,0.0,0.04,1.7000000000000002,3.5,forecast_24h,toc
2024-05-13,0.0,0.0,0.0,1.7000000000000002,3.5,forecast_24h,toc
2024-05-14,0.18,0.18,0.18,1.8800000000000003,3.9,forecast_24h,toc
2024-05-15,0.0,0.18,0.18,1.0700000000000003,4.8,forecast_24h,toc
2024-05-16,0.07,0.25,0.25,0.29000000000000015,5.3,forecast_24h,toc
2024-05-17,0.75,0.8200000000000001,1.0,1.04,6.4,forecast_24h,toc
2024-05-18,0.04,0.8600000000000001,1.04,1.08,5.5,forecast_24h,toc
2024-05-19,0.04,0.83,1.08,1.12,5.6,forecast_24h,toc
2024-05-20,0.04,0.12,1.12,1.12,5.1,forecast_24h,toc
2024-05-21,0.0,0.07999999999999999,0.9400000000000001,1.12,5.2,forecast_24h,toc
2024-05-22,0.0,0.04,0.94,1.12,5.0,forecast_24h,toc
2024-05-23,0.0,0.0,0.87,1.12,4.9,forecast_24h,toc
2024-05-24,0.0,0.0,0.12,1.12,4.9,forecast_24h,toc
2024-05-25,0.01,0.01,0.09,1.1300000000000001,4.8,forecast_24h,toc
2024-05-26,0.16,0.17,0.21000000000000002,1.29,4.8,forecast_24h,toc
2024-05-27,0.0,0.17,0.16999999999999998,1.29,4.6,forecast_24h,toc
2024-05-28,0.0,0.16,0.16999999999999998,1.11,4.6,forecast_24h,toc
2024-05-29,0.0,0.0,0.16999999999999998,1.11,4.5,forecast_24h,toc
2024-05-30,0.0,0.0,0.16999999999999998,1.04,4.6,forecast_24h,toc
2024-05-31,0.0,0.0,0.16999999999999998,0.29000000000000015,4.5,forecast_24h,toc
2024-06-01,0.0,0.0,0.16,0.2500000000000001,4.6,forecast_24h,toc
2024-06-02,0.0,0.0,0.0,0.2100000000000001,4.5,forecast_24h,toc
2024-06-03,0.0,0.0,0.0,0.17000000000000012,4.5,forecast_24h,toc
2024-06-04,0.0,0.0,0.0,0.17000000000000012,4.5,forecast_24h,toc
2024-06-05,0.0,0.0,0.0,0.17000000000000012,4.4,forecast_24h,toc
2024-06-06,0.0,0.0,0.0,0.17000000000000012,4.4,forecast_24h,toc
2024-06-07,0.0,0.0,0.0,0.17000000000000012,4.4,forecast_24h,toc
2024-06-08,0.0,0.0,0.0,0.16000000000000011,4.5,forecast_24h,toc
2024-06-09,0.0,0.0,0.0,0.0,4.4,forecast_24h,toc
2024-06-10,0.0,0.0,0.0,0.0,4.5,forecast_24h,toc
2024-06-11,0.0,0.0,0.0,0.0,4.5,forecast_24h,toc
2024-06-12,0.0,0.0,0.0,0.0,4.5,forecast_24h,toc
2024-06-13,0.0,0.0,0.0,0.0,4.4,forecast_24h,toc
2024-06-14,0.02,0.02,0.02,0.02000000000000011,4.3,forecast_24h,toc
2024-06-15,0.0,0.02,0.02,0.02000000000000011,4.2,forecast_24h,toc
2024-06-16,0.0,0.02,0.02,0.02000000000000011,4.1,forecast_24h,toc
2024-06-17,0.0,0.0,0.02,0.02000000000000011,4.0,forecast_24h,toc
2024-06-18,0.0,0.0,0.02,0.02000000000000011,4.0,forecast_24h,toc
2024-06-19,0.0,0.0,0.02,0.02000000000000011,4.1,forecast_24h,toc
2024-06-20,0.0,0.0,0.02,0.02000000000000011,4.1,forecast_24h,toc
2024-06-21,0.0,0.0,0.0,0.02000000000000011,4.1,forecast_24h,toc
2024-06-22,0.0,0.0,0.0,0.02000000000000011,4.2,forecast_24h,toc
2024-06-23,0.0,0.0,0.0,0.02000000000000011,4.1,forecast_24h,toc
2024-06-24,0.0,0.0,0.0,0.02000000000000011,4.1,forecast_24h,toc
2024-06-25,0.15,0.15,0.15,0.1700000000000001,4.0,forecast_24h,toc
2024-06-26,0.4,0.55,0.55,0.5700000000000001,4.0,forecast_24h,toc
2024-06-27,0.0,0.55,0.55,0.5700000000000001,3.9,forecast_24h,toc
2024-06-28,0.0,0.4,0.55,0.55,3.9,forecast_24h,toc
2024-06-29,0.03,0.03,0.5800000000000001,0.5800000000000001,3.8,forecast_24h,toc
2024-06-30,0.0,0.03,0.5800000000000001,0.5800000000000001,3.7,forecast_24h,toc
2024-07-01,0.22,0.25,0.8,0.8,3.6,forecast_24h,toc
2024-07-02,0.0,0.22,0.65,0.8,3.5,forecast_24h,toc
2024-07-03,0.0,0.22,0.25,0.8,3.5,forecast_24h,toc
2024-07-04,0.07,0.07,0.32,0.8700000000000001,3.4,forecast_24h,toc
2024-07-05,0.06,0.13,0.38,0.9300000000000002,3.3,forecast_24h,toc
2024-07-06,0.15,0.28,0.5,1.08,3.2,forecast_24h,toc
2024-07-07,0.0,0.21,0.5,1.08,3.2,forecast_24h,toc
2024-07-08,0.0,0.15,0.28,1.08,3.2,forecast_24h,toc
2024-07-09,0.0,0.0,0.28,0.9300000000000002,3.2,forecast_24h,toc
2024-07-10,0.0,0.0,0.28,0.53,3.3,forecast_24h,toc
2024-07-11,0.0,0.0,0.21,0.53,3.2,forecast_24h,toc
2024-07-12,0.0,0.0,0.15,0.53,3.2,forecast_24h,toc
2024-07-13,0.0,0.0,0.0,0.5000000000000001,3.3,forecast_24h,toc
2024-07-14,0.0,0.0,0.0,0.5000000000000001,3.3,forecast_24h,toc
2024-07-15,0.0,0.0,0.0,0.28000000000000014,3.2,forecast_24h,toc
2024-07-16,0.0,0.0,0.0,0.28000000000000014,3.2,forecast_24h,toc
2024-07-17,0.0,0.0,0.0,0.28000000000000014,3.1,forecast_24h,toc
2024-07-18,0.0,0.0,0.0,0.2100000000000001,3.0,forecast_24h,toc
2024-07-19,0.0,0.0,0.0,0.1500000000000001,3.3,forecast_24h,toc
2024-07-20,0.06,0.06,0.06,0.06000000000000011,3.1,forecast_24h,toc
2024-07-21,0.06,0.12,0.12,0.1200000000000001,3.0,forecast_24h,toc
2024-07-22,0.0,0.12,0.12,0.1200000000000001,2.9,forecast_24h,toc
2024-07-23,0.0,0.06,0.12,0.1200000000000001,2.9,forecast_24h,toc
2024-07-24,0.0,0.0,0.12,0.1200000000000001,2.9,forecast_24h,toc
2024-07-25,0.07,0.07,0.19,0.1900000000000001,2.9,forecast_24h,toc
2024-07-26,0.21,0.28,0.4,0.40000000000000013,2.8,forecast_24h,toc
2024-07-27,0.0,0.28,0.33999999999999997,0.40000000000000013,2.8,forecast_24h,toc
2024-07-28,0.0,0.21,0.28,0.40000000000000013,2.7,forecast_24h,toc
2024-07-29,0.0,0.0,0.28,0.40000000000000013,2.7,forecast_24h,toc
2024-07-30,0.0,0.0,0.28,0.40000000000000013,2.6,forecast_24h,toc
2024-07-31,0.08,0.08,0.36,0.4800000000000001,2.6,forecast_24h,toc
2024-08-01,0.04,0.12,0.33,0.5200000000000001,2.6,forecast_24h,toc
2024-08-02,0.0,0.12,0.12,0.5200000000000001,2.6,forecast_24h,toc
2024-08-03,0.0,0.04,0.12,0.46000000000000013,2.6,forecast_24h,toc
2024-08-04,0.0,0.0,0.12,0.40000000000000013,3.0,forecast_24h,toc
2024-08-05,0.0,0.0,0.12,0.40000000000000013,2.7,forecast_24h,toc
2024-08-06,0.0,0.0,0.12,0.40000000000000013,2.7,forecast_24h,toc
2024-08-07,0.0,0.0,0.04,0.40000000000000013,2.7,forecast_24h,toc
2024-08-08,0.0,0.0,0.0,0.3300000000000001,2.8,forecast_24h,toc
2024-08-09,0.04,0.04,0.04,0.16000000000000011,2.7,forecast_24h,toc
2024-08-10,0.37,0.41,0.41,0.5300000000000001,2.7,forecast_24h,toc
2024-08-11,0.0,0.41,0.41,0.5300000000000001,2.7,forecast_24h,toc
2024-08-12,0.02,0.39,0.43,0.5500000000000002,2.7,forecast_24h,toc
2024-08-13,0.64,0.66,1.07,1.1900000000000002,2.8,forecast_24h,toc
2024-08-14,0.54,1.2000000000000002,1.6099999999999999,1.6500000000000001,2.8,forecast_24h,toc
2024-08-15,0.56,1.7400000000000002,2.17,2.17,2.8,forecast_24h,toc
2024-08-16,0.0,1.1,2.13,2.17,2.9,forecast_24h,toc
2024-08-17,0.25,0.81,2.0100000000000002,2.42,2.9,forecast_24h,toc
2024-08-18,0.47,0.72,2.48,2.89,2.9,forecast_24h,toc
2024-08-19,0.04,0.76,2.5,2.93,2.9,forecast_24h,toc
2024-08-20,0.0,0.51,1.8599999999999999,2.93,2.9,forecast_24h,toc
2024-08-21,0.0,0.04,1.3199999999999998,2.93,3.1,forecast_24h,toc
2024-08-22,0.0,0.0,0.76,2.93,3.3,forecast_24h,toc
2024-08-23,0.0,0.0,0.76,2.89,3.3,forecast_24h,toc
2024-08-24,0.16,0.16,0.6699999999999999,2.6800000000000006,3.4,forecast_24h,toc
2024-08-25,0.0,0.16,0.2,2.6800000000000006,3.4,forecast_24h,toc
2024-08-26,0.0,0.16,0.16,2.6600000000000006,3.4,forecast_24h,toc
2024-08-27,0.33,0.33,0.49,2.3500000000000005,3.3,forecast_24h,toc
2024-08-28,0.0,0.33,0.49000000000000005,1.8100000000000003,3.3,forecast_24h,toc
2024-08-29,0.0,0.33,0.49000000000000005,1.25,3.2,forecast_24h,toc
2024-08-30,0.08,0.08,0.5700000000000001,1.33,3.2,forecast_24h,toc
2024-08-31,0.0,0.08,0.41000000000000003,1.08,3.2,forecast_24h,toc
2024-09-01,0.0,0.08,0.41000000000000003,0.6100000000000001,3.1,forecast_24h,toc
2024-09-02,0.0,0.0,0.41000000000000003,0.5700000000000001,3.0,forecast_24h,toc
2024-09-03,0.0,0.0,0.08000000000000006,0.5700000000000001,2.9,forecast_24h,toc
2024-09-04,0.0,0.0,0.08000000000000006,0.5700000000000001,2.9,forecast_24h,toc
2024-09-05,0.0,0.0,0.08000000000000006,0.5700000000000001,2.9,forecast_24h,toc
2024-09-06,0.0,0.0,0.0,0.5700000000000001,3.0,forecast_24h,toc
2024-09-07,0.0,0.0,0.0,0.41000000000000014,2.9,forecast_24h,toc
2024-09-08,0.0,0.0,0.0,0.41000000000000014,2.8,forecast_24h,toc
2024-09-09,0.74,0.74,0.74,1.1500000000000001,2.7,forecast_24h,toc
2024-09-10,0.04,0.78,0.78,0.8600000000000001,2.7,forecast_24h,toc
2024-09-11,0.0,0.78,0.78,0.8600000000000001,2.6,forecast_24h,toc
2024-09-12,0.0,0.04,0.78,0.8600000000000001,2.7,forecast_24h,toc
2024-09-13,0.0,0.0,0.78,0.7800000000000001,2.7,forecast_24h,toc
2024-09-14,0.0,0.0,0.78,0.7800000000000001,2.7,forecast_24h,toc
2024-09-15,0.0,0.0,0.78,0.7800000000000001,2.7,forecast_24h,toc
2024-09-16,0.0,0.0,0.04,0.7800000000000001,2.7,forecast_24h,toc
2024-09-17,0.0,0.0,0.0,0.7800000000000001,2.7,forecast_24h,toc
2024-09-18,0.0,0.0,0.0,0.7800000000000001,2.6,forecast_24h,toc
2024-09-19,0.0,0.0,0.0,0.7800000000000001,2.6,forecast_24h,toc
2024-09-20,0.0,0.0,0.0,0.7800000000000001,2.6,forecast_24h,toc
2024-09-21,0.0,0.0,0.0,0.7800000000000001,2.6,forecast_24h,toc
2024-09-22,0.0,0.0,0.0,0.7800000000000001,2.6,forecast_24h,toc
2024-09-23,0.0,0.0,0.0,0.04000000000000011,2.5,forecast_24h,toc
2024-09-24,0.0,0.0,0.0,0.0,2.5,forecast_24h,toc
2024-09-25,0.0,0.0,0.0,0.0,2.5,forecast_24h,toc
2024-09-26,0.43,0.43,0.43,0.4300000000000001,2.5,forecast_24h,toc
2024-09-27,0.07,0.5,0.5,0.5000000000000001,2.4,forecast_24h,toc
2024-09-28,0.0,0.5,0.5,0.5000000000000001,2.5,forecast_24h,toc
2024-09-29,0.0,0.07,0.5,0.5000000000000001,2.5,forecast_24h,toc
2024-09-30,0.0,0.0,0.5,0.5000000000000001,2.4,forecast_24h,toc
2024-10-01,0.0,0.0,0.5,0.5000000000000001,2.4,forecast_24h,toc
2024-10-02,0.0,0.0,0.5,0.5000000000000001,2.4,forecast_24h,toc
2024-10-03,0.0,0.0,0.07,0.5000000000000001,2.4,forecast_24h,toc
2024-10-04,0.0,0.0,0.0,0.5000000000000001,2.4,forecast_24h,toc
2024-10-05,0.0,0.0,0.0,0.5000000000000001,2.4,forecast_24h,toc
2024-10-06,0.0,0.0,0.0,0.5000000000000001,2.4,forecast_24h,toc
2024-10-07,0.0,0.0,0.0,0.5000000000000001,2.4,forecast_24h,toc
2024-10-08,0.0,0.0,0.0,0.5000000000000001,2.5,forecast_24h,toc
2024-10-09,0.0,0.0,0.0,0.5000000000000001,2.5,forecast_24h,toc
2024-10-10,0.0,0.0,0.0,0.07000000000000012,2.5,forecast_24h,toc
2024-10-11,0.0,0.0,0.0,0.0,2.5,forecast_24h,toc
2024-10-12,0.0,0.0,0.0,0.0,2.5,forecast_24h,toc
2024-10-13,0.0,0.0,0.0,0.0,2.5,forecast_24h,toc
2024-10-14,0.0,0.0,0.0,0.0,2.5,forecast_24h,toc
2024-10-15,0.0,0.0,0.0,0.0,2.5,forecast_24h,toc
2024-10-16,0.0,0.0,0.0,0.0,2.4,forecast_24h,toc
2024-10-17,0.0,0.0,0.0,0.0,2.4,forecast_24h,toc
2024-10-18,0.0,0.0,0.0,0.0,2.4,forecast_24h,toc
2024-10-19,0.0,0.0,0.0,0.0,2.4,forecast_24h,toc
2024-10-20,0.0,0.0,0.0,0.0,2.4,forecast_24h,toc
2024-10-21,0.0,0.0,0.0,0.0,2.4,forecast_24h,toc
2024-10-22,0.0,0.0,0.0,0.0,2.4,forecast_24h,toc
2024-10-23,0.14,0.14,0.14,0.14000000000000012,2.3,forecast_24h,toc
2024-10-24,0.0,0.14,0.14,0.14000000000000012,2.3,forecast_24h,toc
2024-10-25,0.08,0.22000000000000003,0.22000000000000003,0.22000000000000014,2.3,forecast_24h,toc
2024-10-26,0.04,0.12,0.26,0.2600000000000001,2.3,forecast_24h,toc
2024-10-27,0.0,0.12,0.26,0.2600000000000001,2.2,forecast_24h,toc
2024-10-28,0.0,0.04,0.26,0.2600000000000001,2.2,forecast_24h,toc
2025-03-31,0.0,0.0,0.0,0.29000000000000015,2.7,forecast_24h,toc
2025-04-01,0.0,0.0,0.0,0.29000000000000015,2.7,forecast_24h,toc
2025-04-02,0.25,0.25,0.25,0.5400000000000001,2.7,forecast_24h,toc
2025-04-03,0.14,0.39,0.39,0.6800000000000002,2.7,forecast_24h,toc
2025-04-04,0.0,0.39,0.39,0.6800000000000002,2.6,forecast_24h,toc
2025-04-05,0.0,0.14,0.39,0.6800000000000002,2.6,forecast_24h,toc
2025-04-06,0.01,0.01,0.4,0.40000000000000013,2.6,forecast_24h,toc
2025-04-07,0.0,0.01,0.4,0.40000000000000013,2.6,forecast_24h,toc
2025-04-08,0.22,0.23,0.62,0.6200000000000001,2.6,forecast_24h,toc
2025-04-09,0.42,0.64,0.79,1.04,2.7,forecast_24h,toc
2025-04-10,0.0,0.6399999999999999,0.65,1.04,2.6,forecast_24h,toc
2025-04-11,0.0,0.42,0.65,1.04,2.6,forecast_24h,toc
2025-04-12,0.0,0.0,0.65,1.04,2.6,forecast_24h,toc
2025-04-13,0.0,0.0,0.64,1.04,2.6,forecast_24h,toc
2025-04-14,0.0,0.0,0.64,1.04,2.7,forecast_24h,toc
2025-04-15,0.0,0.0,0.42000000000000004,1.04,2.7,forecast_24h,toc
2025-04-16,0.0,0.0,0.0,0.7900000000000001,2.7,forecast_24h,toc
2025-04-17,0.0,0.0,0.0,0.6500000000000001,2.7,forecast_24h,toc
2025-04-18,0.01,0.009999999999999945,0.01,0.6600000000000001,2.7,forecast_24h,toc
2025-04-19,0.0,0.009999999999999945,0.01,0.6600000000000001,2.7,forecast_24h,toc
2025-04-20,0.0,0.009999999999999945,0.01,0.6500000000000001,2.7,forecast_24h,toc
2025-04-21,0.0,0.0,0.01,0.6500000000000001,2.8,forecast_24h,toc
2025-04-22,0.16,0.15999999999999995,0.17,0.5900000000000002,2.7,forecast_24h,toc
2025-04-23,0.62,0.7799999999999999,0.79,0.7900000000000001,2.7,forecast_24h,toc
2025-04-24,0.0,0.7799999999999999,0.79,0.7900000000000001,2.7,forecast_24h,toc
2025-04-25,0.0,0.6199999999999999,0.78,0.7900000000000001,2.7,forecast_24h,toc
2025-04-26,0.0,0.0,0.78,0.7900000000000001,2.8,forecast_24h,toc
2025-04-27,0.0,0.0,0.78,0.7900000000000001,2.8,forecast_24h,toc
2025-04-28,0.0,0.0,0.78,0.7900000000000001,2.8,forecast_24h,toc
2025-04-29,0.04,0.03999999999999989,0.66,0.8300000000000002,2.8,forecast_24h,toc
2025-04-30,0.0,0.03999999999999989,0.04,0.8300000000000002,2.9,forecast_24h,toc
2025-05-01,0.0,0.03999999999999989,0.04,0.8300000000000002,2.8,forecast_24h,toc
2025-05-02,0.0,0.0,0.04,0.8200000000000002,2.8,forecast_24h,toc
2025-05-03,0.0,0.0,0.04,0.8200000000000002,2.8,forecast_24h,toc
2025-05-04,0.0,0.0,0.04,0.8200000000000002,2.8,forecast_24h,toc
2025-05-05,0.16,0.1599999999999999,0.2,0.9800000000000002,2.8,forecast_24h,toc
2025-05-06,0.19,0.34999999999999987,0.35,1.0100000000000002,2.7,forecast_24h,toc
2025-05-07,0.0,0.34999999999999987,0.35,0.3900000000000001,2.7,forecast_24h,toc
2025-05-08,0.0,0.1899999999999999,0.35,0.3900000000000001,2.7,forecast_24h,toc
2025-05-09,0.0,0.0,0.35,0.3900000000000001,2.7,forecast_24h,toc
2025-05-10,0.0,0.0,0.35,0.3900000000000001,2.7,forecast_24h,toc
2025-05-11,1.52,1.52,1.87,1.9100000000000001,2.7,forecast_24h,toc
2025-05-12,0.08,1.6,1.7900000000000003,1.9900000000000002,2.8,forecast_24h,toc
2025-05-13,0.0,1.6,1.6,1.9500000000000002,2.9,forecast_24h,toc
2025-05-14,0.0,0.08,1.6,1.9500000000000002,3.0,forecast_24h,toc
2025-05-15,0.0,0.0,1.6,1.9500000000000002,3.1,forecast_24h,toc
2025-05-16,0.0,0.0,1.6,1.9500000000000002,3.1,forecast_24h,toc
2025-05-17,0.0,0.0,1.6,1.9500000000000002,3.0,forecast_24h,toc
2025-05-18,0.0,0.0,0.08,1.9500000000000002,2.9,forecast_24h,toc
2025-05-19,0.0,0.0,0.0,1.7900000000000003,2.8,forecast_24h,toc
2025-05-20,0.0,0.0,0.0,1.6,2.6,forecast_24h,toc
2025-05-21,0.0,0.0,0.0,1.6,2.6,forecast_24h,toc
2025-05-22,0.0,0.0,0.0,1.6,2.5,forecast_24h,toc
2025-05-23,0.0,0.0,0.0,1.6,2.5,forecast_24h,toc
2025-05-24,0.0,0.0,0.0,1.6,2.3,forecast_24h,toc
2025-05-25,0.0,0.0,0.0,0.08,2.4,forecast_24h,toc
2025-05-26,0.0,0.0,0.0,0.0,2.4,forecast_24h,toc
2025-05-27,0.0,0.0,0.0,0.0,2.4,forecast_24h,toc
2025-05-28,0.0,0.0,0.0,0.0,2.4,forecast_24h,toc
2025-05-29,0.27,0.27,0.27,0.27,2.5,forecast_24h,toc
2025-05-30,0.44,0.71,0.71,0.71,2.6,forecast_24h,toc
2025-05-31,0.12,0.8300000000000001,0.8300000000000001,0.8300000000000001,2.6,forecast_24h,toc
2025-06-01,0.04,0.6,0.87,0.87,2.6,forecast_24h,toc
2025-06-02,0.26,0.42,1.13,1.13,2.6,forecast_24h,toc
2025-06-03,0.0,0.3,1.13,1.13,2.6,forecast_24h,toc
2025-06-04,0.0,0.26,1.13,1.13,2.7,forecast_24h,toc
2025-06-05,0.0,0.0,0.86,1.13,2.8,forecast_24h,toc
2025-06-06,0.0,0.0,0.42,1.13,3.0,forecast_24h,toc
2025-06-07,1.05,1.05,1.35,2.18,3.0,forecast_24h,toc
2025-06-08,0.16,1.21,1.47,2.3400000000000003,3.0,forecast_24h,toc
2025-06-09,0.0,1.21,1.21,2.3400000000000003,3.0,forecast_24h,toc
2025-06-10,0.14,0.30000000000000004,1.35,2.48,3.1,forecast_24h,toc
2025-06-11,0.02,0.16,1.37,2.5,3.0,forecast_24h,toc
2025-06-12,0.0,0.16,1.37,2.23,2.9,forecast_24h,toc
2025-06-13,0.0,0.02,1.37,1.7900000000000003,2.9,forecast_24h,toc
2025-06-14,0.0,0.0,0.32,1.6700000000000002,2.8,forecast_24h,toc
2025-06-15,0.0,0.0,0.16,1.6300000000000001,2.7,forecast_24h,toc
2025-06-16,0.0,0.0,0.16,1.37,2.7,forecast_24h,toc
2025-06-17,0.0,0.0,0.02,1.37,2.5,forecast_24h,toc
2025-06-18,0.01,0.01,0.01,1.3800000000000001,2.5,forecast_24h,toc
2025-06-19,0.0,0.01,0.01,1.3800000000000003,2.7,forecast_24h,toc
2025-06-20,0.0,0.01,0.01,1.3800000000000003,2.4,forecast_24h,toc
2025-06-21,0.06,0.06,0.06999999999999999,0.39,2.4,forecast_24h,toc
2025-06-22,0.04,0.1,0.11,0.27,2.4,forecast_24h,toc
2025-06-23,0.0,0.1,0.11,0.27,2.4,forecast_24h,toc
2025-06-24,0.0,0.04,0.11,0.13,2.3,forecast_24h,toc
2025-06-25,0.0,0.0,0.1,0.10999999999999999,2.3,forecast_24h,toc
2025-06-26,0.0,0.0,0.1,0.10999999999999999,2.2,forecast_24h,toc
2025-06-27,0.0,0.0,0.1,0.10999999999999999,2.2,forecast_24h,toc
2025-06-28,0.0,0.0,0.04,0.10999999999999999,2.1,forecast_24h,toc
2025-06-29,0.19,0.19,0.19,0.3,2.1,forecast_24h,toc
2025-06-30,0.0,0.19,0.19,0.3,2.1,forecast_24h,toc
2025-07-01,0.06,0.25,0.25,0.36,2.0,forecast_24h,toc
2025-07-02,0.0,0.06,0.25,0.35,2.0,forecast_24h,toc
2025-07-03,0.0,0.06,0.25,0.35,2.1,forecast_24h,toc
2025-07-04,0.0,0.0,0.25,0.35,2.1,forecast_24h,toc
2025-07-05,0.0,0.0,0.25,0.29,2.0,forecast_24h,toc
2025-07-06,0.0,0.0,0.06,0.25,2.0,forecast_24h,toc
2025-07-07,0.0,0.0,0.06,0.25,2.0,forecast_24h,toc
2025-07-08,0.04,0.04,0.04,0.29,2.0,forecast_24h,toc
2025-07-09,0.74,0.78,0.78,1.03,2.0,forecast_24h,toc
2025-07-10,0.02,0.8,0.8,1.05,2.0,forecast_24h,toc
2025-07-11,0.0,0.76,0.8,1.05,2.1,forecast_24h,toc
2025-07-12,0.0,0.02,0.8,1.05,2.2,forecast_24h,toc
2025-07-13,0.0,0.0,0.8,0.8600000000000001,2.1,forecast_24h,toc
2025-07-14,0.0,0.0,0.8,0.8600000000000001,2.1,forecast_24h,toc
2025-07-15,0.0,0.0,0.76,0.8,2.0,forecast_24h,toc
2025-07-16,0.09,0.09,0.11,0.89,2.2,forecast_24h,toc
2025-07-17,0.0,0.09,0.09,0.89,2.2,forecast_24h,toc
2025-07-18,0.0,0.09,0.09,0.89,2.2,forecast_24h,toc
2025-07-19,0.0,0.0,0.09,0.89,2.1,forecast_24h,toc
2025-07-20,0.09,0.09,0.18,0.98,2.1,forecast_24h,toc
2025-07-21,0.0,0.09,0.18,0.98,2.1,forecast_24h,toc
2025-07-22,0.24,0.32999999999999996,0.42,1.18,2.1,forecast_24h,toc
2025-07-23,0.0,0.24,0.32999999999999996,0.44,2.2,forecast_24h,toc
2025-07-24,0.0,0.24,0.32999999999999996,0.42,2.1,forecast_24h,toc
2025-07-25,0.0,0.0,0.32999999999999996,0.42,2.1,forecast_24h,toc
2025-07-26,0.0,0.0,0.32999999999999996,0.42,2.2,forecast_24h,toc
2025-07-27,0.2,0.2,0.44,0.62,2.2,forecast_24h,toc
2025-07-28,0.0,0.2,0.44,0.62,2.4,forecast_24h,toc
2025-07-29,0.0,0.2,0.2,0.62,2.4,forecast_24h,toc
2025-07-30,0.09,0.09,0.29000000000000004,0.62,2.2,forecast_24h,toc
2025-07-31,0.0,0.09,0.29000000000000004,0.62,2.2,forecast_24h,toc
2025-08-01,0.0,0.09,0.29000000000000004,0.62,2.4,forecast_24h,toc
2025-08-02,0.0,0.0,0.29000000000000004,0.62,2.3,forecast_24h,toc
2025-08-03,0.03,0.03,0.12,0.56,2.2,forecast_24h,toc
2025-08-04,0.03,0.06,0.15,0.5900000000000001,2.3,forecast_24h,toc
2025-08-05,0.04,0.1,0.19,0.39,2.4,forecast_24h,toc
2025-08-06,0.05,0.12,0.15,0.44,2.2,forecast_24h,toc
2025-08-07,0.2,0.29000000000000004,0.35,0.64,2.3,forecast_24h,toc
2025-08-08,0.0,0.25,0.35,0.64,2.4,forecast_24h,toc
2025-08-09,0.0,0.2,0.35,0.64,2.4,forecast_24h,toc
2025-08-10,0.0,0.0,0.31999999999999995,0.44,2.4,forecast_24h,toc
2025-08-11,0.0,0.0,0.29000000000000004,0.44,2.3,forecast_24h,toc
2025-08-12,0.0,0.0,0.25,0.44,2.3,forecast_24h,toc
2025-08-13,0.0,0.0,0.2,0.35,2.3,forecast_24h,toc
2025-08-14,0.0,0.0,0.0,0.35,2.3,forecast_24h,toc
2025-08-15,0.0,0.0,0.0,0.35,2.2,forecast_24h,toc
2025-08-16,0.0,0.0,0.0,0.35,2.2,forecast_24h,toc
2025-08-17,0.0,0.0,0.0,0.32,2.2,forecast_24h,toc
2025-08-18,0.0,0.0,0.0,0.29000000000000004,2.2,forecast_24h,toc
2025-08-19,0.0,0.0,0.0,0.25,2.2,forecast_24h,toc
2025-08-20,0.0,0.0,0.0,0.2,2.3,forecast_24h,toc
2025-08-21,0.88,0.88,0.88,0.88,2.2,forecast_24h,toc
2025-08-22,0.0,0.88,0.88,0.88,2.3,forecast_24h,toc
2025-08-23,0.0,0.88,0.88,0.88,2.3,forecast_24h,toc
2025-08-24,0.0,0.0,0.88,0.88,2.3,forecast_24h,toc
2025-08-25,0.0,0.0,0.88,0.88,2.4,forecast_24h,toc
2025-08-26,0.0,0.0,0.88,0.88,2.3,forecast_24h,toc
2025-08-27,0.19,0.19,1.07,1.07,2.3,forecast_24h,toc
2025-08-28,0.05,0.24,0.24,1.12,2.3,forecast_24h,toc
2025-08-29,0.28,0.52,0.52,1.4,2.4,forecast_24h,toc
2025-08-30,1.03,1.36,1.55,2.43,2.4,forecast_24h,toc
2025-08-31,0.14,1.4500000000000002,1.69,2.5700000000000003,2.4,forecast_24h,toc
2025-09-01,0.04,1.21,1.73,2.6100000000000003,2.3,forecast_24h,toc
2025-09-02,0.0,0.18000000000000002,1.73,2.6100000000000003,2.3,forecast_24h,toc
2025-09-03,0.22,0.26,1.7600000000000002,2.83,2.2,forecast_24h,toc
2025-09-04,0.02,0.24,1.73,1.9700000000000002,2.3,forecast_24h,toc
2025-09-05,0.0,0.24,1.45,1.9700000000000002,2.3,forecast_24h,toc
2025-09-06,0.0,0.02,0.42000000000000004,1.9700000000000002,2.3,forecast_24h,toc
2025-09-07,0.0,0.0,0.28,1.9700000000000002,2.3,forecast_24h,toc
2025-09-08,0.0,0.0,0.24,1.9700000000000002,2.3,forecast_24h,toc
2025-09-09,0.0,0.0,0.24,1.9700000000000002,2.2,forecast_24h,toc
2025-09-10,0.02,0.02,0.04,1.8,2.4,forecast_24h,toc
2025-09-11,0.0,0.02,0.02,1.75,2.4,forecast_24h,toc
2025-09-12,0.0,0.02,0.02,1.4700000000000002,2.3,forecast_24h,toc
2025-09-13,0.0,0.0,0.02,0.44,2.3,forecast_24h,toc
2025-09-14,0.0,0.0,0.02,0.3,2.2,forecast_24h,toc
2025-09-15,0.0,0.0,0.02,0.26,2.2,forecast_24h,toc
2025-09-16,0.0,0.0,0.02,0.26,2.2,forecast_24h,toc
2025-09-17,0.17,0.17,0.17,0.21000000000000002,2.2,forecast_24h,toc
2025-09-18,0.13,0.30000000000000004,0.30000000000000004,0.32000000000000006,2.2,forecast_24h,toc
2025-09-19,0.0,0.30000000000000004,0.30000000000000004,0.32000000000000006,2.2,forecast_24h,toc
2025-09-20,0.0,0.13,0.30000000000000004,0.32000000000000006,2.2,forecast_24h,toc
2025-09-21,0.23,0.23,0.53,0.55,2.5,forecast_24h,toc
2025-09-22,0.14,0.37,0.67,0.6900000000000001,2.2,forecast_24h,toc
2025-09-23,0.0,0.37,0.67,0.6900000000000001,2.2,forecast_24h,toc
2025-09-24,0.0,0.14,0.5,0.67,2.2,forecast_24h,toc
2025-09-25,0.0,0.0,0.37,0.67,2.2,forecast_24h,toc
2025-09-26,0.0,0.0,0.37,0.67,2.3,forecast_24h,toc
2025-09-27,0.62,0.62,0.99,1.29,2.2,forecast_24h,toc
2025-09-28,0.58,1.2,1.3399999999999999,1.87,2.2,forecast_24h,toc
2025-09-29,0.0,1.2,1.1999999999999997,1.87,2.2,forecast_24h,toc
2025-09-30,0.0,0.58,1.1999999999999997,1.87,2.3,forecast_24h,toc
2025-10-01,0.0,0.0,1.1999999999999997,1.7000000000000002,2.3,forecast_24h,toc
2025-10-02,0.0,0.0,1.1999999999999997,1.5699999999999998,2.2,forecast_24h,toc
2025-10-03,0.0,0.0,1.1999999999999997,1.5699999999999998,2.2,forecast_24h,toc
2025-10-04,0.0,0.0,0.58,1.5699999999999998,2.2,forecast_24h,toc
2025-10-05,0.0,0.0,0.0,1.3399999999999999,2.2,forecast_24h,toc
2025-10-06,0.0,0.0,0.0,1.1999999999999997,2.3,forecast_24h,toc
2025-10-07,0.0,0.0,0.0,1.1999999999999997,2.3,forecast_24h,toc
2025-10-08,0.0,0.0,0.0,1.1999999999999997,2.3,forecast_24h,toc
2025-10-09,0.0,0.0,0.0,1.1999999999999997,2.3,forecast_24h,toc
2025-10-10,0.11,0.11,0.11,1.3099999999999998,2.3,forecast_24h,toc
2025-10-11,0.02,0.13,0.13,0.71,2.2,forecast_24h,toc
2025-10-12,0.0,0.13,0.13,0.13,2.2,forecast_24h,toc
2025-10-13,0.0,0.02,0.13,0.13,2.2,forecast_24h,toc
2025-10-14,0.0,0.0,0.13,0.13,2.2,forecast_24h,toc
2025-10-15,0.0,0.0,0.13,0.13,2.2,forecast_24h,toc
2025-10-16,0.0,0.0,0.13,0.13,2.3,forecast_24h,toc
2025-10-17,0.0,0.0,0.02,0.13,2.2,forecast_24h,toc
2025-10-18,0.0,0.0,0.0,0.13,2.3,forecast_24h,toc
2025-10-19,0.0,0.0,0.0,0.13,2.2,forecast_24h,toc
2025-10-20,0.0,0.0,0.0,0.13,2.2,forecast_24h,toc
2025-10-21,0.0,0.0,0.0,0.13,2.2,forecast_24h,toc
2025-10-22,0.0,0.0,0.0,0.13,2.2,forecast_24h,toc
2025-10-23,0.0,0.0,0.0,0.13,2.3,forecast_24h,toc
2025-10-24,0.0,0.0,0.0,0.02,2.2,forecast_24h,toc
2025-10-25,0.0,0.0,0.0,0.0,2.2,forecast_24h,toc
2025-10-26,0.0,0.0,0.0,0.0,2.2,forecast_24h,toc
2025-10-27,0.0,0.0,0.0,0.0,2.2,forecast_24h,toc
2025-10-28,0.0,0.0,0.0,0.0,2.2,forecast_24h,toc
2025-10-29,0.0,0.0,0.0,0.0,2.2,forecast_24h,toc
2025-10-30,0.0,0.0,0.0,0.0,2.2,forecast_24h,toc
2025-10-31,0.0,0.0,0.0,0.0,2.2,forecast_24h,toc
2025-11-01,0.13,0.13,0.13,0.13,2.2,forecast_24h,toc
2025-11-02,0.0,0.13,0.13,0.13,2.3,forecast_24h,toc
2025-11-03,0.0,0.13,0.13,0.13,2.2,forecast_24h,toc
2025-11-04,0.0,0.0,0.13,0.13,2.2,forecast_24h,toc
2025-11-05,0.0,0.0,0.13,0.13,2.2,forecast_24h,toc
2025-11-06,0.0,0.0,0.13,0.13,2.2,forecast_24h,toc
2025-11-07,0.0,0.0,0.13,0.13,2.2,forecast_24h,toc
2025-11-08,0.0,0.0,0.0,0.13,2.2,forecast_24h,toc
2025-11-09,0.0,0.0,0.0,0.13,2.0,forecast_24h,toc
2025-11-10,0.0,0.0,0.0,0.13,2.0,forecast_24h,toc
2025-11-11,0.0,0.0,0.0,0.13,2.0,forecast_24h,toc
2025-11-12,0.0,0.0,0.0,0.13,2.1,forecast_24h,toc
2025-11-13,0.0,0.0,0.0,0.13,2.2,forecast_24h,toc
2025-11-14,0.0,0.0,0.0,0.13,2.1,forecast_24h,toc
2025-11-15,0.0,0.0,0.0,0.0,2.1,forecast_24h,toc
2025-11-16,0.0,0.0,0.0,0.0,2.1,forecast_24h,toc
2025-11-17,0.0,0.0,0.0,0.0,2.1,forecast_24h,toc
2025-11-18,0.0,0.0,0.0,0.0,2.1,forecast_24h,toc
2025-11-19,0.0,0.0,0.0,0.0,2.1,forecast_24h,toc
2025-11-20,0.0,0.0,0.0,0.0,2.1,forecast_24h,toc
2025-11-21,0.02,0.02,0.02,0.02,2.1,forecast_24h,toc
2025-11-22,0.0,0.02,0.02,0.02,2.1,forecast_24h,toc
2025-11-23,0.0,0.02,0.02,0.02,2.1,forecast_24h,toc
2025-11-24,0.0,0.0,0.02,0.02,2.1,forecast_24h,toc
2025-12-10,0.0,0.44,0.6799999999999999,0.6799999999999999,2.2,forecast_24h,toc
2025-12-11,0.0,0.0,0.6799999999999999,0.6799999999999999,2.2,forecast_24h,toc
2025-12-12,0.0,0.0,0.6799999999999999,0.6799999999999999,2.2,forecast_24h,toc
2025-12-13,0.0,0.0,0.6799999999999999,0.6799999999999999,2.1,forecast_24h,toc
2025-12-14,0.0,0.0,0.44,0.6799999999999999,2.2,forecast_24h,toc
2025-12-15,0.0,0.0,0.0,0.6799999999999999,2.2,forecast_24h,toc
2025-12-16,0.0,0.0,0.0,0.6799999999999999,2.2,forecast_24h,toc
2025-12-17,0.0,0.0,0.0,0.6799999999999999,2.1,forecast_24h,toc
2026-03-31,0.0,0.0,0.0,0.43000000000000005,2.3,forecast_24h,toc
2026-04-01,0.0,0.0,0.0,0.43000000000000005,2.3,forecast_24h,toc
2026-04-02,0.0,0.0,0.0,0.09,2.2,forecast_24h,toc
2026-04-03,0.0,0.0,0.0,0.0,2.2,forecast_24h,toc
2026-04-04,0.0,0.0,0.0,0.0,2.2,forecast_24h,toc
2026-04-05,0.0,0.0,0.0,0.0,2.2,forecast_24h,toc
2026-04-06,0.02,0.02,0.02,0.02,2.2,forecast_24h,toc
2026-04-07,0.0,0.02,0.02,0.02,2.3,forecast_24h,toc
2026-04-08,0.0,0.02,0.02,0.02,2.2,forecast_24h,toc
2026-04-09,0.0,0.0,0.02,0.02,2.3,forecast_24h,toc
2026-04-10,0.0,0.0,0.02,0.02,2.3,forecast_24h,toc
2026-04-11,0.0,0.0,0.02,0.02,2.2,forecast_24h,toc
2026-04-12,0.0,0.0,0.02,0.02,1.2,forecast_24h,toc
2026-04-13,0.0,0.0,0.0,0.02,2.3,forecast_24h,toc
2026-04-14,0.0,0.0,0.0,0.02,2.3,forecast_24h,toc
2026-04-15,0.0,0.0,0.0,0.02,2.3,forecast_24h,toc
2026-04-16,0.0,0.0,0.0,0.02,2.7,forecast_24h,toc
2026-04-17,0.0,0.0,0.0,0.02,2.3,forecast_24h,toc
2026-04-18,0.0,0.0,0.0,0.02,2.2,forecast_24h,toc
2026-04-19,0.0,0.0,0.0,0.02,2.2,forecast_24h,toc
2026-04-20,0.0,0.0,0.0,0.0,2.2,forecast_24h,toc
2026-04-21,0.0,0.0,0.0,0.0,2.3,forecast_24h,toc
2026-04-22,0.36,0.36,0.36,0.36,2.3,forecast_24h,toc
2026-04-23,0.0,0.36,0.36,0.36,2.2,forecast_24h,toc
2026-04-24,0.0,0.36,0.36,0.36,2.3,forecast_24h,toc
2026-04-25,0.0,0.0,0.36,0.36,2.3,forecast_24h,toc
2026-04-26,0.0,0.0,0.36,0.36,2.2,forecast_24h,toc
2026-04-27,0.0,0.0,0.36,0.36,2.2,forecast_24h,toc
2026-04-28,0.0,0.0,0.36,0.36,2.3,forecast_24h,toc
2026-04-29,0.0,0.0,0.0,0.36,2.2,forecast_24h,toc
2026-04-30,0.0,0.0,0.0,0.36,2.2,forecast_24h,toc
2026-05-01,0.23,0.23,0.23,0.59,2.2,forecast_24h,toc
2026-05-02,0.07,0.30000000000000004,0.30000000000000004,0.66,2.1,forecast_24h,toc
2026-05-03,0.02,0.32,0.32,0.68,2.1,forecast_24h,toc
2026-05-04,0.15,0.24,0.47,0.83,2.1,forecast_24h,toc
2026-05-05,0.12,0.29,0.59,0.95,2.1,forecast_24h,toc
2026-05-06,0.0,0.26999999999999996,0.59,0.59,2.1,forecast_24h,toc
2026-05-07,0.0,0.12,0.59,0.59,2.1,forecast_24h,toc
2026-05-08,0.0,0.0,0.36,0.59,2.2,forecast_24h,toc
2026-05-09,0.19,0.19,0.48,0.78,2.2,forecast_24h,toc
2026-05-10,0.84,1.03,1.3,1.62,2.1,forecast_24h,toc
2026-05-11,0.16,1.19,1.31,1.78,2.2,forecast_24h,toc
2026-05-12,0.0,1.0,1.19,1.78,2.2,forecast_24h,toc
2026-05-13,0.0,0.1599999999999999,1.19,1.78,2.2,forecast_24h,toc
2026-05-14,0.02,0.01999999999999989,1.21,1.8,2.3,forecast_24h,toc
2026-05-15,0.0,0.01999999999999989,1.21,1.57,2.3,forecast_24h,toc
2026-05-16,0.0,0.01999999999999989,1.02,1.5,2.4,forecast_24h,toc
2026-05-17,0.0,0.0,0.18,1.48,2.4,forecast_24h,toc
2026-05-18,0.0,0.0,0.02,1.33,2.2,forecast_24h,toc
2026-05-19,0.0,0.0,0.02,1.21,2.2,forecast_24h,toc
2026-05-20,0.0,0.0,0.02,1.21,2.2,forecast_24h,toc
2026-05-21,0.0,0.0,0.0,1.21,2.2,forecast_24h,toc
2026-05-22,0.09,0.08999999999999989,0.09,1.2999999999999998,2.2,forecast_24h,toc
2026-05-23,0.54,0.6299999999999999,0.63,1.65,2.2,forecast_24h,toc
2026-05-24,0.21,0.8399999999999999,0.84,1.02,2.2,forecast_24h,toc
2026-05-25,0.39,1.14,1.23,1.25,2.3,forecast_24h,toc
2026-05-26,0.0,0.5999999999999999,1.23,1.25,2.3,forecast_24h,toc
2026-05-27,0.07,0.4599999999999999,1.3,1.32,2.3,forecast_24h,toc
2026-05-28,0.0,0.0699999999999999,1.3,1.3,2.3,forecast_24h,toc
2026-05-29,0.0,0.0699999999999999,1.21,1.3,2.3,forecast_24h,toc
2026-05-30,0.05,0.04999999999999989,0.72,1.35,2.3,forecast_24h,toc
2026-05-31,0.02,0.0699999999999999,0.53,1.3699999999999999,2.4,forecast_24h,toc
2026-06-01,0.0,0.0699999999999999,0.14,1.3699999999999999,2.4,forecast_24h,toc
2026-06-02,0.06,0.07999999999999989,0.2,1.43,2.2,forecast_24h,toc
2026-06-03,0.0,0.05999999999999989,0.13,1.43,2.3,forecast_24h,toc
2026-06-04,0.0,0.05999999999999989,0.13,1.43,2.3,forecast_24h,toc
2026-06-05,0.0,0.0,0.13,1.34,2.3,forecast_24h,toc
2026-06-06,0.04,0.03999999999999989,0.12,0.84,2.2,forecast_24h,toc
2026-06-07,0.0,0.03999999999999989,0.1,0.63,2.2,forecast_24h,toc
2026-06-08,0.0,0.03999999999999989,0.1,0.24000000000000002,2.2,forecast_24h,toc
2026-06-09,0.0,0.0,0.04,0.24000000000000002,2.2,forecast_24h,toc
2026-06-10,0.0,0.0,0.04,0.17,2.2,forecast_24h,toc
2026-06-11,0.0,0.0,0.04,0.17,2.2,forecast_24h,toc
2026-06-12,0.0,0.0,0.04,0.17,2.2,forecast_24h,toc
2026-06-13,0.0,0.0,0.0,0.12,2.2,forecast_24h,toc
2026-06-14,0.0,0.0,0.0,0.1,2.2,forecast_24h,toc
2026-06-15,0.0,0.0,0.0,0.1,2.3,forecast_24h,toc
2026-06-16,0.0,0.0,0.0,0.04,2.4,forecast_24h,toc
2026-06-17,0.0,0.0,0.0,0.04,2.2,forecast_24h,toc
2026-06-18,0.0,0.0,0.0,0.04,2.2,forecast_24h,toc
2026-06-19,0.04,0.03999999999999989,0.04,0.08,2.3,forecast_24h,toc
2026-06-20,0.0,0.03999999999999989,0.04,0.04,2.3,forecast_24h,toc
2026-06-21,0.0,0.03999999999999989,0.04,0.04,2.2,forecast_24h,toc
2026-06-22,0.0,0.0,0.04,0.04,2.2,forecast_24h,toc
2026-06-23,0.0,0.0,0.04,0.04,2.2,forecast_24h,toc
2026-06-24,0.0,0.0,0.04,0.04,2.4,forecast_24h,toc
2026-06-25,0.0,0.0,0.04,0.04,2.4,forecast_24h,toc
2026-06-26,0.0,0.0,0.0,0.04,2.2,forecast_24h,toc
2026-06-27,0.0,0.0,0.0,0.04,2.2,forecast_24h,toc
2026-06-28,0.0,0.0,0.0,0.04,2.2,forecast_24h,toc
2026-06-29,0.35,0.34999999999999987,0.35,0.38999999999999996,2.2,forecast_24h,toc
2026-06-30,0.0,0.34999999999999987,0.35,0.38999999999999996,2.2,forecast_24h,toc
2026-07-01,0.09,0.43999999999999984,0.43999999999999995,0.48,2.1,forecast_24h,toc
2026-07-02,0.0,0.08999999999999989,0.43999999999999995,0.48,2.1,forecast_24h,toc
2026-07-03,0.0,0.08999999999999989,0.43999999999999995,0.43999999999999995,2.1,forecast_24h,toc
2026-07-04,0.0,0.0,0.43999999999999995,0.43999999999999995,2.2,forecast_24h,toc
2026-07-05,0.0,0.0,0.43999999999999995,0.43999999999999995,2.2,forecast_24h,toc
2026-07-06,0.0,0.0,0.09,0.43999999999999995,2.2,forecast_24h,toc
2026-07-07,0.0,0.0,0.09,0.43999999999999995,2.2,forecast_24h,toc
2026-07-08,0.0,0.0,0.0,0.43999999999999995,2.1,forecast_24h,toc
2026-07-09,0.0,0.0,0.0,0.43999999999999995,2.2,forecast_24h,toc
2026-07-10,0.0,0.0,0.0,0.43999999999999995,2.2,forecast_24h,toc
2026-07-11,0.0,0.0,0.0,0.43999999999999995,2.2,forecast_24h,toc
2026-07-12,0.08,0.07999999999999989,0.08,0.52,2.1,forecast_24h,toc
2026-07-13,0.06,0.1399999999999999,0.14,0.22999999999999998,2.1,forecast_24h,toc
2026-07-14,0.0,0.1399999999999999,0.14,0.22999999999999998,2.1,forecast_24h,toc
2026-07-15,0.0,0.05999999999999989,0.14,0.14,2.2,forecast_24h,toc
2026-07-16,0.0,0.0,0.14,0.14,2.1,forecast_24h,toc
2026-07-17,0.0,0.0,0.14,0.14,2.1,forecast_24h,toc
2026-07-18,0.0,0.0,0.14,0.14,2.1,forecast_24h,toc
2026-07-19,0.0,0.0,0.06,0.14,2.0,forecast_24h,toc
2026-07-20,0.0,0.0,0.0,0.14,2.0,forecast_24h,toc
2026-07-21,0.08,0.07999999999999989,0.08,0.22,2.0,forecast_24h,toc
2026-07-22,0.0,0.07999999999999989,0.08,0.22,2.0,forecast_24h,toc
2026-07-23,0.0,0.07999999999999989,0.08,0.22,2.1,forecast_24h,toc
2026-07-24,0.0,0.0,0.08,0.22,2.1,forecast_24h,toc
2026-07-25,0.0,0.0,0.08,0.22,2.1,forecast_24h,toc
2026-07-26,0.0,0.0,0.08,0.14,2.0,forecast_24h,toc
2026-07-27,0.48,0.47999999999999987,0.5599999999999999,0.5599999999999999,2.4,forecast_24h,toc
2026-07-28,0.63,1.1099999999999999,1.11,1.19,1.9,forecast_24h,toc
2026-07-29,0.15,1.2599999999999998,1.26,1.34,2.0,forecast_24h,toc
2026-07-30,0.0,0.7799999999999999,1.26,1.34,2.0,forecast_24h,toc
2026-07-31,0.0,0.14999999999999988,1.26,1.34,2.0,forecast_24h,toc
2026-08-01,0.04,0.03999999999999989,1.3,1.3800000000000001,1.8,forecast_24h,toc
2026-08-02,0.0,0.03999999999999989,1.3,1.3800000000000001,1.9,forecast_24h,toc
2026-08-03,0.08,0.11999999999999988,0.9000000000000001,1.46,2.0,forecast_24h,toc
2026-08-04,0.0,0.07999999999999989,0.27000000000000013,1.38,2.0,forecast_24h,toc
2026-08-05,0.04,0.11999999999999991,0.16000000000000011,1.42,1.9,forecast_24h,toc
2026-08-06,0.0,0.03999999999999989,0.16000000000000011,1.42,1.9,forecast_24h,toc
2026-08-07,0.0,0.03999999999999989,0.16000000000000011,1.42,1.9,forecast_24h,toc
2026-08-08,0.0,0.0,0.1200000000000001,1.42,2.0,forecast_24h,toc
2026-08-09,0.04,0.03999999999999989,0.1600000000000001,1.46,2.0,forecast_24h,toc
2026-08-10,0.0,0.03999999999999989,0.08000000000000011,0.98,2.0,forecast_24h,toc
2026-08-11,0.0,0.03999999999999989,0.08000000000000011,0.3500000000000001,2.0,forecast_24h,toc
2026-08-12,0.0,0.0,0.04000000000000011,0.20000000000000012,2.0,forecast_24h,toc
2026-08-13,0.0,0.0,0.04000000000000011,0.20000000000000012,2.0,forecast_24h,toc
2026-08-14,0.0,0.0,0.04000000000000011,0.20000000000000012,2.0,forecast_24h,toc
2026-08-15,0.0,0.0,0.04000000000000011,0.1600000000000001,2.5,forecast_24h,toc
2026-08-16,0.0,0.0,0.0,0.1600000000000001,2.5,forecast_24h,toc
2026-08-17,0.35,0.34999999999999987,0.3500000000000001,0.43000000000000005,2.3,forecast_24h,toc
2026-08-18,0.56,0.9099999999999999,0.9100000000000001,0.9900000000000001,2.2,forecast_24h,toc
2022-04-18,0.0,0.0,0.05,0.05,77.0,forecast_24h,alk
2022-04-19,0.0,0.0,0.05,0.05,77.5,forecast_24h,alk
2022-04-20,0.0,0.0,0.05,0.05,78.5,forecast_24h,alk
2022-04-21,0.0,0.0,0.0,0.05,80.0,forecast_24h,alk
2022-04-22,0.0,0.0,0.0,0.05,81.5,forecast_24h,alk
2022-04-23,0.0,0.0,0.0,0.05,80.5,forecast_24h,alk
2022-04-24,0.0,0.0,0.0,0.05,82.0,forecast_24h,alk
2022-04-25,0.0,0.0,0.0,0.05,83.5,forecast_24h,alk
2022-04-26,0.0,0.0,0.0,0.05,80.0,forecast_24h,alk
2022-04-27,0.0,0.0,0.0,0.05,78.5,forecast_24h,alk
2022-04-28,0.0,0.0,0.0,0.0,75.0,forecast_24h,alk
2022-04-29,0.1,0.1,0.1,0.1,73.0,forecast_24h,alk
2022-04-30,0.0,0.1,0.1,0.1,71.5,forecast_24h,alk
2022-05-01,0.0,0.1,0.1,0.1,68.0,forecast_24h,alk
2022-05-02,0.0,0.0,0.1,0.1,65.0,forecast_24h,alk
2022-05-03,0.0,0.0,0.1,0.1,65.0,forecast_24h,alk
2022-05-04,0.0,0.0,0.1,0.1,66.0,forecast_24h,alk
2022-05-05,0.0,0.0,0.1,0.1,71.0,forecast_24h,alk
2022-05-06,0.24,0.24,0.24,0.33999999999999997,61.0,forecast_24h,alk
2022-05-07,0.04,0.27999999999999997,0.27999999999999997,0.38,60.5,forecast_24h,alk
2022-05-08,0.11,0.39,0.39,0.49,58.0,forecast_24h,alk
2022-05-09,0.16,0.31,0.55,0.65,54.0,forecast_24h,alk
2022-05-10,0.0,0.27,0.55,0.65,52.0,forecast_24h,alk
2022-05-11,0.0,0.16,0.55,0.65,50.0,forecast_24h,alk
2022-05-12,0.0,0.0,0.55,0.65,49.0,forecast_24h,alk
2022-05-13,0.0,0.0,0.31,0.55,46.0,forecast_24h,alk
2022-05-14,0.0,0.0,0.27,0.55,47.5,forecast_24h,alk
2022-05-15,0.0,0.0,0.16,0.55,50.5,forecast_24h,alk
2022-05-16,0.0,0.0,0.0,0.55,48.5,forecast_24h,alk
2022-05-17,0.0,0.0,0.0,0.55,51.0,forecast_24h,alk
2022-05-18,0.0,0.0,0.0,0.55,49.0,forecast_24h,alk
2022-05-19,0.0,0.0,0.0,0.55,49.7,forecast_24h,alk
2022-05-20,0.0,0.0,0.0,0.31000000000000005,50.5,forecast_24h,alk
2022-05-21,0.0,0.0,0.0,0.27,49.5,forecast_24h,alk
2022-05-22,0.0,0.0,0.0,0.16,48.5,forecast_24h,alk
2022-05-23,0.0,0.0,0.0,0.0,48.0,forecast_24h,alk
2022-05-24,0.03,0.03,0.03,0.03,49.1,forecast_24h,alk
2022-05-25,1.07,1.1,1.1,1.1,48.8,forecast_24h,alk
2022-05-26,0.04,1.1400000000000001,1.1400000000000001,1.1400000000000001,48.5,forecast_24h,alk
2022-05-27,0.0,1.11,1.1400000000000001,1.1400000000000001,49.5,forecast_24h,alk
2022-05-28,0.15,0.19,1.29,1.29,49.5,forecast_24h,alk
2022-05-29,0.04,0.19,1.33,1.33,48.5,forecast_24h,alk
2022-05-30,0.0,0.19,1.33,1.33,47.5,forecast_24h,alk
2022-05-31,0.0,0.04,1.3,1.33,47.0,forecast_24h,alk
2022-06-01,0.0,0.0,0.23,1.33,46.0,forecast_24h,alk
2022-06-02,0.0,0.0,0.19,1.33,47.0,forecast_24h,alk
2022-06-03,0.04,0.04,0.22999999999999998,1.37,42.0,forecast_24h,alk
2022-06-04,0.0,0.04,0.08,1.37,40.5,forecast_24h,alk
2022-06-05,0.63,0.67,0.67,2.0,39.5,forecast_24h,alk
2022-06-06,0.03,0.66,0.7000000000000001,2.0300000000000002,39.0,forecast_24h,alk
2022-06-07,0.0,0.66,0.7000000000000001,2.0000000000000004,38.5,forecast_24h,alk
2022-06-08,0.04,0.07,0.74,0.97,33.1,forecast_24h,alk
2022-06-09,0.0,0.04,0.74,0.9299999999999999,35.5,forecast_24h,alk
2022-06-10,0.0,0.04,0.7,0.9299999999999999,34.0,forecast_24h,alk
2022-06-11,0.11,0.11,0.81,0.8900000000000001,33.5,forecast_24h,alk
2022-06-12,0.0,0.11,0.18,0.8500000000000001,34.0,forecast_24h,alk
2022-06-13,0.0,0.11,0.15,0.8500000000000001,33.5,forecast_24h,alk
2022-06-14,0.0,0.0,0.15,0.8500000000000001,34.0,forecast_24h,alk
2022-06-15,0.0,0.0,0.10999999999999999,0.8500000000000001,33.5,forecast_24h,alk
2022-06-16,0.0,0.0,0.10999999999999999,0.8500000000000001,33.5,forecast_24h,alk
2022-06-17,0.0,0.0,0.10999999999999999,0.81,35.0,forecast_24h,alk
2022-06-18,0.0,0.0,0.0,0.81,34.0,forecast_24h,alk
2022-06-19,0.0,0.0,0.0,0.18,37.0,forecast_24h,alk
2022-06-20,0.0,0.0,0.0,0.15,34.0,forecast_24h,alk
2022-06-21,0.0,0.0,0.0,0.15,37.0,forecast_24h,alk
2022-06-22,0.0,0.0,0.0,0.10999999999999999,37.5,forecast_24h,alk
2022-06-23,0.0,0.0,0.0,0.10999999999999999,39.0,forecast_24h,alk
2022-06-24,0.0,0.0,0.0,0.10999999999999999,38.0,forecast_24h,alk
2022-06-25,0.0,0.0,0.0,0.0,37.5,forecast_24h,alk
2022-06-26,0.0,0.0,0.0,0.0,38.0,forecast_24h,alk
2022-06-27,0.0,0.0,0.0,0.0,33.5,forecast_24h,alk
2022-06-28,0.0,0.0,0.0,0.0,37.0,forecast_24h,alk
2022-06-29,0.02,0.02,0.02,0.02,39.5,forecast_24h,alk
2022-06-30,0.04,0.06,0.06,0.06,39.0,forecast_24h,alk
2022-07-01,0.0,0.060000000000000005,0.060000000000000005,0.060000000000000005,40.0,forecast_24h,alk
2022-07-02,0.0,0.04000000000000001,0.060000000000000005,0.060000000000000005,40.5,forecast_24h,alk
2022-07-03,0.0,0.0,0.060000000000000005,0.060000000000000005,39.5,forecast_24h,alk
2022-07-04,0.02,0.02,0.08,0.08,39.0,forecast_24h,alk
2022-07-05,0.3,0.32,0.38,0.38,40.3,forecast_24h,alk
2022-07-06,0.0,0.32,0.36,0.38,39.5,forecast_24h,alk
2022-07-07,0.63,0.9299999999999999,0.95,1.01,40.5,forecast_24h,alk
2022-07-08,0.03,0.66,0.9800000000000001,1.04,42.5,forecast_24h,alk
2022-07-09,0.04,0.7000000000000001,1.02,1.08,41.5,forecast_24h,alk
2022-07-10,0.12,0.19,1.1400000000000001,1.2,44.5,forecast_24h,alk
2022-07-11,0.16,0.32,1.28,1.36,45.0,forecast_24h,alk
2022-07-12,0.02,0.30000000000000004,1.0,1.3800000000000001,42.5,forecast_24h,alk
2022-07-13,0.0,0.18,1.0,1.36,45.0,forecast_24h,alk
2022-07-14,0.0,0.02,0.3700000000000001,1.32,44.5,forecast_24h,alk
2022-07-15,0.0,0.0,0.3400000000000001,1.32,45.5,forecast_24h,alk
2022-07-16,0.0,0.0,0.3000000000000001,1.32,48.0,forecast_24h,alk
2022-07-17,0.0,0.0,0.1800000000000001,1.32,45.0,forecast_24h,alk
2022-07-18,0.18,0.18,0.2000000000000001,1.48,45.5,forecast_24h,alk
2022-07-19,0.0,0.18,0.1800000000000001,1.1800000000000002,49.0,forecast_24h,alk
2022-07-20,0.06,0.24,0.2400000000000001,1.2400000000000002,50.0,forecast_24h,alk
2022-07-21,0.0,0.06,0.2400000000000001,0.61,50.5,forecast_24h,alk
2022-07-22,0.0,0.06,0.2400000000000001,0.58,50.0,forecast_24h,alk
2022-07-23,0.0,0.0,0.2400000000000001,0.54,49.5,forecast_24h,alk
2022-07-24,0.06,0.06,0.3000000000000001,0.48,48.5,forecast_24h,alk
2022-07-25,0.05,0.11,0.1700000000000001,0.36999999999999994,48.5,forecast_24h,alk
2022-07-26,0.0,0.11,0.1700000000000001,0.35,48.5,forecast_24h,alk
2022-07-27,0.0,0.05,0.11000000000000011,0.35,48.0,forecast_24h,alk
2022-07-28,0.04,0.04,0.1500000000000001,0.39,50.0,forecast_24h,alk
2022-07-29,0.18,0.22,0.33000000000000007,0.57,51.5,forecast_24h,alk
2022-07-30,0.0,0.22,0.33000000000000007,0.57,52.0,forecast_24h,alk
2022-07-31,0.27,0.45,0.54,0.84,53.0,forecast_24h,alk
2022-08-01,0.14,0.41000000000000003,0.6300000000000001,0.7999999999999999,50.5,forecast_24h,alk
2022-08-02,0.0,0.41000000000000003,0.6300000000000001,0.8,48.8,forecast_24h,alk
2022-08-03,0.0,0.14,0.6300000000000001,0.74,50.2,forecast_24h,alk
2022-08-04,0.0,0.0,0.5900000000000001,0.74,50.5,forecast_24h,alk
2022-08-05,0.0,0.0,0.41000000000000014,0.74,48.0,forecast_24h,alk
2022-08-06,0.0,0.0,0.41000000000000014,0.74,49.5,forecast_24h,alk
2022-08-07,0.0,0.0,0.14000000000000012,0.6799999999999999,47.0,forecast_24h,alk
2022-08-08,0.04,0.04,0.04000000000000011,0.67,49.5,forecast_24h,alk
2022-08-09,0.0,0.04,0.04000000000000011,0.67,54.5,forecast_24h,alk
2022-08-10,0.0,0.04,0.04000000000000011,0.67,58.5,forecast_24h,alk
2022-08-11,0.12,0.12,0.16000000000000011,0.75,58.5,forecast_24h,alk
2022-08-12,0.11,0.22999999999999998,0.27000000000000013,0.68,57.5,forecast_24h,alk
2022-08-13,0.0,0.22999999999999998,0.27000000000000013,0.68,58.0,forecast_24h,alk
2022-08-14,0.0,0.11,0.27000000000000013,0.41000000000000003,58.0,forecast_24h,alk
2022-08-15,0.0,0.0,0.2300000000000001,0.27,57.0,forecast_24h,alk
2022-08-16,0.0,0.0,0.2300000000000001,0.27,57.5,forecast_24h,alk
2022-08-17,0.0,0.0,0.2300000000000001,0.27,58.5,forecast_24h,alk
2022-08-18,0.04,0.04,0.1500000000000001,0.31,57.5,forecast_24h,alk
2022-08-19,0.04,0.08,0.08000000000000011,0.35,63.0,forecast_24h,alk
2022-08-20,0.86,0.94,0.9400000000000001,1.21,62.0,forecast_24h,alk
2022-08-21,0.43,1.3299999999999998,1.37,1.64,63.5,forecast_24h,alk
2022-08-22,0.0,1.2899999999999998,1.37,1.5999999999999999,65.0,forecast_24h,alk
2022-08-23,0.0,0.43,1.37,1.5999999999999999,64.0,forecast_24h,alk
2022-08-24,0.0,0.0,1.37,1.5999999999999999,64.5,forecast_24h,alk
2022-08-25,0.02,0.02,1.35,1.5,61.8,forecast_24h,alk
2022-08-26,0.16,0.18,1.47,1.5499999999999998,62.2,forecast_24h,alk
2022-08-27,0.13,0.31,0.7400000000000001,1.68,64.1,forecast_24h,alk
2022-08-28,0.0,0.29,0.3100000000000001,1.68,64.0,forecast_24h,alk
2022-08-29,0.0,0.13,0.3100000000000001,1.68,64.0,forecast_24h,alk
2022-08-30,0.0,0.0,0.3100000000000001,1.68,64.0,forecast_24h,alk
2022-08-31,0.0,0.0,0.3100000000000001,1.68,65.5,forecast_24h,alk
2022-09-01,0.0,0.0,0.2900000000000001,1.64,68.0,forecast_24h,alk
2022-09-02,0.09,0.09,0.2200000000000001,1.69,67.0,forecast_24h,alk
2022-09-03,0.0,0.09,0.09000000000000011,0.83,64.5,forecast_24h,alk
2022-09-04,0.0,0.09,0.09000000000000011,0.4,61.7,forecast_24h,alk
2022-09-05,0.0,0.0,0.09000000000000011,0.4,62.0,forecast_24h,alk
2022-09-06,0.0,0.0,0.09000000000000011,0.4,63.0,forecast_24h,alk
2022-09-07,0.0,0.0,0.09000000000000011,0.4,62.0,forecast_24h,alk
2022-09-08,0.0,0.0,0.09000000000000011,0.38,64.5,forecast_24h,alk
2022-09-09,0.0,0.0,0.0,0.22,66.0,forecast_24h,alk
2022-09-10,0.0,0.0,0.0,0.09,66.0,forecast_24h,alk
2022-09-11,0.0,0.0,0.0,0.09,64.0,forecast_24h,alk
2022-09-12,0.0,0.0,0.0,0.09,67.5,forecast_24h,alk
2022-09-13,0.0,0.0,0.0,0.09,59.1,forecast_24h,alk
2022-09-14,0.08,0.08,0.08000000000000011,0.16999999999999998,59.0,forecast_24h,alk
2022-09-15,0.04,0.12,0.1200000000000001,0.21,61.5,forecast_24h,alk
2022-09-16,0.0,0.12,0.1200000000000001,0.12,63.5,forecast_24h,alk
2022-09-17,0.0,0.04,0.1200000000000001,0.12,62.5,forecast_24h,alk
2022-09-18,0.0,0.0,0.1200000000000001,0.12,60.5,forecast_24h,alk
2022-09-19,0.14,0.14,0.2600000000000001,0.26,59.5,forecast_24h,alk
2022-09-20,0.0,0.14,0.2600000000000001,0.26,59.5,forecast_24h,alk
2022-09-21,0.0,0.14,0.1800000000000001,0.26,58.0,forecast_24h,alk
2022-09-22,0.0,0.0,0.14000000000000012,0.26,61.0,forecast_24h,alk
2022-09-23,0.0,0.0,0.14000000000000012,0.26,62.5,forecast_24h,alk
2022-09-24,0.0,0.0,0.14000000000000012,0.26,61.0,forecast_24h,alk
2022-09-25,0.0,0.0,0.14000000000000012,0.26,53.5,forecast_24h,alk
2022-09-26,0.2,0.2,0.20000000000000012,0.46,57.5,forecast_24h,alk
2022-09-27,0.01,0.21000000000000002,0.21000000000000013,0.47000000000000003,53.7,forecast_24h,alk
2022-09-28,0.0,0.21000000000000002,0.21000000000000013,0.39,53.8,forecast_24h,alk
2022-09-29,0.0,0.01,0.21000000000000013,0.35000000000000003,55.5,forecast_24h,alk
2022-09-30,0.0,0.0,0.21000000000000013,0.35000000000000003,53.5,forecast_24h,alk
2022-10-01,0.0,0.0,0.21000000000000013,0.35000000000000003,56.0,forecast_24h,alk
2022-10-02,0.0,0.0,0.21000000000000013,0.35000000000000003,57.5,forecast_24h,alk
2022-10-03,0.0,0.0,0.010000000000000111,0.21000000000000002,61.0,forecast_24h,alk
2022-10-04,0.11,0.11,0.11000000000000011,0.32,62.5,forecast_24h,alk
2022-10-05,0.37,0.48,0.4800000000000001,0.69,63.5,forecast_24h,alk
2022-10-06,0.02,0.5,0.5000000000000001,0.71,71.5,forecast_24h,alk
2022-10-07,0.0,0.39,0.5000000000000001,0.71,72.5,forecast_24h,alk
2022-10-08,0.02,0.04,0.5200000000000001,0.73,64.5,forecast_24h,alk
2022-10-09,0.12,0.13999999999999999,0.6400000000000001,0.85,73.5,forecast_24h,alk
2022-10-10,0.0,0.14,0.6400000000000001,0.6499999999999999,75.5,forecast_24h,alk
2022-10-11,0.0,0.12,0.5300000000000001,0.64,77.5,forecast_24h,alk
2022-10-12,0.0,0.0,0.16000000000000011,0.64,78.5,forecast_24h,alk
2022-10-13,0.0,0.0,0.14000000000000012,0.64,80.5,forecast_24h,alk
2022-10-14,0.0,0.0,0.14000000000000012,0.64,83.5,forecast_24h,alk
2022-10-15,0.0,0.0,0.1200000000000001,0.64,85.0,forecast_24h,alk
2022-10-16,0.0,0.0,0.0,0.64,83.7,forecast_24h,alk
2022-10-17,0.0,0.0,0.0,0.64,85.0,forecast_24h,alk
2022-10-18,0.0,0.0,0.0,0.53,82.0,forecast_24h,alk
2022-10-19,0.0,0.0,0.0,0.16,88.5,forecast_24h,alk
2022-10-20,0.0,0.0,0.0,0.14,84.0,forecast_24h,alk
2022-10-21,0.0,0.0,0.0,0.14,92.5,forecast_24h,alk
2022-10-22,0.0,0.0,0.0,0.12,89.5,forecast_24h,alk
2022-10-23,0.0,0.0,0.0,0.0,85.0,forecast_24h,alk
2022-10-24,0.0,0.0,0.0,0.0,87.0,forecast_24h,alk
2022-12-14,0.0,0.0,0.0,0.17,56.5,forecast_24h,alk
2022-12-15,0.0,0.0,0.0,0.17,60.9,forecast_24h,alk
2022-12-16,0.0,0.0,0.0,0.17,60.5,forecast_24h,alk
2022-12-17,0.0,0.0,0.0,0.01,60.0,forecast_24h,alk
2022-12-18,0.0,0.0,0.0,0.0,60.5,forecast_24h,alk
2022-12-19,0.0,0.0,0.0,0.0,59.0,forecast_24h,alk
2022-12-20,0.0,0.0,0.0,0.0,64.0,forecast_24h,alk
2022-12-21,0.0,0.0,0.0,0.0,63.0,forecast_24h,alk
2022-12-22,0.0,0.0,0.0,0.0,64.0,forecast_24h,alk
2022-12-23,0.0,0.0,0.0,0.0,67.0,forecast_24h,alk
2022-12-24,0.0,0.0,0.0,0.0,66.0,forecast_24h,alk
2022-12-25,0.0,0.0,0.0,0.0,67.0,forecast_24h,alk
2022-12-26,0.19,0.19,0.1900000000000001,0.19,68.0,forecast_24h,alk
2022-12-27,0.0,0.19,0.1900000000000001,0.19,72.8,forecast_24h,alk
2022-12-28,0.0,0.19,0.1900000000000001,0.19,68.5,forecast_24h,alk
2022-12-29,0.0,0.0,0.1900000000000001,0.19,65.5,forecast_24h,alk
2022-12-30,0.0,0.0,0.1900000000000001,0.19,66.0,forecast_24h,alk
2023-03-31,0.08,0.08,0.08,0.66,73.5,forecast_24h,alk
2023-04-01,0.0,0.08,0.08,0.66,73.5,forecast_24h,alk
2023-04-02,0.0,0.08,0.08,0.66,71.5,forecast_24h,alk
2023-04-03,0.0,0.0,0.08,0.13,74.5,forecast_24h,alk
2023-04-04,0.0,0.0,0.08,0.08,75.5,forecast_24h,alk
2023-04-05,0.0,0.0,0.08,0.08,74.5,forecast_24h,alk
2023-04-06,0.0,0.0,0.08,0.08,75.0,forecast_24h,alk
2023-04-07,0.0,0.0,0.0,0.08,75.5,forecast_24h,alk
2023-04-08,0.02,0.02,0.02,0.1,74.5,forecast_24h,alk
2023-04-09,0.14,0.16,0.16,0.24000000000000002,74.5,forecast_24h,alk
2023-04-10,0.0,0.16,0.16,0.24000000000000002,70.5,forecast_24h,alk
2023-04-11,0.0,0.14,0.16,0.24000000000000002,69.1,forecast_24h,alk
2023-04-12,0.0,0.0,0.16,0.24000000000000002,70.2,forecast_24h,alk
2023-04-13,0.0,0.0,0.16,0.24000000000000002,68.5,forecast_24h,alk
2023-04-14,0.0,0.0,0.16,0.16000000000000003,67.5,forecast_24h,alk
2023-04-15,0.0,0.0,0.14,0.16000000000000003,67.0,forecast_24h,alk
2023-04-16,0.0,0.0,0.0,0.16000000000000003,67.0,forecast_24h,alk
2023-04-17,0.0,0.0,0.0,0.16000000000000003,64.5,forecast_24h,alk
2023-04-18,0.0,0.0,0.0,0.16000000000000003,62.5,forecast_24h,alk
2023-04-19,0.28,0.28,0.28,0.44000000000000006,63.0,forecast_24h,alk
2023-04-20,0.0,0.28,0.28,0.44000000000000006,61.5,forecast_24h,alk
2023-04-21,0.0,0.28,0.28,0.44000000000000006,59.5,forecast_24h,alk
2023-04-22,0.0,0.0,0.28,0.42000000000000004,59.5,forecast_24h,alk
2023-04-23,0.0,0.0,0.28,0.28,61.0,forecast_24h,alk
2023-04-24,0.0,0.0,0.28,0.28,62.0,forecast_24h,alk
2023-04-25,0.0,0.0,0.28,0.28,59.5,forecast_24h,alk
2023-04-26,0.31,0.31,0.31,0.5900000000000001,61.0,forecast_24h,alk
2023-04-27,0.02,0.33,0.33,0.61,57.5,forecast_24h,alk
2023-04-28,0.0,0.33,0.33,0.61,56.0,forecast_24h,alk
2023-04-29,0.0,0.02,0.33,0.61,56.0,forecast_24h,alk
2023-04-30,1.14,1.14,1.47,1.75,56.5,forecast_24h,alk
2023-05-01,0.04,1.18,1.51,1.7899999999999998,53.0,forecast_24h,alk
2023-05-02,0.8,1.98,2.31,2.59,55.5,forecast_24h,alk
2023-05-03,0.0,0.8400000000000001,2.0,2.3099999999999996,55.5,forecast_24h,alk
2023-05-04,0.0,0.8,1.98,2.3099999999999996,53.5,forecast_24h,alk
2023-05-05,0.0,0.0,1.98,2.3099999999999996,53.0,forecast_24h,alk
2023-05-06,0.0,0.0,1.98,2.3099999999999996,52.0,forecast_24h,alk
2023-05-07,0.0,0.0,0.8400000000000001,2.3099999999999996,51.5,forecast_24h,alk
2023-05-08,0.0,0.0,0.8,2.3099999999999996,50.0,forecast_24h,alk
2023-05-09,0.0,0.0,0.0,2.3099999999999996,51.0,forecast_24h,alk
2023-05-10,0.0,0.0,0.0,1.9999999999999998,51.0,forecast_24h,alk
2023-05-11,0.0,0.0,0.0,1.9799999999999998,51.0,forecast_24h,alk
2023-05-12,0.0,0.0,0.0,1.9799999999999998,49.0,forecast_24h,alk
2023-05-13,0.0,0.0,0.0,1.9799999999999998,48.5,forecast_24h,alk
2023-05-14,0.0,0.0,0.0,0.8399999999999999,47.5,forecast_24h,alk
2023-05-15,1.88,1.88,1.88,2.6799999999999997,45.0,forecast_24h,alk
2023-05-16,3.2,5.08,5.08,5.08,44.5,forecast_24h,alk
2023-05-17,0.0,5.08,5.08,5.08,44.0,forecast_24h,alk
2023-05-18,0.27,3.47,5.35,5.35,43.5,forecast_24h,alk
2023-05-19,0.45,0.72,5.8,5.8,40.5,forecast_24h,alk
2023-05-20,0.04,0.76,5.84,5.84,39.3,forecast_24h,alk
2023-05-21,0.0,0.49,5.84,5.84,39.5,forecast_24h,alk
2023-05-22,0.05,0.09,4.01,5.89,39.25,forecast_24h,alk
2023-05-23,0.88,0.93,1.69,6.7700000000000005,39.7,forecast_24h,alk
2023-05-24,0.04,0.9700000000000001,1.73,6.8100000000000005,39.0,forecast_24h,alk
2023-05-25,0.0,0.92,1.46,6.8100000000000005,40.6,forecast_24h,alk
2023-05-26,0.0,0.04,1.01,6.8100000000000005,42.5,forecast_24h,alk
2023-05-27,0.0,0.0,0.9700000000000001,6.8100000000000005,43.5,forecast_24h,alk
2023-05-28,0.0,0.0,0.9700000000000001,6.8100000000000005,46.0,forecast_24h,alk
2023-05-29,0.0,0.0,0.92,4.930000000000001,47.5,forecast_24h,alk
2023-05-30,0.0,0.0,0.04,1.73,51.7,forecast_24h,alk
2023-05-31,0.3,0.3,0.3,2.0300000000000002,52.8,forecast_24h,alk
2023-06-01,0.01,0.31,0.31,1.77,53.0,forecast_24h,alk
2023-06-02,0.0,0.31,0.31,1.32,51.5,forecast_24h,alk
2023-06-03,0.0,0.01,0.31,1.28,51.5,forecast_24h,alk
2023-06-04,0.03,0.03,0.33999999999999997,1.31,51.0,forecast_24h,alk
2023-06-05,0.24,0.27,0.58,1.5,48.0,forecast_24h,alk
2023-06-06,0.21,0.48,0.79,0.83,46.5,forecast_24h,alk
2023-06-07,0.1,0.5499999999999999,0.59,0.8899999999999999,48.5,forecast_24h,alk
2023-06-08,0.33,0.64,0.91,1.22,49.8,forecast_24h,alk
2023-06-09,0.64,1.07,1.55,1.8599999999999999,43.0,forecast_24h,alk
2023-06-10,0.14,1.11,1.69,2.0,43.5,forecast_24h,alk
2023-06-11,0.07,0.8500000000000001,1.73,2.07,45.0,forecast_24h,alk
2023-06-12,0.03,0.24000000000000002,1.52,2.1,42.5,forecast_24h,alk
2023-06-13,0.07,0.17,1.3800000000000001,2.17,46.5,forecast_24h,alk
2023-06-14,0.0,0.1,1.28,1.87,47.6,forecast_24h,alk
2023-06-15,0.0,0.07,0.9500000000000001,1.86,47.0,forecast_24h,alk
2023-06-16,0.08,0.08,0.39,1.9400000000000002,47.5,forecast_24h,alk
2023-06-17,0.45,0.53,0.7,2.39,48.0,forecast_24h,alk
2023-06-18,0.02,0.55,0.6499999999999999,2.38,50.5,forecast_24h,alk
2023-06-19,0.08,0.55,0.7000000000000001,2.22,50.5,forecast_24h,alk
2023-06-20,0.33,0.43,0.96,2.3400000000000003,56.0,forecast_24h,alk
2023-06-21,0.28,0.69,1.24,2.52,54.5,forecast_24h,alk
2023-06-22,0.02,0.63,1.26,2.21,54.0,forecast_24h,alk
2023-06-23,0.0,0.3,1.18,1.5699999999999998,53.5,forecast_24h,alk
2023-06-24,0.0,0.019999999999999945,0.73,1.43,54.0,forecast_24h,alk
2023-06-25,0.0,0.0,0.7100000000000001,1.3599999999999999,48.0,forecast_24h,alk
2023-06-26,0.86,0.8599999999999999,1.49,2.19,47.0,forecast_24h,alk
2023-06-27,0.12,0.98,1.2800000000000002,2.24,49.5,forecast_24h,alk
2023-06-28,0.0,0.98,0.9999999999999999,2.24,50.5,forecast_24h,alk
2023-06-29,0.0,0.12,0.98,2.24,50.5,forecast_24h,alk
2023-06-30,0.0,0.0,0.98,2.16,50.5,forecast_24h,alk
2023-07-01,0.0,0.0,0.98,1.71,50.5,forecast_24h,alk
2023-07-02,0.0,0.0,0.98,1.69,48.0,forecast_24h,alk
2023-07-03,0.0,0.0,0.12,1.6099999999999999,50.5,forecast_24h,alk
2023-07-04,0.12,0.12,0.12,1.4,50.5,forecast_24h,alk
2023-07-05,0.03,0.15,0.15,1.1500000000000001,51.0,forecast_24h,alk
2023-07-06,0.0,0.15,0.15,1.1300000000000001,50.0,forecast_24h,alk
2023-07-07,0.0,0.03,0.15,1.1300000000000001,48.5,forecast_24h,alk
2023-07-08,0.08,0.08,0.22999999999999998,1.2100000000000002,48.5,forecast_24h,alk
2023-07-09,0.16,0.24,0.39,1.37,48.5,forecast_24h,alk
2023-07-10,0.04,0.28,0.43,0.55,47.0,forecast_24h,alk
2023-07-11,0.18,0.38,0.49,0.61,48.5,forecast_24h,alk
2023-07-12,0.12,0.34,0.58,0.73,49.5,forecast_24h,alk
2023-07-13,0.0,0.30000000000000004,0.58,0.73,49.2,forecast_24h,alk
2023-07-14,0.0,0.12000000000000002,0.58,0.73,49.5,forecast_24h,alk
2023-07-15,0.0,0.0,0.5,0.73,51.4,forecast_24h,alk
2023-07-16,0.0,0.0,0.33999999999999997,0.73,53.4,forecast_24h,alk
2023-07-17,0.0,0.0,0.30000000000000004,0.73,55.0,forecast_24h,alk
2023-07-18,0.0,0.0,0.12,0.61,61.0,forecast_24h,alk
2023-07-19,0.0,0.0,0.0,0.58,60.0,forecast_24h,alk
2023-07-20,0.0,0.0,0.0,0.58,59.5,forecast_24h,alk
2023-07-21,0.0,0.0,0.0,0.58,61.0,forecast_24h,alk
2023-07-22,0.0,0.0,0.0,0.5,60.0,forecast_24h,alk
2023-07-23,0.0,0.0,0.0,0.33999999999999997,57.3,forecast_24h,alk
2023-07-24,0.32,0.32000000000000006,0.32,0.6200000000000001,55.3,forecast_24h,alk
2023-07-25,0.12,0.44,0.44,0.56,55.5,forecast_24h,alk
2023-07-26,0.0,0.44,0.44,0.44,55.0,forecast_24h,alk
2023-07-27,0.0,0.12,0.44,0.44000000000000006,54.2,forecast_24h,alk
2023-07-28,0.0,0.0,0.44,0.44000000000000006,55.3,forecast_24h,alk
2023-07-29,0.0,0.0,0.44,0.44000000000000006,56.2,forecast_24h,alk
2023-07-30,0.0,0.0,0.44,0.44000000000000006,58.0,forecast_24h,alk
2023-07-31,0.24,0.24,0.36,0.68,60.2,forecast_24h,alk
2023-08-01,0.0,0.24,0.24,0.68,55.0,forecast_24h,alk
2023-08-02,0.0,0.24,0.24,0.68,58.0,forecast_24h,alk
2023-08-03,0.04,0.04,0.27999999999999997,0.7200000000000001,57.5,forecast_24h,alk
2023-08-04,0.0,0.04,0.27999999999999997,0.7200000000000001,53.0,forecast_24h,alk
2023-08-05,0.77,0.81,1.05,1.4900000000000002,52.5,forecast_24h,alk
2023-08-06,0.34,1.11,1.3900000000000001,1.83,53.0,forecast_24h,alk
2023-08-07,0.44,1.55,1.59,1.9500000000000002,52.5,forecast_24h,alk
2023-08-08,0.0,0.78,1.59,1.83,54.5,forecast_24h,alk
2023-08-09,0.0,0.44,1.59,1.83,55.0,forecast_24h,alk
2023-08-10,0.04,0.04,1.59,1.8699999999999999,55.0,forecast_24h,alk
2023-08-11,0.44,0.48,2.0300000000000002,2.31,56.0,forecast_24h,alk
2023-08-12,0.0,0.48,1.26,2.31,57.0,forecast_24h,alk
2023-08-13,0.0,0.44,0.9199999999999999,2.31,61.5,forecast_24h,alk
2023-08-14,0.0,0.0,0.48,2.07,56.5,forecast_24h,alk
2023-08-15,0.0,0.0,0.48,2.07,55.5,forecast_24h,alk
2023-08-16,0.21,0.21,0.69,2.28,56.2,forecast_24h,alk
2023-08-17,0.0,0.21,0.6499999999999999,2.2399999999999998,57.0,forecast_24h,alk
2023-08-18,0.0,0.21,0.21,2.2399999999999998,59.0,forecast_24h,alk
2023-08-19,0.0,0.0,0.21,1.47,58.5,forecast_24h,alk
2023-08-20,0.0,0.0,0.21,1.1300000000000001,59.0,forecast_24h,alk
2023-08-21,0.04,0.04,0.25,0.73,59.5,forecast_24h,alk
2023-08-22,0.0,0.04,0.25,0.73,58.0,forecast_24h,alk
2023-08-23,0.0,0.04,0.04,0.73,60.0,forecast_24h,alk
2023-08-24,0.18,0.18,0.22,0.8699999999999999,58.0,forecast_24h,alk
2023-08-25,0.0,0.18,0.22,0.43,56.5,forecast_24h,alk
2023-08-26,0.0,0.18,0.22,0.43,57.5,forecast_24h,alk
2023-08-27,0.0,0.0,0.22,0.43,56.7,forecast_24h,alk
2023-08-28,0.0,0.0,0.18,0.43,53.5,forecast_24h,alk
2023-08-29,0.03,0.03,0.21,0.45999999999999996,50.5,forecast_24h,alk
2023-08-30,0.09,0.12,0.3,0.33999999999999997,53.0,forecast_24h,alk
2023-08-31,0.05,0.16999999999999998,0.16999999999999998,0.39,50.8,forecast_24h,alk
2023-09-01,0.33,0.47,0.5,0.72,51.0,forecast_24h,alk
2023-09-02,0.95,1.33,1.45,1.67,50.0,forecast_24h,alk
2023-09-03,0.0,1.2799999999999998,1.45,1.67,53.0,forecast_24h,alk
2023-09-04,0.0,0.9499999999999998,1.45,1.63,55.5,forecast_24h,alk
2023-09-05,0.0,0.0,1.42,1.63,55.7,forecast_24h,alk
2023-09-06,0.0,0.0,1.33,1.63,57.0,forecast_24h,alk
2023-09-07,0.0,0.0,1.28,1.45,56.5,forecast_24h,alk
2023-09-08,0.52,0.5199999999999999,1.47,1.97,57.5,forecast_24h,alk
2023-09-09,0.0,0.5199999999999999,0.52,1.97,57.0,forecast_24h,alk
2023-09-10,0.0,0.5199999999999999,0.52,1.97,56.25,forecast_24h,alk
2023-09-11,0.0,0.0,0.52,1.97,58.0,forecast_24h,alk
2023-09-12,0.0,0.0,0.52,1.94,55.0,forecast_24h,alk
2023-09-13,0.0,0.0,0.52,1.8499999999999999,59.0,forecast_24h,alk
2023-09-14,0.0,0.0,0.52,1.8,54.0,forecast_24h,alk
2023-09-15,0.87,0.8699999999999999,0.87,2.34,54.8,forecast_24h,alk
2023-09-16,0.16,1.0299999999999998,1.03,1.55,53.0,forecast_24h,alk
2023-09-17,0.0,1.0299999999999998,1.03,1.55,54.5,forecast_24h,alk
2023-09-18,0.0,0.1599999999999999,1.03,1.55,53.5,forecast_24h,alk
2023-09-19,0.96,0.9599999999999999,1.99,2.51,55.0,forecast_24h,alk
2023-09-20,0.24,1.1999999999999997,2.23,2.75,53.5,forecast_24h,alk
2023-09-21,0.04,1.2399999999999998,2.27,2.79,55.1,forecast_24h,alk
2023-09-22,0.0,0.27999999999999986,1.4,2.27,55.7,forecast_24h,alk
2023-09-23,0.0,0.03999999999999989,1.24,2.27,51.2,forecast_24h,alk
2023-09-24,0.02,0.01999999999999989,1.26,2.29,57.1,forecast_24h,alk
2023-09-25,0.02,0.03999999999999989,1.28,2.31,57.5,forecast_24h,alk
2023-09-26,0.0,0.03999999999999989,0.32,2.31,54.0,forecast_24h,alk
2023-09-27,0.0,0.01999999999999989,0.08,2.31,51.5,forecast_24h,alk
2023-09-28,0.0,0.0,0.04,2.31,53.5,forecast_24h,alk
2023-09-29,0.0,0.0,0.04,1.44,55.0,forecast_24h,alk
2023-09-30,0.0,0.0,0.04,1.28,55.0,forecast_24h,alk
2023-10-01,0.0,0.0,0.02,1.28,55.9,forecast_24h,alk
2023-10-02,0.0,0.0,0.0,1.28,54.9,forecast_24h,alk
2023-10-03,0.0,0.0,0.0,0.32,54.5,forecast_24h,alk
2023-10-04,0.0,0.0,0.0,0.08,50.9,forecast_24h,alk
2023-10-05,0.0,0.0,0.0,0.04,54.0,forecast_24h,alk
2023-10-06,0.0,0.0,0.0,0.04,56.3,forecast_24h,alk
2023-10-07,0.02,0.01999999999999989,0.02,0.06,58.2,forecast_24h,alk
2023-10-08,0.0,0.01999999999999989,0.02,0.039999999999999994,58.2,forecast_24h,alk
2023-10-09,0.0,0.01999999999999989,0.02,0.02,56.0,forecast_24h,alk
2023-10-10,0.0,0.0,0.02,0.02,55.4,forecast_24h,alk
2023-10-11,0.0,0.0,0.02,0.02,53.2,forecast_24h,alk
2023-10-12,0.0,0.0,0.02,0.02,55.0,forecast_24h,alk
2023-10-13,0.0,0.0,0.02,0.02,54.2,forecast_24h,alk
2023-10-14,0.0,0.0,0.0,0.02,54.3,forecast_24h,alk
2023-10-15,0.0,0.0,0.0,0.02,55.5,forecast_24h,alk
2023-10-16,0.12,0.11999999999999988,0.12,0.13999999999999999,55.5,forecast_24h,alk
2023-10-17,0.02,0.13999999999999987,0.13999999999999999,0.16,54.0,forecast_24h,alk
2023-10-18,0.0,0.13999999999999987,0.13999999999999999,0.16,53.5,forecast_24h,alk
2023-10-19,0.0,0.01999999999999989,0.13999999999999999,0.16,53.0,forecast_24h,alk
2023-10-20,0.0,0.0,0.13999999999999999,0.16,51.0,forecast_24h,alk
2023-10-21,0.0,0.0,0.13999999999999999,0.14,50.4,forecast_24h,alk
2023-10-22,0.0,0.0,0.13999999999999999,0.14,48.5,forecast_24h,alk
2023-10-23,0.0,0.0,0.02,0.14,50.0,forecast_24h,alk
2023-10-24,0.0,0.0,0.0,0.14,50.0,forecast_24h,alk
2023-10-25,0.0,0.0,0.0,0.14,50.5,forecast_24h,alk
2023-10-26,0.0,0.0,0.0,0.14,50.0,forecast_24h,alk
2023-10-27,0.0,0.0,0.0,0.14,47.0,forecast_24h,alk
2023-10-28,0.0,0.0,0.0,0.14,47.0,forecast_24h,alk
2023-10-29,0.02,0.01999999999999989,0.02,0.16,47.3,forecast_24h,alk
2023-10-30,0.0,0.01999999999999989,0.02,0.04,47.5,forecast_24h,alk
2023-10-31,0.01,0.029999999999999888,0.03,0.03,48.0,forecast_24h,alk
2023-11-01,0.0,0.00999999999999989,0.03,0.03,48.8,forecast_24h,alk
2023-11-02,0.5,0.5099999999999999,0.53,0.53,49.6,forecast_24h,alk
2023-11-03,0.09,0.5899999999999999,0.62,0.62,48.5,forecast_24h,alk
2023-11-04,0.0,0.5899999999999999,0.62,0.62,49.0,forecast_24h,alk
2023-11-05,0.0,0.08999999999999989,0.6,0.62,49.0,forecast_24h,alk
2023-11-06,0.0,0.0,0.6,0.62,51.0,forecast_24h,alk
2023-11-07,0.0,0.0,0.59,0.62,50.3,forecast_24h,alk
2023-11-08,0.0,0.0,0.59,0.62,49.4,forecast_24h,alk
2023-11-09,0.0,0.0,0.09,0.62,50.5,forecast_24h,alk
2023-11-10,0.0,0.0,0.0,0.62,51.0,forecast_24h,alk
2023-11-11,0.0,0.0,0.0,0.62,50.5,forecast_24h,alk
2023-11-12,0.0,0.0,0.0,0.6,50.5,forecast_24h,alk
2023-11-13,0.34,0.3399999999999999,0.34,0.9400000000000001,51.0,forecast_24h,alk
2023-11-14,0.0,0.3399999999999999,0.34,0.93,50.0,forecast_24h,alk
2023-11-15,0.0,0.3399999999999999,0.34,0.93,52.5,forecast_24h,alk
2023-11-16,0.0,0.0,0.34,0.43000000000000005,50.5,forecast_24h,alk
2023-11-17,0.0,0.0,0.34,0.3400000000000001,50.0,forecast_24h,alk
2023-11-18,0.0,0.0,0.34,0.3400000000000001,50.9,forecast_24h,alk
2023-11-19,0.0,0.0,0.34,0.3400000000000001,51.5,forecast_24h,alk
2023-11-20,0.0,0.0,0.0,0.3400000000000001,50.0,forecast_24h,alk
2023-11-21,0.0,0.0,0.0,0.3400000000000001,50.0,forecast_24h,alk
2023-11-22,0.0,0.0,0.0,0.3400000000000001,50.5,forecast_24h,alk
2023-11-23,0.0,0.0,0.0,0.3400000000000001,54.5,forecast_24h,alk
2023-11-24,0.04,0.03999999999999989,0.04,0.38000000000000006,49.5,forecast_24h,alk
2023-11-25,0.16,0.1999999999999999,0.2,0.54,51.5,forecast_24h,alk
2023-11-26,0.0,0.1999999999999999,0.2,0.54,53.5,forecast_24h,alk
2023-11-27,0.0,0.1599999999999999,0.2,0.20000000000000007,55.5,forecast_24h,alk
2023-11-28,0.12,0.11999999999999988,0.32,0.32000000000000006,56.5,forecast_24h,alk
2023-11-29,0.02,0.13999999999999987,0.34,0.3400000000000001,56.5,forecast_24h,alk
2023-11-30,0.04,0.17999999999999988,0.38,0.38000000000000006,59.2,forecast_24h,alk
2023-12-01,0.0,0.05999999999999989,0.34,0.38000000000000006,56.5,forecast_24h,alk
2023-12-02,0.0,0.03999999999999988,0.18,0.38000000000000006,57.5,forecast_24h,alk
2023-12-03,0.0,0.0,0.18,0.38000000000000006,57.5,forecast_24h,alk
2023-12-04,0.0,0.0,0.18,0.38000000000000006,57.0,forecast_24h,alk
2023-12-05,0.0,0.0,0.06,0.38000000000000006,56.5,forecast_24h,alk
2023-12-06,0.0,0.0,0.039999999999999994,0.38000000000000006,57.5,forecast_24h,alk
2023-12-07,0.0,0.0,0.0,0.38000000000000006,59.0,forecast_24h,alk
2023-12-08,0.02,0.01999999999999989,0.02,0.3600000000000001,58.0,forecast_24h,alk
2023-12-09,0.0,0.01999999999999989,0.02,0.20000000000000004,57.5,forecast_24h,alk
2023-12-10,0.0,0.01999999999999989,0.02,0.20000000000000004,57.0,forecast_24h,alk
2023-12-11,0.0,0.0,0.02,0.20000000000000004,57.0,forecast_24h,alk
2023-12-12,0.0,0.0,0.02,0.08000000000000006,55.5,forecast_24h,alk
2023-12-13,0.6,0.5999999999999999,0.62,0.66,56.0,forecast_24h,alk
2023-12-14,0.0,0.5999999999999999,0.62,0.62,55.5,forecast_24h,alk
2023-12-15,0.0,0.5999999999999999,0.6,0.62,55.0,forecast_24h,alk
2023-12-16,0.0,0.0,0.6,0.62,58.5,forecast_24h,alk
2023-12-17,0.05,0.04999999999999989,0.65,0.67,56.5,forecast_24h,alk
2023-12-18,0.08,0.1299999999999999,0.73,0.75,59.2,forecast_24h,alk
2023-12-19,0.0,0.1299999999999999,0.73,0.75,58.2,forecast_24h,alk
2023-12-20,0.0,0.07999999999999989,0.13,0.75,58.0,forecast_24h,alk
2023-12-21,0.0,0.0,0.13,0.75,58.5,forecast_24h,alk
2023-12-22,0.0,0.0,0.13,0.7300000000000001,58.8,forecast_24h,alk
2023-12-23,0.0,0.0,0.13,0.7300000000000001,57.0,forecast_24h,alk
2023-12-24,0.0,0.0,0.08,0.7300000000000001,58.6,forecast_24h,alk
2023-12-25,0.0,0.0,0.0,0.7300000000000001,58.0,forecast_24h,alk
2023-12-26,0.0,0.0,0.0,0.7300000000000001,59.5,forecast_24h,alk
2023-12-27,0.0,0.0,0.0,0.13000000000000012,65.0,forecast_24h,alk
2023-12-28,0.26,0.2599999999999999,0.26,0.3900000000000001,58.5,forecast_24h,alk
2023-12-29,0.08,0.3399999999999999,0.34,0.47000000000000014,60.5,forecast_24h,alk
2023-12-30,0.0,0.3399999999999999,0.34,0.47000000000000014,61.5,forecast_24h,alk
2024-03-31,0.0,0.88,0.88,3.74,67.0,forecast_24h,alk
2024-04-01,0.0,0.0,0.88,1.9000000000000004,65.5,forecast_24h,alk
2024-04-02,0.0,0.0,0.88,0.8800000000000002,68.4,forecast_24h,alk
2024-04-03,0.0,0.0,0.88,0.8800000000000002,64.0,forecast_24h,alk
2024-04-04,0.0,0.0,0.88,0.8800000000000002,64.5,forecast_24h,alk
2024-04-05,0.0,0.0,0.0,0.8800000000000002,64.9,forecast_24h,alk
2024-04-06,0.4,0.4,0.4,1.2800000000000002,66.2,forecast_24h,alk
2024-04-07,0.0,0.4,0.4,1.2800000000000002,65.0,forecast_24h,alk
2024-04-08,0.0,0.4,0.4,1.2800000000000002,74.5,forecast_24h,alk
2024-04-09,0.0,0.0,0.4,1.2800000000000002,76.5,forecast_24h,alk
2024-04-10,0.0,0.0,0.4,1.2800000000000002,76.2,forecast_24h,alk
2024-04-11,0.0,0.0,0.4,1.2800000000000002,78.1,forecast_24h,alk
2024-04-12,0.0,0.0,0.4,0.40000000000000024,77.5,forecast_24h,alk
2024-04-13,0.0,0.0,0.0,0.40000000000000024,78.0,forecast_24h,alk
2024-04-14,0.0,0.0,0.0,0.40000000000000024,66.0,forecast_24h,alk
2024-04-15,0.0,0.0,0.0,0.40000000000000024,64.0,forecast_24h,alk
2024-04-16,0.0,0.0,0.0,0.40000000000000024,65.5,forecast_24h,alk
2024-04-17,0.0,0.0,0.0,0.40000000000000024,64.0,forecast_24h,alk
2024-04-18,0.0,0.0,0.0,0.40000000000000024,62.8,forecast_24h,alk
2024-04-19,0.0,0.0,0.0,0.40000000000000024,62.0,forecast_24h,alk
2024-04-20,0.03,0.03,0.03,0.03000000000000022,61.0,forecast_24h,alk
2024-04-21,0.0,0.03,0.03,0.03000000000000022,60.5,forecast_24h,alk
2024-04-22,0.02,0.05,0.05,0.050000000000000225,60.5,forecast_24h,alk
2024-04-23,0.09,0.11,0.14,0.14000000000000024,60.5,forecast_24h,alk
2024-04-24,0.24,0.35,0.38,0.3800000000000002,59.0,forecast_24h,alk
2024-04-25,0.04,0.36999999999999994,0.42,0.4200000000000002,57.5,forecast_24h,alk
2024-04-26,0.0,0.27999999999999997,0.42,0.4200000000000002,58.0,forecast_24h,alk
2024-04-27,0.0,0.04,0.39,0.4200000000000002,57.5,forecast_24h,alk
2024-04-28,0.0,0.0,0.39,0.4200000000000002,54.5,forecast_24h,alk
2024-04-29,0.0,0.0,0.37,0.4200000000000002,53.0,forecast_24h,alk
2024-04-30,0.0,0.0,0.27999999999999997,0.4200000000000002,47.5,forecast_24h,alk
2024-05-01,0.81,0.81,0.8500000000000001,1.2300000000000002,44.0,forecast_24h,alk
2024-05-02,0.85,1.6600000000000001,1.6600000000000001,2.08,44.5,forecast_24h,alk
2024-05-03,0.0,1.6600000000000001,1.6600000000000001,2.08,46.6,forecast_24h,alk
2024-05-04,0.0,0.85,1.6600000000000001,2.0500000000000003,49.8,forecast_24h,alk
2024-05-05,0.0,0.0,1.6600000000000001,2.0500000000000003,51.7,forecast_24h,alk
2024-05-06,0.04,0.04,1.7,2.0700000000000003,55.75,forecast_24h,alk
2024-05-07,0.0,0.04,1.7,1.9800000000000002,55.5,forecast_24h,alk
2024-05-08,0.0,0.04,0.89,1.7400000000000002,58.2,forecast_24h,alk
2024-05-09,0.0,0.0,0.04,1.7000000000000002,58.9,forecast_24h,alk
2024-05-10,0.0,0.0,0.04,1.7000000000000002,60.5,forecast_24h,alk
2024-05-11,0.0,0.0,0.04,1.7000000000000002,60.5,forecast_24h,alk
2024-05-12,0.0,0.0,0.04,1.7000000000000002,61.0,forecast_24h,alk
2024-05-13,0.0,0.0,0.0,1.7000000000000002,61.5,forecast_24h,alk
2024-05-14,0.18,0.18,0.18,1.8800000000000003,61.0,forecast_24h,alk
2024-05-15,0.0,0.18,0.18,1.0700000000000003,58.0,forecast_24h,alk
2024-05-16,0.07,0.25,0.25,0.29000000000000015,55.5,forecast_24h,alk
2024-05-17,0.75,0.8200000000000001,1.0,1.04,56.0,forecast_24h,alk
2024-05-18,0.04,0.8600000000000001,1.04,1.08,56.0,forecast_24h,alk
2024-05-19,0.04,0.83,1.08,1.12,54.5,forecast_24h,alk
2024-05-20,0.04,0.12,1.12,1.12,55.0,forecast_24h,alk
2024-05-21,0.0,0.07999999999999999,0.9400000000000001,1.12,54.5,forecast_24h,alk
2024-05-22,0.0,0.04,0.94,1.12,53.5,forecast_24h,alk
2024-05-23,0.0,0.0,0.87,1.12,53.0,forecast_24h,alk
2024-05-24,0.0,0.0,0.12,1.12,51.5,forecast_24h,alk
2024-05-25,0.01,0.01,0.09,1.1300000000000001,54.0,forecast_24h,alk
2024-05-26,0.16,0.17,0.21000000000000002,1.29,52.0,forecast_24h,alk
2024-05-27,0.0,0.17,0.16999999999999998,1.29,49.0,forecast_24h,alk
2024-05-28,0.0,0.16,0.16999999999999998,1.11,52.0,forecast_24h,alk
2024-05-29,0.0,0.0,0.16999999999999998,1.11,50.0,forecast_24h,alk
2024-05-30,0.0,0.0,0.16999999999999998,1.04,50.0,forecast_24h,alk
2024-05-31,0.0,0.0,0.16999999999999998,0.29000000000000015,45.9,forecast_24h,alk
2024-06-01,0.0,0.0,0.16,0.2500000000000001,49.8,forecast_24h,alk
2024-06-02,0.0,0.0,0.0,0.2100000000000001,47.7,forecast_24h,alk
2024-06-03,0.0,0.0,0.0,0.17000000000000012,49.5,forecast_24h,alk
2024-06-04,0.0,0.0,0.0,0.17000000000000012,50.5,forecast_24h,alk
2024-06-05,0.0,0.0,0.0,0.17000000000000012,49.8,forecast_24h,alk
2024-06-06,0.0,0.0,0.0,0.17000000000000012,50.8,forecast_24h,alk
2024-06-07,0.0,0.0,0.0,0.17000000000000012,49.0,forecast_24h,alk
2024-06-08,0.0,0.0,0.0,0.16000000000000011,48.0,forecast_24h,alk
2024-06-09,0.0,0.0,0.0,0.0,46.5,forecast_24h,alk
2024-06-10,0.0,0.0,0.0,0.0,45.3,forecast_24h,alk
2024-06-11,0.0,0.0,0.0,0.0,48.0,forecast_24h,alk
2024-06-12,0.0,0.0,0.0,0.0,50.0,forecast_24h,alk
2024-06-13,0.0,0.0,0.0,0.0,49.5,forecast_24h,alk
2024-06-14,0.02,0.02,0.02,0.02000000000000011,52.5,forecast_24h,alk
2024-06-15,0.0,0.02,0.02,0.02000000000000011,54.0,forecast_24h,alk
2024-06-16,0.0,0.02,0.02,0.02000000000000011,54.5,forecast_24h,alk
2024-06-17,0.0,0.0,0.02,0.02000000000000011,59.0,forecast_24h,alk
2024-06-18,0.0,0.0,0.02,0.02000000000000011,57.4,forecast_24h,alk
2024-06-19,0.0,0.0,0.02,0.02000000000000011,57.5,forecast_24h,alk
2024-06-20,0.0,0.0,0.02,0.02000000000000011,59.5,forecast_24h,alk
2024-06-21,0.0,0.0,0.0,0.02000000000000011,57.5,forecast_24h,alk
2024-06-22,0.0,0.0,0.0,0.02000000000000011,60.0,forecast_24h,alk
2024-06-23,0.0,0.0,0.0,0.02000000000000011,60.5,forecast_24h,alk
2024-06-24,0.0,0.0,0.0,0.02000000000000011,59.0,forecast_24h,alk
2024-06-25,0.15,0.15,0.15,0.1700000000000001,58.7,forecast_24h,alk
2024-06-26,0.4,0.55,0.55,0.5700000000000001,62.4,forecast_24h,alk
2024-06-27,0.0,0.55,0.55,0.5700000000000001,61.6,forecast_24h,alk
2024-06-28,0.0,0.4,0.55,0.55,62.5,forecast_24h,alk
2024-06-29,0.03,0.03,0.5800000000000001,0.5800000000000001,65.5,forecast_24h,alk
2024-06-30,0.0,0.03,0.5800000000000001,0.5800000000000001,63.0,forecast_24h,alk
2024-07-01,0.22,0.25,0.8,0.8,63.1,forecast_24h,alk
2024-07-02,0.0,0.22,0.65,0.8,65.6,forecast_24h,alk
2024-07-03,0.0,0.22,0.25,0.8,64.2,forecast_24h,alk
2024-07-04,0.07,0.07,0.32,0.8700000000000001,66.5,forecast_24h,alk
2024-07-05,0.06,0.13,0.38,0.9300000000000002,67.0,forecast_24h,alk
2024-07-06,0.15,0.28,0.5,1.08,63.5,forecast_24h,alk
2024-07-07,0.0,0.21,0.5,1.08,64.5,forecast_24h,alk
2024-07-08,0.0,0.15,0.28,1.08,64.5,forecast_24h,alk
2024-07-09,0.0,0.0,0.28,0.9300000000000002,66.6,forecast_24h,alk
2024-07-10,0.0,0.0,0.28,0.53,64.0,forecast_24h,alk
2024-07-11,0.0,0.0,0.21,0.53,67.0,forecast_24h,alk
2024-07-12,0.0,0.0,0.15,0.53,65.5,forecast_24h,alk
2024-07-13,0.0,0.0,0.0,0.5000000000000001,65.5,forecast_24h,alk
2024-07-14,0.0,0.0,0.0,0.5000000000000001,63.5,forecast_24h,alk
2024-07-15,0.0,0.0,0.0,0.28000000000000014,70.4,forecast_24h,alk
2024-07-16,0.0,0.0,0.0,0.28000000000000014,67.0,forecast_24h,alk
2024-07-17,0.0,0.0,0.0,0.28000000000000014,62.5,forecast_24h,alk
2024-07-18,0.0,0.0,0.0,0.2100000000000001,63.0,forecast_24h,alk
2024-07-19,0.0,0.0,0.0,0.1500000000000001,60.0,forecast_24h,alk
2024-07-20,0.06,0.06,0.06,0.06000000000000011,53.5,forecast_24h,alk
2024-07-21,0.06,0.12,0.12,0.1200000000000001,52.5,forecast_24h,alk
2024-07-22,0.0,0.12,0.12,0.1200000000000001,51.0,forecast_24h,alk
2024-07-23,0.0,0.06,0.12,0.1200000000000001,52.2,forecast_24h,alk
2024-07-24,0.0,0.0,0.12,0.1200000000000001,49.0,forecast_24h,alk
2024-07-25,0.07,0.07,0.19,0.1900000000000001,50.0,forecast_24h,alk
2024-07-26,0.21,0.28,0.4,0.40000000000000013,48.2,forecast_24h,alk
2024-07-27,0.0,0.28,0.33999999999999997,0.40000000000000013,44.0,forecast_24h,alk
2024-07-28,0.0,0.21,0.28,0.40000000000000013,47.0,forecast_24h,alk
2024-07-29,0.0,0.0,0.28,0.40000000000000013,48.5,forecast_24h,alk
2024-07-30,0.0,0.0,0.28,0.40000000000000013,48.5,forecast_24h,alk
2024-07-31,0.08,0.08,0.36,0.4800000000000001,47.6,forecast_24h,alk
2024-08-01,0.04,0.12,0.33,0.5200000000000001,48.6,forecast_24h,alk
2024-08-02,0.0,0.12,0.12,0.5200000000000001,48.5,forecast_24h,alk
2024-08-03,0.0,0.04,0.12,0.46000000000000013,48.0,forecast_24h,alk
2024-08-04,0.0,0.0,0.12,0.40000000000000013,49.5,forecast_24h,alk
2024-08-05,0.0,0.0,0.12,0.40000000000000013,48.25,forecast_24h,alk
2024-08-06,0.0,0.0,0.12,0.40000000000000013,49.0,forecast_24h,alk
2024-08-07,0.0,0.0,0.04,0.40000000000000013,47.5,forecast_24h,alk
2024-08-08,0.0,0.0,0.0,0.3300000000000001,47.0,forecast_24h,alk
2024-08-09,0.04,0.04,0.04,0.16000000000000011,47.0,forecast_24h,alk
2024-08-10,0.37,0.41,0.41,0.5300000000000001,46.5,forecast_24h,alk
2024-08-11,0.0,0.41,0.41,0.5300000000000001,43.0,forecast_24h,alk
2024-08-12,0.02,0.39,0.43,0.5500000000000002,46.5,forecast_24h,alk
2024-08-13,0.64,0.66,1.07,1.1900000000000002,47.0,forecast_24h,alk
2024-08-14,0.54,1.2000000000000002,1.6099999999999999,1.6500000000000001,46.0,forecast_24h,alk
2024-08-15,0.56,1.7400000000000002,2.17,2.17,45.2,forecast_24h,alk
2024-08-16,0.0,1.1,2.13,2.17,46.5,forecast_24h,alk
2024-08-17,0.25,0.81,2.0100000000000002,2.42,48.0,forecast_24h,alk
2024-08-18,0.47,0.72,2.48,2.89,49.0,forecast_24h,alk
2024-08-19,0.04,0.76,2.5,2.93,50.5,forecast_24h,alk
2024-08-20,0.0,0.51,1.8599999999999999,2.93,50.6,forecast_24h,alk
2024-08-21,0.0,0.04,1.3199999999999998,2.93,51.5,forecast_24h,alk
2024-08-22,0.0,0.0,0.76,2.93,54.0,forecast_24h,alk
2024-08-23,0.0,0.0,0.76,2.89,54.0,forecast_24h,alk
2024-08-24,0.16,0.16,0.6699999999999999,2.6800000000000006,56.2,forecast_24h,alk
2024-08-25,0.0,0.16,0.2,2.6800000000000006,55.5,forecast_24h,alk
2024-08-26,0.0,0.16,0.16,2.6600000000000006,54.6,forecast_24h,alk
2024-08-27,0.33,0.33,0.49,2.3500000000000005,54.5,forecast_24h,alk
2024-08-28,0.0,0.33,0.49000000000000005,1.8100000000000003,54.0,forecast_24h,alk
2024-08-29,0.0,0.33,0.49000000000000005,1.25,59.7,forecast_24h,alk
2024-08-30,0.08,0.08,0.5700000000000001,1.33,54.5,forecast_24h,alk
2024-08-31,0.0,0.08,0.41000000000000003,1.08,54.5,forecast_24h,alk
2024-09-01,0.0,0.08,0.41000000000000003,0.6100000000000001,52.0,forecast_24h,alk
2024-09-02,0.0,0.0,0.41000000000000003,0.5700000000000001,51.75,forecast_24h,alk
2024-09-03,0.0,0.0,0.08000000000000006,0.5700000000000001,51.5,forecast_24h,alk
2024-09-04,0.0,0.0,0.08000000000000006,0.5700000000000001,53.5,forecast_24h,alk
2024-09-05,0.0,0.0,0.08000000000000006,0.5700000000000001,54.0,forecast_24h,alk
2024-09-06,0.0,0.0,0.0,0.5700000000000001,53.0,forecast_24h,alk
2024-09-07,0.0,0.0,0.0,0.41000000000000014,53.5,forecast_24h,alk
2024-09-08,0.0,0.0,0.0,0.41000000000000014,52.0,forecast_24h,alk
2024-09-09,0.74,0.74,0.74,1.1500000000000001,53.0,forecast_24h,alk
2024-09-10,0.04,0.78,0.78,0.8600000000000001,52.5,forecast_24h,alk
2024-09-11,0.0,0.78,0.78,0.8600000000000001,53.0,forecast_24h,alk
2024-09-12,0.0,0.04,0.78,0.8600000000000001,55.0,forecast_24h,alk
2024-09-13,0.0,0.0,0.78,0.7800000000000001,55.5,forecast_24h,alk
2024-09-14,0.0,0.0,0.78,0.7800000000000001,54.0,forecast_24h,alk
2024-09-15,0.0,0.0,0.78,0.7800000000000001,56.0,forecast_24h,alk
2024-09-16,0.0,0.0,0.04,0.7800000000000001,54.0,forecast_24h,alk
2024-09-17,0.0,0.0,0.0,0.7800000000000001,55.9,forecast_24h,alk
2024-09-18,0.0,0.0,0.0,0.7800000000000001,55.0,forecast_24h,alk
2024-09-19,0.0,0.0,0.0,0.7800000000000001,55.4,forecast_24h,alk
2024-09-20,0.0,0.0,0.0,0.7800000000000001,55.0,forecast_24h,alk
2024-09-21,0.0,0.0,0.0,0.7800000000000001,53.8,forecast_24h,alk
2024-09-22,0.0,0.0,0.0,0.7800000000000001,51.7,forecast_24h,alk
2024-09-23,0.0,0.0,0.0,0.04000000000000011,52.5,forecast_24h,alk
2024-09-24,0.0,0.0,0.0,0.0,51.5,forecast_24h,alk
2024-09-25,0.0,0.0,0.0,0.0,55.2,forecast_24h,alk
2024-09-26,0.43,0.43,0.43,0.4300000000000001,53.4,forecast_24h,alk
2024-09-27,0.07,0.5,0.5,0.5000000000000001,57.0,forecast_24h,alk
2024-09-28,0.0,0.5,0.5,0.5000000000000001,53.0,forecast_24h,alk
2024-09-29,0.0,0.07,0.5,0.5000000000000001,55.5,forecast_24h,alk
2024-09-30,0.0,0.0,0.5,0.5000000000000001,55.5,forecast_24h,alk
2024-10-01,0.0,0.0,0.5,0.5000000000000001,56.0,forecast_24h,alk
2024-10-02,0.0,0.0,0.5,0.5000000000000001,55.6,forecast_24h,alk
2024-10-03,0.0,0.0,0.07,0.5000000000000001,56.2,forecast_24h,alk
2024-10-04,0.0,0.0,0.0,0.5000000000000001,61.0,forecast_24h,alk
2024-10-05,0.0,0.0,0.0,0.5000000000000001,57.0,forecast_24h,alk
2024-10-06,0.0,0.0,0.0,0.5000000000000001,56.7,forecast_24h,alk
2024-10-07,0.0,0.0,0.0,0.5000000000000001,60.7,forecast_24h,alk
2024-10-08,0.0,0.0,0.0,0.5000000000000001,62.0,forecast_24h,alk
2024-10-09,0.0,0.0,0.0,0.5000000000000001,62.5,forecast_24h,alk
2024-10-10,0.0,0.0,0.0,0.07000000000000012,62.5,forecast_24h,alk
2024-10-11,0.0,0.0,0.0,0.0,61.2,forecast_24h,alk
2024-10-12,0.0,0.0,0.0,0.0,65.6,forecast_24h,alk
2024-10-13,0.0,0.0,0.0,0.0,62.9,forecast_24h,alk
2024-10-14,0.0,0.0,0.0,0.0,61.8,forecast_24h,alk
2024-10-15,0.0,0.0,0.0,0.0,62.0,forecast_24h,alk
2024-10-16,0.0,0.0,0.0,0.0,63.4,forecast_24h,alk
2024-10-17,0.0,0.0,0.0,0.0,61.5,forecast_24h,alk
2024-10-18,0.0,0.0,0.0,0.0,61.0,forecast_24h,alk
2024-10-19,0.0,0.0,0.0,0.0,63.6,forecast_24h,alk
2024-10-20,0.0,0.0,0.0,0.0,62.6,forecast_24h,alk
2024-10-21,0.0,0.0,0.0,0.0,59.0,forecast_24h,alk
2024-10-22,0.0,0.0,0.0,0.0,61.3,forecast_24h,alk
2024-10-23,0.14,0.14,0.14,0.14000000000000012,59.9,forecast_24h,alk
2024-10-24,0.0,0.14,0.14,0.14000000000000012,59.4,forecast_24h,alk
2024-10-25,0.08,0.22000000000000003,0.22000000000000003,0.22000000000000014,59.8,forecast_24h,alk
2024-10-26,0.04,0.12,0.26,0.2600000000000001,57.6,forecast_24h,alk
2024-10-27,0.0,0.12,0.26,0.2600000000000001,59.0,forecast_24h,alk
2024-10-28,0.0,0.04,0.26,0.2600000000000001,60.0,forecast_24h,alk
2025-03-31,0.0,0.0,0.0,0.29000000000000015,79.0,forecast_24h,alk
2025-04-01,0.0,0.0,0.0,0.29000000000000015,79.8,forecast_24h,alk
2025-04-02,0.25,0.25,0.25,0.5400000000000001,79.7,forecast_24h,alk
2025-04-03,0.14,0.39,0.39,0.6800000000000002,79.5,forecast_24h,alk
2025-04-04,0.0,0.39,0.39,0.6800000000000002,80.0,forecast_24h,alk
2025-04-05,0.0,0.14,0.39,0.6800000000000002,81.5,forecast_24h,alk
2025-04-06,0.01,0.01,0.4,0.40000000000000013,79.5,forecast_24h,alk
2025-04-07,0.0,0.01,0.4,0.40000000000000013,82.25,forecast_24h,alk
2025-04-08,0.22,0.23,0.62,0.6200000000000001,81.0,forecast_24h,alk
2025-04-09,0.42,0.64,0.79,1.04,81.0,forecast_24h,alk
2025-04-10,0.0,0.6399999999999999,0.65,1.04,82.0,forecast_24h,alk
2025-04-11,0.0,0.42,0.65,1.04,80.7,forecast_24h,alk
2025-04-12,0.0,0.0,0.65,1.04,80.0,forecast_24h,alk
2025-04-13,0.0,0.0,0.64,1.04,80.5,forecast_24h,alk
2025-04-14,0.0,0.0,0.64,1.04,81.5,forecast_24h,alk
2025-04-15,0.0,0.0,0.42000000000000004,1.04,81.7,forecast_24h,alk
2025-04-16,0.0,0.0,0.0,0.7900000000000001,81.5,forecast_24h,alk
2025-04-17,0.0,0.0,0.0,0.6500000000000001,82.5,forecast_24h,alk
2025-04-18,0.01,0.009999999999999945,0.01,0.6600000000000001,81.1,forecast_24h,alk
2025-04-19,0.0,0.009999999999999945,0.01,0.6600000000000001,79.1,forecast_24h,alk
2025-04-20,0.0,0.009999999999999945,0.01,0.6500000000000001,80.5,forecast_24h,alk
2025-04-21,0.0,0.0,0.01,0.6500000000000001,79.5,forecast_24h,alk
2025-04-22,0.16,0.15999999999999995,0.17,0.5900000000000002,81.5,forecast_24h,alk
2025-04-23,0.62,0.7799999999999999,0.79,0.7900000000000001,80.5,forecast_24h,alk
2025-04-24,0.0,0.7799999999999999,0.79,0.7900000000000001,81.5,forecast_24h,alk
2025-04-25,0.0,0.6199999999999999,0.78,0.7900000000000001,81.0,forecast_24h,alk
2025-04-26,0.0,0.0,0.78,0.7900000000000001,80.0,forecast_24h,alk
2025-04-27,0.0,0.0,0.78,0.7900000000000001,78.5,forecast_24h,alk
2025-04-28,0.0,0.0,0.78,0.7900000000000001,80.9,forecast_24h,alk
2025-04-29,0.04,0.03999999999999989,0.66,0.8300000000000002,78.5,forecast_24h,alk
2025-04-30,0.0,0.03999999999999989,0.04,0.8300000000000002,80.0,forecast_24h,alk
2025-05-01,0.0,0.03999999999999989,0.04,0.8300000000000002,78.8,forecast_24h,alk
2025-05-02,0.0,0.0,0.04,0.8200000000000002,79.0,forecast_24h,alk
2025-05-03,0.0,0.0,0.04,0.8200000000000002,79.0,forecast_24h,alk
2025-05-04,0.0,0.0,0.04,0.8200000000000002,78.0,forecast_24h,alk
2025-05-05,0.16,0.1599999999999999,0.2,0.9800000000000002,78.25,forecast_24h,alk
2025-05-06,0.19,0.34999999999999987,0.35,1.0100000000000002,76.0,forecast_24h,alk
2025-05-07,0.0,0.34999999999999987,0.35,0.3900000000000001,77.4,forecast_24h,alk
2025-05-08,0.0,0.1899999999999999,0.35,0.3900000000000001,74.5,forecast_24h,alk
2025-05-09,0.0,0.0,0.35,0.3900000000000001,73.5,forecast_24h,alk
2025-05-10,0.0,0.0,0.35,0.3900000000000001,71.0,forecast_24h,alk
2025-05-11,1.52,1.52,1.87,1.9100000000000001,67.1,forecast_24h,alk
2025-05-12,0.08,1.6,1.7900000000000003,1.9900000000000002,65.0,forecast_24h,alk
2025-05-13,0.0,1.6,1.6,1.9500000000000002,64.6,forecast_24h,alk
2025-05-14,0.0,0.08,1.6,1.9500000000000002,62.2,forecast_24h,alk
2025-05-15,0.0,0.0,1.6,1.9500000000000002,63.5,forecast_24h,alk
2025-05-16,0.0,0.0,1.6,1.9500000000000002,60.0,forecast_24h,alk
2025-05-17,0.0,0.0,1.6,1.9500000000000002,58.0,forecast_24h,alk
2025-05-18,0.0,0.0,0.08,1.9500000000000002,55.8,forecast_24h,alk
2025-05-19,0.0,0.0,0.0,1.7900000000000003,55.0,forecast_24h,alk
2025-05-20,0.0,0.0,0.0,1.6,53.5,forecast_24h,alk
2025-05-21,0.0,0.0,0.0,1.6,53.0,forecast_24h,alk
2025-05-22,0.0,0.0,0.0,1.6,51.1,forecast_24h,alk
2025-05-23,0.0,0.0,0.0,1.6,48.2,forecast_24h,alk
2025-05-24,0.0,0.0,0.0,1.6,49.0,forecast_24h,alk
2025-05-25,0.0,0.0,0.0,0.08,47.0,forecast_24h,alk
2025-05-26,0.0,0.0,0.0,0.0,40.5,forecast_24h,alk
2025-05-27,0.0,0.0,0.0,0.0,43.9,forecast_24h,alk
2025-05-28,0.0,0.0,0.0,0.0,46.0,forecast_24h,alk
2025-05-29,0.27,0.27,0.27,0.27,45.5,forecast_24h,alk
2025-05-30,0.44,0.71,0.71,0.71,43.5,forecast_24h,alk
2025-05-31,0.12,0.8300000000000001,0.8300000000000001,0.8300000000000001,42.5,forecast_24h,alk
2025-06-01,0.04,0.6,0.87,0.87,42.9,forecast_24h,alk
2025-06-02,0.26,0.42,1.13,1.13,42.0,forecast_24h,alk
2025-06-03,0.0,0.3,1.13,1.13,41.0,forecast_24h,alk
2025-06-04,0.0,0.26,1.13,1.13,41.0,forecast_24h,alk
2025-06-05,0.0,0.0,0.86,1.13,39.1,forecast_24h,alk
2025-06-06,0.0,0.0,0.42,1.13,40.5,forecast_24h,alk
2025-06-07,1.05,1.05,1.35,2.18,41.5,forecast_24h,alk
2025-06-08,0.16,1.21,1.47,2.3400000000000003,44.5,forecast_24h,alk
2025-06-09,0.0,1.21,1.21,2.3400000000000003,43.6,forecast_24h,alk
2025-06-10,0.14,0.30000000000000004,1.35,2.48,41.8,forecast_24h,alk
2025-06-11,0.02,0.16,1.37,2.5,42.6,forecast_24h,alk
2025-06-12,0.0,0.16,1.37,2.23,41.5,forecast_24h,alk
2025-06-13,0.0,0.02,1.37,1.7900000000000003,41.1,forecast_24h,alk
2025-06-14,0.0,0.0,0.32,1.6700000000000002,40.0,forecast_24h,alk
2025-06-15,0.0,0.0,0.16,1.6300000000000001,43.0,forecast_24h,alk
2025-06-16,0.0,0.0,0.16,1.37,40.5,forecast_24h,alk
2025-06-17,0.0,0.0,0.02,1.37,40.5,forecast_24h,alk
2025-06-18,0.01,0.01,0.01,1.3800000000000001,41.1,forecast_24h,alk
2025-06-19,0.0,0.01,0.01,1.3800000000000003,42.1,forecast_24h,alk
2025-06-20,0.0,0.01,0.01,1.3800000000000003,40.5,forecast_24h,alk
2025-06-21,0.06,0.06,0.06999999999999999,0.39,40.5,forecast_24h,alk
2025-06-22,0.04,0.1,0.11,0.27,41.5,forecast_24h,alk
2025-06-23,0.0,0.1,0.11,0.27,42.0,forecast_24h,alk
2025-06-24,0.0,0.04,0.11,0.13,41.0,forecast_24h,alk
2025-06-25,0.0,0.0,0.1,0.10999999999999999,42.0,forecast_24h,alk
2025-06-26,0.0,0.0,0.1,0.10999999999999999,41.0,forecast_24h,alk
2025-06-27,0.0,0.0,0.1,0.10999999999999999,41.0,forecast_24h,alk
2025-06-28,0.0,0.0,0.04,0.10999999999999999,40.5,forecast_24h,alk
2025-06-29,0.19,0.19,0.19,0.3,40.0,forecast_24h,alk
2025-06-30,0.0,0.19,0.19,0.3,41.1,forecast_24h,alk
2025-07-01,0.06,0.25,0.25,0.36,41.5,forecast_24h,alk
2025-07-02,0.0,0.06,0.25,0.35,41.0,forecast_24h,alk
2025-07-03,0.0,0.06,0.25,0.35,42.6,forecast_24h,alk
2025-07-04,0.0,0.0,0.25,0.35,42.2,forecast_24h,alk
2025-07-05,0.0,0.0,0.25,0.29,43.2,forecast_24h,alk
2025-07-06,0.0,0.0,0.06,0.25,44.8,forecast_24h,alk
2025-07-07,0.0,0.0,0.06,0.25,44.15,forecast_24h,alk
2025-07-08,0.04,0.04,0.04,0.29,44.5,forecast_24h,alk
2025-07-09,0.74,0.78,0.78,1.03,46.0,forecast_24h,alk
2025-07-10,0.02,0.8,0.8,1.05,47.0,forecast_24h,alk
2025-07-11,0.0,0.76,0.8,1.05,48.0,forecast_24h,alk
2025-07-12,0.0,0.02,0.8,1.05,48.0,forecast_24h,alk
2025-07-13,0.0,0.0,0.8,0.8600000000000001,53.0,forecast_24h,alk
2025-07-14,0.0,0.0,0.8,0.8600000000000001,54.5,forecast_24h,alk
2025-07-15,0.0,0.0,0.76,0.8,55.0,forecast_24h,alk
2025-07-16,0.09,0.09,0.11,0.89,57.5,forecast_24h,alk
2025-07-17,0.0,0.09,0.09,0.89,55.2,forecast_24h,alk
2025-07-18,0.0,0.09,0.09,0.89,56.3,forecast_24h,alk
2025-07-19,0.0,0.0,0.09,0.89,56.8,forecast_24h,alk
2025-07-20,0.09,0.09,0.18,0.98,56.0,forecast_24h,alk
2025-07-21,0.0,0.09,0.18,0.98,57.0,forecast_24h,alk
2025-07-22,0.24,0.32999999999999996,0.42,1.18,58.0,forecast_24h,alk
2025-07-23,0.0,0.24,0.32999999999999996,0.44,55.5,forecast_24h,alk
2025-07-24,0.0,0.24,0.32999999999999996,0.42,58.5,forecast_24h,alk
2025-07-25,0.0,0.0,0.32999999999999996,0.42,57.5,forecast_24h,alk
2025-07-26,0.0,0.0,0.32999999999999996,0.42,59.0,forecast_24h,alk
2025-07-27,0.2,0.2,0.44,0.62,59.0,forecast_24h,alk
2025-07-28,0.0,0.2,0.44,0.62,60.8,forecast_24h,alk
2025-07-29,0.0,0.2,0.2,0.62,60.4,forecast_24h,alk
2025-07-30,0.09,0.09,0.29000000000000004,0.62,60.5,forecast_24h,alk
2025-07-31,0.0,0.09,0.29000000000000004,0.62,62.0,forecast_24h,alk
2025-08-01,0.0,0.09,0.29000000000000004,0.62,63.5,forecast_24h,alk
2025-08-02,0.0,0.0,0.29000000000000004,0.62,64.5,forecast_24h,alk
2025-08-03,0.03,0.03,0.12,0.56,63.0,forecast_24h,alk
2025-08-04,0.03,0.06,0.15,0.5900000000000001,61.75,forecast_24h,alk
2025-08-05,0.04,0.1,0.19,0.39,61.4,forecast_24h,alk
2025-08-06,0.05,0.12,0.15,0.44,67.5,forecast_24h,alk
2025-08-07,0.2,0.29000000000000004,0.35,0.64,65.0,forecast_24h,alk
2025-08-08,0.0,0.25,0.35,0.64,63.5,forecast_24h,alk
2025-08-09,0.0,0.2,0.35,0.64,64.0,forecast_24h,alk
2025-08-10,0.0,0.0,0.31999999999999995,0.44,65.0,forecast_24h,alk
2025-08-11,0.0,0.0,0.29000000000000004,0.44,64.0,forecast_24h,alk
2025-08-12,0.0,0.0,0.25,0.44,63.0,forecast_24h,alk
2025-08-13,0.0,0.0,0.2,0.35,64.5,forecast_24h,alk
2025-08-14,0.0,0.0,0.0,0.35,65.5,forecast_24h,alk
2025-08-15,0.0,0.0,0.0,0.35,63.8,forecast_24h,alk
2025-08-16,0.0,0.0,0.0,0.35,63.1,forecast_24h,alk
2025-08-17,0.0,0.0,0.0,0.32,64.5,forecast_24h,alk
2025-08-18,0.0,0.0,0.0,0.29000000000000004,65.5,forecast_24h,alk
2025-08-19,0.0,0.0,0.0,0.25,64.5,forecast_24h,alk
2025-08-20,0.0,0.0,0.0,0.2,65.0,forecast_24h,alk
2025-08-21,0.88,0.88,0.88,0.88,66.0,forecast_24h,alk
2025-08-22,0.0,0.88,0.88,0.88,66.0,forecast_24h,alk
2025-08-23,0.0,0.88,0.88,0.88,67.5,forecast_24h,alk
2025-08-24,0.0,0.0,0.88,0.88,65.4,forecast_24h,alk
2025-08-25,0.0,0.0,0.88,0.88,63.4,forecast_24h,alk
2025-08-26,0.0,0.0,0.88,0.88,63.1,forecast_24h,alk
2025-08-27,0.19,0.19,1.07,1.07,62.0,forecast_24h,alk
2025-08-28,0.05,0.24,0.24,1.12,58.0,forecast_24h,alk
2025-08-29,0.28,0.52,0.52,1.4,59.5,forecast_24h,alk
2025-08-30,1.03,1.36,1.55,2.43,60.0,forecast_24h,alk
2025-08-31,0.14,1.4500000000000002,1.69,2.5700000000000003,60.0,forecast_24h,alk
2025-09-01,0.04,1.21,1.73,2.6100000000000003,59.0,forecast_24h,alk
2025-09-02,0.0,0.18000000000000002,1.73,2.6100000000000003,59.0,forecast_24h,alk
2025-09-03,0.22,0.26,1.7600000000000002,2.83,57.5,forecast_24h,alk
2025-09-04,0.02,0.24,1.73,1.9700000000000002,59.0,forecast_24h,alk
2025-09-05,0.0,0.24,1.45,1.9700000000000002,59.0,forecast_24h,alk
2025-09-06,0.0,0.02,0.42000000000000004,1.9700000000000002,60.5,forecast_24h,alk
2025-09-07,0.0,0.0,0.28,1.9700000000000002,61.5,forecast_24h,alk
2025-09-08,0.0,0.0,0.24,1.9700000000000002,62.0,forecast_24h,alk
2025-09-09,0.0,0.0,0.24,1.9700000000000002,63.0,forecast_24h,alk
2025-09-10,0.02,0.02,0.04,1.8,63.0,forecast_24h,alk
2025-09-11,0.0,0.02,0.02,1.75,62.9,forecast_24h,alk
2025-09-12,0.0,0.02,0.02,1.4700000000000002,67.0,forecast_24h,alk
2025-09-13,0.0,0.0,0.02,0.44,64.0,forecast_24h,alk
2025-09-14,0.0,0.0,0.02,0.3,64.0,forecast_24h,alk
2025-09-15,0.0,0.0,0.02,0.26,62.0,forecast_24h,alk
2025-09-16,0.0,0.0,0.02,0.26,61.0,forecast_24h,alk
2025-09-17,0.17,0.17,0.17,0.21000000000000002,63.5,forecast_24h,alk
2025-09-18,0.13,0.30000000000000004,0.30000000000000004,0.32000000000000006,61.5,forecast_24h,alk
2025-09-19,0.0,0.30000000000000004,0.30000000000000004,0.32000000000000006,59.5,forecast_24h,alk
2025-09-20,0.0,0.13,0.30000000000000004,0.32000000000000006,60.5,forecast_24h,alk
2025-09-21,0.23,0.23,0.53,0.55,58.8,forecast_24h,alk
2025-09-22,0.14,0.37,0.67,0.6900000000000001,55.8,forecast_24h,alk
2025-09-23,0.0,0.37,0.67,0.6900000000000001,56.0,forecast_24h,alk
2025-09-24,0.0,0.14,0.5,0.67,56.0,forecast_24h,alk
2025-09-25,0.0,0.0,0.37,0.67,58.5,forecast_24h,alk
2025-09-26,0.0,0.0,0.37,0.67,57.0,forecast_24h,alk
2025-09-27,0.62,0.62,0.99,1.29,56.0,forecast_24h,alk
2025-09-28,0.58,1.2,1.3399999999999999,1.87,59.0,forecast_24h,alk
2025-09-29,0.0,1.2,1.1999999999999997,1.87,59.0,forecast_24h,alk
2025-09-30,0.0,0.58,1.1999999999999997,1.87,58.9,forecast_24h,alk
2025-10-01,0.0,0.0,1.1999999999999997,1.7000000000000002,59.4,forecast_24h,alk
2025-10-02,0.0,0.0,1.1999999999999997,1.5699999999999998,60.5,forecast_24h,alk
2025-10-03,0.0,0.0,1.1999999999999997,1.5699999999999998,61.5,forecast_24h,alk
2025-10-04,0.0,0.0,0.58,1.5699999999999998,62.0,forecast_24h,alk
2025-10-05,0.0,0.0,0.0,1.3399999999999999,61.0,forecast_24h,alk
2025-10-06,0.0,0.0,0.0,1.1999999999999997,59.75,forecast_24h,alk
2025-10-07,0.0,0.0,0.0,1.1999999999999997,61.0,forecast_24h,alk
2025-10-08,0.0,0.0,0.0,1.1999999999999997,63.5,forecast_24h,alk
2025-10-09,0.0,0.0,0.0,1.1999999999999997,62.5,forecast_24h,alk
2025-10-10,0.11,0.11,0.11,1.3099999999999998,60.7,forecast_24h,alk
2025-10-11,0.02,0.13,0.13,0.71,61.5,forecast_24h,alk
2025-10-12,0.0,0.13,0.13,0.13,62.5,forecast_24h,alk
2025-10-13,0.0,0.02,0.13,0.13,63.0,forecast_24h,alk
2025-10-14,0.0,0.0,0.13,0.13,62.0,forecast_24h,alk
2025-10-15,0.0,0.0,0.13,0.13,61.0,forecast_24h,alk
2025-10-16,0.0,0.0,0.13,0.13,60.4,forecast_24h,alk
2025-10-17,0.0,0.0,0.02,0.13,57.5,forecast_24h,alk
2025-10-18,0.0,0.0,0.0,0.13,58.0,forecast_24h,alk
2025-10-19,0.0,0.0,0.0,0.13,61.0,forecast_24h,alk
2025-10-20,0.0,0.0,0.0,0.13,58.5,forecast_24h,alk
2025-10-21,0.0,0.0,0.0,0.13,59.0,forecast_24h,alk
2025-10-22,0.0,0.0,0.0,0.13,55.0,forecast_24h,alk
2025-10-23,0.0,0.0,0.0,0.13,60.7,forecast_24h,alk
2025-10-24,0.0,0.0,0.0,0.02,60.9,forecast_24h,alk
2025-10-25,0.0,0.0,0.0,0.0,60.0,forecast_24h,alk
2025-10-26,0.0,0.0,0.0,0.0,61.5,forecast_24h,alk
2025-10-27,0.0,0.0,0.0,0.0,60.0,forecast_24h,alk
2025-10-28,0.0,0.0,0.0,0.0,60.0,forecast_24h,alk
2025-10-29,0.0,0.0,0.0,0.0,58.5,forecast_24h,alk
2025-10-30,0.0,0.0,0.0,0.0,55.0,forecast_24h,alk
2025-10-31,0.0,0.0,0.0,0.0,54.5,forecast_24h,alk
2025-11-01,0.13,0.13,0.13,0.13,55.0,forecast_24h,alk
2025-11-02,0.0,0.13,0.13,0.13,56.0,forecast_24h,alk
2025-11-03,0.0,0.13,0.13,0.13,62.0,forecast_24h,alk
2025-11-04,0.0,0.0,0.13,0.13,59.4,forecast_24h,alk
2025-11-05,0.0,0.0,0.13,0.13,51.0,forecast_24h,alk
2025-11-06,0.0,0.0,0.13,0.13,57.5,forecast_24h,alk
2025-11-07,0.0,0.0,0.13,0.13,61.0,forecast_24h,alk
2025-11-08,0.0,0.0,0.0,0.13,59.5,forecast_24h,alk
2025-11-09,0.0,0.0,0.0,0.13,60.5,forecast_24h,alk
2025-11-10,0.0,0.0,0.0,0.13,59.0,forecast_24h,alk
2025-11-11,0.0,0.0,0.0,0.13,58.0,forecast_24h,alk
2025-11-12,0.0,0.0,0.0,0.13,60.5,forecast_24h,alk
2025-11-13,0.0,0.0,0.0,0.13,58.5,forecast_24h,alk
2025-11-14,0.0,0.0,0.0,0.13,59.5,forecast_24h,alk
2025-11-15,0.0,0.0,0.0,0.0,58.0,forecast_24h,alk
2025-11-16,0.0,0.0,0.0,0.0,60.5,forecast_24h,alk
2025-11-17,0.0,0.0,0.0,0.0,58.5,forecast_24h,alk
2025-11-18,0.0,0.0,0.0,0.0,64.0,forecast_24h,alk
2025-11-19,0.0,0.0,0.0,0.0,64.9,forecast_24h,alk
2025-11-20,0.0,0.0,0.0,0.0,64.5,forecast_24h,alk
2025-11-21,0.02,0.02,0.02,0.02,65.5,forecast_24h,alk
2025-11-22,0.0,0.02,0.02,0.02,65.0,forecast_24h,alk
2025-11-23,0.0,0.02,0.02,0.02,65.0,forecast_24h,alk
2025-11-24,0.0,0.0,0.02,0.02,64.0,forecast_24h,alk
2025-12-10,0.0,0.44,0.6799999999999999,0.6799999999999999,69.5,forecast_24h,alk
2025-12-11,0.0,0.0,0.6799999999999999,0.6799999999999999,68.0,forecast_24h,alk
2025-12-12,0.0,0.0,0.6799999999999999,0.6799999999999999,67.0,forecast_24h,alk
2025-12-13,0.0,0.0,0.6799999999999999,0.6799999999999999,71.0,forecast_24h,alk
2025-12-14,0.0,0.0,0.44,0.6799999999999999,68.5,forecast_24h,alk
2025-12-15,0.0,0.0,0.0,0.6799999999999999,69.0,forecast_24h,alk
2025-12-16,0.0,0.0,0.0,0.6799999999999999,70.5,forecast_24h,alk
2025-12-17,0.0,0.0,0.0,0.6799999999999999,68.0,forecast_24h,alk
2026-03-31,0.0,0.0,0.0,0.43000000000000005,60.5,forecast_24h,alk
2026-04-01,0.0,0.0,0.0,0.43000000000000005,60.6,forecast_24h,alk
2026-04-02,0.0,0.0,0.0,0.09,61.0,forecast_24h,alk
2026-04-03,0.0,0.0,0.0,0.0,61.0,forecast_24h,alk
2026-04-04,0.0,0.0,0.0,0.0,62.0,forecast_24h,alk
2026-04-05,0.0,0.0,0.0,0.0,61.0,forecast_24h,alk
2026-04-06,0.02,0.02,0.02,0.02,63.5,forecast_24h,alk
2026-04-07,0.0,0.02,0.02,0.02,62.0,forecast_24h,alk
2026-04-08,0.0,0.02,0.02,0.02,63.0,forecast_24h,alk
2026-04-09,0.0,0.0,0.02,0.02,63.6,forecast_24h,alk
2026-04-10,0.0,0.0,0.02,0.02,67.1,forecast_24h,alk
2026-04-11,0.0,0.0,0.02,0.02,66.4,forecast_24h,alk
2026-04-12,0.0,0.0,0.02,0.02,67.0,forecast_24h,alk
2026-04-13,0.0,0.0,0.0,0.02,68.5,forecast_24h,alk
2026-04-14,0.0,0.0,0.0,0.02,73.2,forecast_24h,alk
2026-04-15,0.0,0.0,0.0,0.02,71.4,forecast_24h,alk
2026-04-16,0.0,0.0,0.0,0.02,71.1,forecast_24h,alk
2026-04-17,0.0,0.0,0.0,0.02,70.0,forecast_24h,alk
2026-04-18,0.0,0.0,0.0,0.02,69.0,forecast_24h,alk
2026-04-19,0.0,0.0,0.0,0.02,69.7,forecast_24h,alk
2026-04-20,0.0,0.0,0.0,0.0,69.6,forecast_24h,alk
2026-04-21,0.0,0.0,0.0,0.0,69.5,forecast_24h,alk
2026-04-22,0.36,0.36,0.36,0.36,70.5,forecast_24h,alk
2026-04-23,0.0,0.36,0.36,0.36,70.4,forecast_24h,alk
2026-04-24,0.0,0.36,0.36,0.36,71.9,forecast_24h,alk
2026-04-25,0.0,0.0,0.36,0.36,70.4,forecast_24h,alk
2026-04-26,0.0,0.0,0.36,0.36,70.9,forecast_24h,alk
2026-04-27,0.0,0.0,0.36,0.36,67.0,forecast_24h,alk
2026-04-28,0.0,0.0,0.36,0.36,67.0,forecast_24h,alk
2026-04-29,0.0,0.0,0.0,0.36,67.8,forecast_24h,alk
2026-04-30,0.0,0.0,0.0,0.36,67.2,forecast_24h,alk
2026-05-01,0.23,0.23,0.23,0.59,70.0,forecast_24h,alk
2026-05-02,0.07,0.30000000000000004,0.30000000000000004,0.66,70.0,forecast_24h,alk
2026-05-03,0.02,0.32,0.32,0.68,65.5,forecast_24h,alk
2026-05-04,0.15,0.24,0.47,0.83,68.75,forecast_24h,alk
2026-05-05,0.12,0.29,0.59,0.95,69.0,forecast_24h,alk
2026-05-06,0.0,0.26999999999999996,0.59,0.59,68.3,forecast_24h,alk
2026-05-07,0.0,0.12,0.59,0.59,68.5,forecast_24h,alk
2026-05-08,0.0,0.0,0.36,0.59,68.5,forecast_24h,alk
2026-05-09,0.19,0.19,0.48,0.78,67.5,forecast_24h,alk
2026-05-10,0.84,1.03,1.3,1.62,66.5,forecast_24h,alk
2026-05-11,0.16,1.19,1.31,1.78,66.0,forecast_24h,alk
2026-05-12,0.0,1.0,1.19,1.78,63.0,forecast_24h,alk
2026-05-13,0.0,0.1599999999999999,1.19,1.78,66.0,forecast_24h,alk
2026-05-14,0.02,0.01999999999999989,1.21,1.8,63.0,forecast_24h,alk
2026-05-15,0.0,0.01999999999999989,1.21,1.57,61.0,forecast_24h,alk
2026-05-16,0.0,0.01999999999999989,1.02,1.5,61.5,forecast_24h,alk
2026-05-17,0.0,0.0,0.18,1.48,66.2,forecast_24h,alk
2026-05-18,0.0,0.0,0.02,1.33,67.8,forecast_24h,alk
2026-05-19,0.0,0.0,0.02,1.21,65.8,forecast_24h,alk
2026-05-20,0.0,0.0,0.02,1.21,64.4,forecast_24h,alk
2026-05-21,0.0,0.0,0.0,1.21,67.5,forecast_24h,alk
2026-05-22,0.09,0.08999999999999989,0.09,1.2999999999999998,64.2,forecast_24h,alk
2026-05-23,0.54,0.6299999999999999,0.63,1.65,65.2,forecast_24h,alk
2026-05-24,0.21,0.8399999999999999,0.84,1.02,65.4,forecast_24h,alk
2026-05-25,0.39,1.14,1.23,1.25,62.5,forecast_24h,alk
2026-05-26,0.0,0.5999999999999999,1.23,1.25,62.0,forecast_24h,alk
2026-05-27,0.07,0.4599999999999999,1.3,1.32,62.0,forecast_24h,alk
2026-05-28,0.0,0.0699999999999999,1.3,1.3,59.5,forecast_24h,alk
2026-05-29,0.0,0.0699999999999999,1.21,1.3,59.9,forecast_24h,alk
2026-05-30,0.05,0.04999999999999989,0.72,1.35,59.1,forecast_24h,alk
2026-05-31,0.02,0.0699999999999999,0.53,1.3699999999999999,57.8,forecast_24h,alk
2026-06-01,0.0,0.0699999999999999,0.14,1.3699999999999999,60.25,forecast_24h,alk
2026-06-02,0.06,0.07999999999999989,0.2,1.43,59.5,forecast_24h,alk
2026-06-03,0.0,0.05999999999999989,0.13,1.43,59.8,forecast_24h,alk
2026-06-04,0.0,0.05999999999999989,0.13,1.43,59.4,forecast_24h,alk
2026-06-05,0.0,0.0,0.13,1.34,63.0,forecast_24h,alk
2026-06-06,0.04,0.03999999999999989,0.12,0.84,63.5,forecast_24h,alk
2026-06-07,0.0,0.03999999999999989,0.1,0.63,61.4,forecast_24h,alk
2026-06-08,0.0,0.03999999999999989,0.1,0.24000000000000002,61.6,forecast_24h,alk
2026-06-09,0.0,0.0,0.04,0.24000000000000002,62.0,forecast_24h,alk
2026-06-10,0.0,0.0,0.04,0.17,63.0,forecast_24h,alk
2026-06-11,0.0,0.0,0.04,0.17,62.5,forecast_24h,alk
2026-06-12,0.0,0.0,0.04,0.17,62.5,forecast_24h,alk
2026-06-13,0.0,0.0,0.0,0.12,63.6,forecast_24h,alk
2026-06-14,0.0,0.0,0.0,0.1,64.0,forecast_24h,alk
2026-06-15,0.0,0.0,0.0,0.1,67.0,forecast_24h,alk
2026-06-16,0.0,0.0,0.0,0.04,66.1,forecast_24h,alk
2026-06-17,0.0,0.0,0.0,0.04,65.5,forecast_24h,alk
2026-06-18,0.0,0.0,0.0,0.04,67.5,forecast_24h,alk
2026-06-19,0.04,0.03999999999999989,0.04,0.08,63.5,forecast_24h,alk
2026-06-20,0.0,0.03999999999999989,0.04,0.04,66.0,forecast_24h,alk
2026-06-21,0.0,0.03999999999999989,0.04,0.04,68.8,forecast_24h,alk
2026-06-22,0.0,0.0,0.04,0.04,68.8,forecast_24h,alk
2026-06-23,0.0,0.0,0.04,0.04,69.0,forecast_24h,alk
2026-06-24,0.0,0.0,0.04,0.04,75.5,forecast_24h,alk
2026-06-25,0.0,0.0,0.04,0.04,70.5,forecast_24h,alk
2026-06-26,0.0,0.0,0.0,0.04,68.2,forecast_24h,alk
2026-06-27,0.0,0.0,0.0,0.04,67.4,forecast_24h,alk
2026-06-28,0.0,0.0,0.0,0.04,57.5,forecast_24h,alk
2026-06-29,0.35,0.34999999999999987,0.35,0.38999999999999996,52.5,forecast_24h,alk
2026-06-30,0.0,0.34999999999999987,0.35,0.38999999999999996,56.0,forecast_24h,alk
2026-07-01,0.09,0.43999999999999984,0.43999999999999995,0.48,55.8,forecast_24h,alk
2026-07-02,0.0,0.08999999999999989,0.43999999999999995,0.48,57.3,forecast_24h,alk
2026-07-03,0.0,0.08999999999999989,0.43999999999999995,0.43999999999999995,59.5,forecast_24h,alk
2026-07-04,0.0,0.0,0.43999999999999995,0.43999999999999995,64.0,forecast_24h,alk
2026-07-05,0.0,0.0,0.43999999999999995,0.43999999999999995,63.0,forecast_24h,alk
2026-07-06,0.0,0.0,0.09,0.43999999999999995,69.25,forecast_24h,alk
2026-07-07,0.0,0.0,0.09,0.43999999999999995,66.0,forecast_24h,alk
2026-07-08,0.0,0.0,0.0,0.43999999999999995,69.0,forecast_24h,alk
2026-07-09,0.0,0.0,0.0,0.43999999999999995,67.0,forecast_24h,alk
2026-07-10,0.0,0.0,0.0,0.43999999999999995,67.6,forecast_24h,alk
2026-07-11,0.0,0.0,0.0,0.43999999999999995,67.2,forecast_24h,alk
2026-07-12,0.08,0.07999999999999989,0.08,0.52,64.5,forecast_24h,alk
2026-07-13,0.06,0.1399999999999999,0.14,0.22999999999999998,61.5,forecast_24h,alk
2026-07-14,0.0,0.1399999999999999,0.14,0.22999999999999998,66.5,forecast_24h,alk
2026-07-15,0.0,0.05999999999999989,0.14,0.14,64.0,forecast_24h,alk
2026-07-16,0.0,0.0,0.14,0.14,60.5,forecast_24h,alk
2026-07-17,0.0,0.0,0.14,0.14,63.0,forecast_24h,alk
2026-07-18,0.0,0.0,0.14,0.14,62.0,forecast_24h,alk
2026-07-19,0.0,0.0,0.06,0.14,63.3,forecast_24h,alk
2026-07-20,0.0,0.0,0.0,0.14,60.6,forecast_24h,alk
2026-07-21,0.08,0.07999999999999989,0.08,0.22,61.3,forecast_24h,alk
2026-07-22,0.0,0.07999999999999989,0.08,0.22,60.6,forecast_24h,alk
2026-07-23,0.0,0.07999999999999989,0.08,0.22,58.6,forecast_24h,alk
2026-07-24,0.0,0.0,0.08,0.22,59.0,forecast_24h,alk
2026-07-25,0.0,0.0,0.08,0.22,58.9,forecast_24h,alk
2026-07-26,0.0,0.0,0.08,0.14,57.2,forecast_24h,alk
2026-07-27,0.48,0.47999999999999987,0.5599999999999999,0.5599999999999999,58.5,forecast_24h,alk
2026-07-28,0.63,1.1099999999999999,1.11,1.19,59.1,forecast_24h,alk
2026-07-29,0.15,1.2599999999999998,1.26,1.34,56.3,forecast_24h,alk
2026-07-30,0.0,0.7799999999999999,1.26,1.34,57.6,forecast_24h,alk
2026-07-31,0.0,0.14999999999999988,1.26,1.34,59.8,forecast_24h,alk
2026-08-01,0.04,0.03999999999999989,1.3,1.3800000000000001,61.5,forecast_24h,alk
2026-08-02,0.0,0.03999999999999989,1.3,1.3800000000000001,58.5,forecast_24h,alk
2026-08-03,0.08,0.11999999999999988,0.9000000000000001,1.46,62.25,forecast_24h,alk
2026-08-04,0.0,0.07999999999999989,0.27000000000000013,1.38,57.0,forecast_24h,alk
2026-08-05,0.04,0.11999999999999991,0.16000000000000011,1.42,58.5,forecast_24h,alk
2026-08-06,0.0,0.03999999999999989,0.16000000000000011,1.42,61.5,forecast_24h,alk
2026-08-07,0.0,0.03999999999999989,0.16000000000000011,1.42,60.5,forecast_24h,alk
2026-08-08,0.0,0.0,0.1200000000000001,1.42,60.5,forecast_24h,alk
2026-08-09,0.04,0.03999999999999989,0.1600000000000001,1.46,58.0,forecast_24h,alk
2026-08-10,0.0,0.03999999999999989,0.08000000000000011,0.98,62.0,forecast_24h,alk
2026-08-11,0.0,0.03999999999999989,0.08000000000000011,0.3500000000000001,60.5,forecast_24h,alk
2026-08-12,0.0,0.0,0.04000000000000011,0.20000000000000012,59.0,forecast_24h,alk
2026-08-13,0.0,0.0,0.04000000000000011,0.20000000000000012,58.0,forecast_24h,alk
2026-08-14,0.0,0.0,0.04000000000000011,0.20000000000000012,58.5,forecast_24h,alk
2026-08-15,0.0,0.0,0.04000000000000011,0.1600000000000001,57.0,forecast_24h,alk
2026-08-16,0.0,0.0,0.0,0.1600000000000001,59.5,forecast_24h,alk
2026-08-17,0.35,0.34999999999999987,0.3500000000000001,0.43000000000000005,59.0,forecast_24h,alk
2026-08-18,0.56,0.9099999999999999,0.9100000000000001,0.9900000000000001,56.8,forecast_24h,alk
